comp,kickoff,home,away,fthg,ftag,neutral
uefa.champions,2015-07-01T18:00:00Z,B36 Torshavn,The New Saints,1.0,2.0,False
uefa.europa,2015-07-02T04:00:00Z,Stromsgodset,Partizani Tirana,3.0,1.0,False
uefa.europa,2015-07-02T12:00:00Z,Ordabasy Shymkent,Beitar Jerusalem,0.0,0.0,False
uefa.europa,2015-07-02T13:30:00Z,Shirak,Zrinjski Mostar,2.0,0.0,False
uefa.europa,2015-07-02T15:00:00Z,Alashkert FC,St Johnstone,1.0,0.0,False
uefa.europa,2015-07-02T15:00:00Z,FC Kruoja,Jagiellonia Bialystok,0.0,1.0,False
uefa.europa,2015-07-02T15:30:00Z,KF Laci,Inter Baku,1.0,1.0,False
uefa.europa,2015-07-02T16:00:00Z,Aktobe,Nomme Kalju,0.0,1.0,False
uefa.europa,2015-07-02T16:00:00Z,Dinamo Batumi,Omonia Nicosia,1.0,0.0,False
uefa.europa,2015-07-02T16:00:00Z,Dinamo Tbilisi,FK Qabala,2.0,1.0,False
uefa.europa,2015-07-02T16:00:00Z,FC Lahti,IF Elfsborg,2.0,2.0,False
uefa.europa,2015-07-02T16:00:00Z,FK Atlantas,Beroe Stara Zagora,0.0,2.0,False
uefa.europa,2015-07-02T16:00:00Z,FK Jelgava,PFC Litex Lovech,1.0,1.0,False
uefa.europa,2015-07-02T16:00:00Z,FK Kukesi,Torpedo Zhodino,2.0,0.0,False
uefa.europa,2015-07-02T16:00:00Z,Flora,FK Rabotnicki,1.0,0.0,False
uefa.europa,2015-07-02T16:00:00Z,Neftchi,Mladost Pogorica,2.0,2.0,False
uefa.europa,2015-07-02T16:00:00Z,Olimpik Sarajevo,FC Spartak Trnava,1.0,1.0,False
uefa.europa,2015-07-02T16:00:00Z,SJK,FH Hafnarfjordur,0.0,1.0,False
uefa.europa,2015-07-02T16:00:00Z,Skonto Riga,St Patrick's Athletic,2.0,1.0,False
uefa.europa,2015-07-02T16:00:00Z,UE Sant Julia,Randers FC,0.0,1.0,False
uefa.europa,2015-07-02T16:00:00Z,VPS Vaasa,AIK,2.0,2.0,False
uefa.europa,2015-07-02T16:30:00Z,Debrecen,FK Sutjeska,3.0,0.0,False
uefa.europa,2015-07-02T16:30:00Z,Sillamae Kalev,Hajduk Split,1.0,1.0,False
uefa.europa,2015-07-02T17:00:00Z,Brøndby IF,Juvenes/Dogana,9.0,0.0,False
uefa.europa,2015-07-02T17:00:00Z,FC Botosani,Spartaki Tskhinvali,1.0,1.0,False
uefa.europa,2015-07-02T17:00:00Z,FC Differdange 03,Bala Town,3.0,1.0,False
uefa.europa,2015-07-02T17:00:00Z,FC Saxan,Apollon Limassol,0.0,2.0,False
uefa.europa,2015-07-02T17:00:00Z,Sheriff Tiraspol,Odds BK,0.0,3.0,False
uefa.europa,2015-07-02T17:00:00Z,Trakai,HB Torshavn,3.0,0.0,False
uefa.europa,2015-07-02T17:30:00Z,Europa FC,Slovan Bratislava,0.0,6.0,False
uefa.europa,2015-07-02T17:45:00Z,Airbus UK,NK Lokomotiva,1.0,3.0,False
uefa.europa,2015-07-02T18:00:00Z,Go Ahead Eagles,Ferencvaros,1.0,1.0,False
uefa.europa,2015-07-02T18:00:00Z,NK Celje,Slask Wroclaw,0.0,1.0,False
uefa.europa,2015-07-02T18:00:00Z,NK Domzale,Cukaricki Belgrade,0.0,1.0,False
uefa.europa,2015-07-02T18:00:00Z,Víkingur,Rosenborg,0.0,2.0,False
uefa.europa,2015-07-02T18:15:00Z,Newtown,Valletta,2.0,1.0,False
uefa.europa,2015-07-02T18:30:00Z,Buducnost Podgorica,FK Spartaks Jurmala,1.0,3.0,False
uefa.europa,2015-07-02T18:30:00Z,Fiorita,FC Vaduz,0.0,5.0,False
uefa.europa,2015-07-02T18:30:00Z,MTK Budapest,Vojvodina,0.0,0.0,False
uefa.europa,2015-07-02T18:45:00Z,Birkirkara,Ulysses Yerevan,0.0,0.0,False
uefa.europa,2015-07-02T18:45:00Z,Cork,KR Reykjavik,1.0,1.0,False
uefa.europa,2015-07-02T18:45:00Z,Glenavon,Shakhter Soligorsk,1.0,2.0,False
uefa.europa,2015-07-02T18:45:00Z,Linfield,NSI Runavik,2.0,0.0,False
uefa.europa,2015-07-02T18:45:00Z,Red Star Belgrade,Kairat Almaty,0.0,2.0,False
uefa.europa,2015-07-02T18:45:00Z,UCD,F91 Dudelange,1.0,0.0,False
uefa.europa,2015-07-02T18:45:00Z,West Ham United,Lusitanos,3.0,0.0,False
uefa.europa,2015-07-02T19:00:00Z,Glentoran,MSK Zilina,1.0,4.0,False
uefa.europa,2015-07-02T19:05:00Z,KF Shkëndija,Aberdeen,1.0,1.0,False
uefa.europa,2015-07-02T19:15:00Z,Vikingur Reykjavik,FC Koper,0.0,1.0,False
uefa.champions,2015-07-07T16:00:00Z,FC Levadia Tallinn,Crusaders,1.0,1.0,False
uefa.champions,2015-07-07T18:00:00Z,Santa Coloma,Lincoln Red Imps,1.0,2.0,False
uefa.champions,2015-07-07T18:00:00Z,The New Saints,B36 Torshavn,4.0,1.0,False
uefa.champions,2015-07-07T18:30:00Z,SS Folgore Falciano,Pyunik,1.0,2.0,False
uefa.europa,2015-07-07T19:00:00Z,Shamrock Rovers,Progres Niederkorn,3.0,0.0,False
uefa.europa,2015-07-09T14:00:00Z,Kairat Almaty,Red Star Belgrade,2.0,1.0,False
uefa.europa,2015-07-09T15:00:00Z,FC Dacia,Renova,4.0,1.0,False
uefa.europa,2015-07-09T15:30:00Z,FK Sutjeska,Debrecen,2.0,0.0,False
uefa.europa,2015-07-09T16:00:00Z,F91 Dudelange,UCD,2.0,1.0,False
uefa.europa,2015-07-09T16:00:00Z,FK Qabala,Dinamo Tbilisi,2.0,0.0,False
uefa.europa,2015-07-09T16:00:00Z,FK Spartaks Jurmala,Buducnost Podgorica,0.0,0.0,False
uefa.europa,2015-07-09T16:00:00Z,IF Elfsborg,FC Lahti,5.0,0.0,False
uefa.europa,2015-07-09T16:00:00Z,Inter Baku,KF Laci,0.0,0.0,False
uefa.europa,2015-07-09T16:00:00Z,Nomme Kalju,Aktobe,0.0,0.0,False
uefa.europa,2015-07-09T16:00:00Z,Omonia Nicosia,Dinamo Batumi,2.0,0.0,False
uefa.europa,2015-07-09T16:00:00Z,Spartaki Tskhinvali,FC Botosani,1.0,3.0,False
uefa.europa,2015-07-09T16:00:00Z,Torpedo Zhodino,FK Kukesi,0.0,0.0,False
uefa.europa,2015-07-09T16:00:00Z,Ulysses Yerevan,Birkirkara,1.0,3.0,False
uefa.europa,2015-07-09T16:30:00Z,Shakhter Soligorsk,Glenavon,3.0,0.0,False
uefa.europa,2015-07-09T17:00:00Z,AIK,VPS Vaasa,4.0,0.0,False
uefa.europa,2015-07-09T17:00:00Z,Apollon Limassol,FC Saxan,2.0,0.0,False
uefa.europa,2015-07-09T17:00:00Z,Beitar Jerusalem,Ordabasy Shymkent,2.0,1.0,False
uefa.europa,2015-07-09T17:00:00Z,Beroe Stara Zagora,FK Atlantas,3.0,1.0,False
uefa.europa,2015-07-09T17:00:00Z,Hajduk Split,Sillamae Kalev,6.0,2.0,False
uefa.europa,2015-07-09T17:00:00Z,Odds BK,Sheriff Tiraspol,0.0,0.0,False
uefa.europa,2015-07-09T17:00:00Z,Rosenborg,Víkingur,0.0,0.0,False
uefa.europa,2015-07-09T17:00:00Z,Slovan Bratislava,Europa FC,3.0,0.0,False
uefa.europa,2015-07-09T17:05:00Z,Randers FC,UE Sant Julia,3.0,0.0,False
uefa.europa,2015-07-09T17:30:00Z,Lusitanos,West Ham United,0.0,1.0,False
uefa.europa,2015-07-09T17:30:00Z,MSK Zilina,Glentoran,3.0,0.0,False
uefa.europa,2015-07-09T17:30:00Z,NK Lokomotiva,Airbus UK,2.0,2.0,False
uefa.europa,2015-07-09T17:30:00Z,Zrinjski Mostar,Shirak,2.0,1.0,False
uefa.europa,2015-07-09T17:45:00Z,FC Vaduz,Fiorita,5.0,1.0,False
uefa.europa,2015-07-09T17:45:00Z,PFC Litex Lovech,FK Jelgava,2.0,2.0,False
uefa.europa,2015-07-09T18:00:00Z,Bala Town,FC Differdange 03,2.0,1.0,False
uefa.europa,2015-07-09T18:00:00Z,FK Rabotnicki,Flora,2.0,0.0,False
uefa.europa,2015-07-09T18:00:00Z,NSI Runavik,Linfield,4.0,3.0,False
uefa.europa,2015-07-09T18:00:00Z,Partizani Tirana,Stromsgodset,0.0,1.0,False
uefa.europa,2015-07-09T18:00:00Z,Slask Wroclaw,NK Celje,3.0,1.0,False
uefa.europa,2015-07-09T18:05:00Z,FC Spartak Trnava,Olimpik Sarajevo,0.0,0.0,False
uefa.europa,2015-07-09T18:30:00Z,Cukaricki Belgrade,NK Domzale,0.0,0.0,False
uefa.europa,2015-07-09T18:30:00Z,FC Koper,Vikingur Reykjavik,2.0,2.0,False
uefa.europa,2015-07-09T18:30:00Z,Ferencvaros,Go Ahead Eagles,4.0,1.0,False
uefa.europa,2015-07-09T18:30:00Z,Jagiellonia Bialystok,FC Kruoja,8.0,0.0,False
uefa.europa,2015-07-09T18:30:00Z,Juvenes/Dogana,Brøndby IF,0.0,2.0,False
uefa.europa,2015-07-09T18:30:00Z,Mladost Pogorica,Neftchi,1.0,1.0,False
uefa.europa,2015-07-09T18:30:00Z,Vojvodina,MTK Budapest,3.0,1.0,False
uefa.europa,2015-07-09T18:45:00Z,Aberdeen,KF Shkëndija,0.0,0.0,False
uefa.europa,2015-07-09T18:45:00Z,HB Torshavn,Trakai,1.0,4.0,False
uefa.europa,2015-07-09T18:45:00Z,St Johnstone,Alashkert FC,2.0,1.0,False
uefa.europa,2015-07-09T18:45:00Z,St Patrick's Athletic,Skonto Riga,0.0,2.0,False
uefa.europa,2015-07-09T18:45:00Z,Valletta,Newtown,1.0,2.0,False
uefa.europa,2015-07-09T19:15:00Z,FH Hafnarfjordur,SJK,1.0,0.0,False
uefa.europa,2015-07-09T19:15:00Z,KR Reykjavik,Cork,2.0,1.0,False
uefa.europa,2015-07-09T19:15:00Z,Zeljeznicar Sarajevo,Balzan FC,1.0,0.0,False
uefa.champions,2015-07-14T15:30:00Z,FK Ventspils,HJK Helsinki,1.0,3.0,False
uefa.champions,2015-07-14T17:00:00Z,Apoel Nicosia,Vardar,0.0,0.0,False
uefa.champions,2015-07-14T17:30:00Z,FC Midtjylland,Lincoln Red Imps,1.0,0.0,False
uefa.champions,2015-07-14T17:45:00Z,Ludogorets Razgrad,FC Milsami,0.0,1.0,False
uefa.champions,2015-07-14T18:00:00Z,Hibernians,Maccabi Tel-Aviv,2.0,1.0,False
uefa.champions,2015-07-14T18:00:00Z,Molde,Pyunik,5.0,0.0,False
uefa.champions,2015-07-14T18:00:00Z,Skenderbeu Korce,Crusaders,4.0,1.0,False
uefa.champions,2015-07-14T18:00:00Z,The New Saints,Fehérvár,0.0,1.0,False
uefa.champions,2015-07-14T18:30:00Z,AS Trencin,FCSB,0.0,2.0,False
uefa.champions,2015-07-14T18:30:00Z,NK Maribor,FC Astana,1.0,0.0,False
uefa.champions,2015-07-14T18:45:00Z,Partizan Belgrade,Dila Gori,1.0,0.0,False
uefa.champions,2015-07-14T19:00:00Z,FK Sarajevo,Lech Poznan,0.0,2.0,False
uefa.champions,2015-07-15T16:30:00Z,FK Qarabag,Rudar Pljevlja,0.0,0.0,False
uefa.champions,2015-07-15T17:00:00Z,Malmö FF,Zalgiris Vilnius,0.0,0.0,False
uefa.champions,2015-07-15T17:30:00Z,BATE Borisov,Dundalk,2.0,1.0,False
uefa.champions,2015-07-15T18:45:00Z,Celtic,Stjarnan,2.0,0.0,False
uefa.champions,2015-07-15T19:00:00Z,Dinamo Zagreb,CS Fola Esch,1.0,1.0,False
uefa.europa,2015-07-16T14:45:00Z,Kairat Almaty,Alashkert FC,3.0,0.0,False
uefa.europa,2015-07-16T15:30:00Z,FK Jelgava,FK Rabotnicki,1.0,0.0,False
uefa.europa,2015-07-16T16:00:00Z,FC Dacia,MSK Zilina,1.0,2.0,False
uefa.europa,2015-07-16T16:00:00Z,Randers FC,IF Elfsborg,0.0,0.0,False
uefa.europa,2015-07-16T16:00:00Z,Skonto Riga,Debrecen,2.0,2.0,False
uefa.europa,2015-07-16T16:30:00Z,Shakhter Soligorsk,Wolfsberger,0.0,1.0,False
uefa.europa,2015-07-16T17:00:00Z,AIK,Shirak,2.0,0.0,False
uefa.europa,2015-07-16T17:00:00Z,Apollon Limassol,Trakai,4.0,0.0,False
uefa.europa,2015-07-16T17:00:00Z,Beroe Stara Zagora,Brøndby IF,0.0,1.0,False
uefa.europa,2015-07-16T17:00:00Z,Cherno More,Dinamo Minsk,1.0,1.0,False
uefa.europa,2015-07-16T17:00:00Z,FC Koper,Hajduk Split,3.0,2.0,False
uefa.europa,2015-07-16T17:00:00Z,Hapoel Be'er,FC Thun,1.0,1.0,False
uefa.europa,2015-07-16T17:00:00Z,Mlada Boleslav,Stromsgodset,1.0,2.0,False
uefa.europa,2015-07-16T17:30:00Z,FK Kukesi,Mladost Pogorica,0.0,1.0,False
uefa.europa,2015-07-16T17:30:00Z,Royal Charleroi SC,Beitar Jerusalem,5.0,1.0,False
uefa.europa,2015-07-16T17:45:00Z,F.C. København,Newtown,2.0,0.0,False
uefa.europa,2015-07-16T17:45:00Z,FC Vaduz,Nomme Kalju,3.0,1.0,False
uefa.europa,2015-07-16T18:00:00Z,NK Lokomotiva,PAOK,2.0,1.0,False
uefa.europa,2015-07-16T18:00:00Z,Trabzonspor,FC Differdange 03,1.0,0.0,False
uefa.europa,2015-07-16T18:05:00Z,FC Spartak Trnava,Linfield,2.0,1.0,False
uefa.europa,2015-07-16T18:15:00Z,Slovan Bratislava,UCD,1.0,0.0,False
uefa.europa,2015-07-16T18:30:00Z,Cukaricki Belgrade,FK Qabala,1.0,0.0,False
uefa.europa,2015-07-16T18:30:00Z,Ferencvaros,Zeljeznicar Sarajevo,0.0,1.0,False
uefa.europa,2015-07-16T18:30:00Z,Jagiellonia Bialystok,Omonia Nicosia,0.0,0.0,False
uefa.europa,2015-07-16T18:30:00Z,Slask Wroclaw,IFK Göteborg,0.0,0.0,False
uefa.europa,2015-07-16T18:30:00Z,Vojvodina,FK Spartaks Jurmala,3.0,0.0,False
uefa.europa,2015-07-16T18:45:00Z,Inverness Caledonian Thistle,FK Astra Giurgiu,0.0,1.0,False
uefa.europa,2015-07-16T18:45:00Z,West Ham United,Birkirkara,1.0,0.0,False
uefa.europa,2015-07-16T19:00:00Z,Legia Warsaw,FC Botosani,1.0,0.0,False
uefa.europa,2015-07-16T19:00:00Z,Rijeka,Aberdeen,0.0,3.0,False
uefa.europa,2015-07-16T19:00:00Z,Shamrock Rovers,Odds BK,0.0,2.0,False
uefa.europa,2015-07-16T19:15:00Z,FH Hafnarfjordur,Inter Baku,1.0,2.0,False
uefa.europa,2015-07-16T19:15:00Z,KR Reykjavik,Rosenborg,0.0,1.0,False
uefa.champions,2015-07-21T12:30:00Z,Dila Gori,Partizan Belgrade,0.0,2.0,False
uefa.champions,2015-07-21T14:00:00Z,Pyunik,Molde,1.0,0.0,False
uefa.champions,2015-07-21T15:00:00Z,FC Milsami,Ludogorets Razgrad,2.0,1.0,False
uefa.europa,2015-07-21T15:55:00Z,IF Elfsborg,Randers FC,1.0,0.0,False
uefa.champions,2015-07-21T16:00:00Z,HJK Helsinki,FK Ventspils,1.0,0.0,False
uefa.champions,2015-07-21T17:30:00Z,Maccabi Tel-Aviv,Hibernians,5.0,1.0,False
uefa.champions,2015-07-21T18:00:00Z,Lincoln Red Imps,FC Midtjylland,0.0,2.0,False
uefa.champions,2015-07-21T18:00:00Z,Vardar,Apoel Nicosia,1.0,1.0,False
uefa.champions,2015-07-21T18:10:00Z,Zalgiris Vilnius,Malmö FF,0.0,1.0,False
uefa.champions,2015-07-21T18:45:00Z,Crusaders,Skenderbeu Korce,3.0,2.0,False
uefa.champions,2015-07-22T14:00:00Z,FC Astana,NK Maribor,3.0,1.0,False
uefa.champions,2015-07-22T18:00:00Z,CS Fola Esch,Dinamo Zagreb,0.0,3.0,False
uefa.champions,2015-07-22T18:30:00Z,FCSB,AS Trencin,2.0,3.0,False
uefa.champions,2015-07-22T18:30:00Z,Fehérvár,The New Saints,1.0,1.0,False
uefa.champions,2015-07-22T18:45:00Z,Dundalk,BATE Borisov,0.0,0.0,False
uefa.champions,2015-07-22T18:45:00Z,Lech Poznan,FK Sarajevo,1.0,0.0,False
uefa.champions,2015-07-22T18:45:00Z,Rudar Pljevlja,FK Qarabag,0.0,1.0,False
uefa.champions,2015-07-22T19:15:00Z,Stjarnan,Celtic,1.0,4.0,False
uefa.europa,2015-07-23T12:30:00Z,Shirak,AIK,0.0,2.0,False
uefa.europa,2015-07-23T15:00:00Z,Alashkert FC,Kairat Almaty,2.0,1.0,False
uefa.europa,2015-07-23T15:00:00Z,Debrecen,Skonto Riga,9.0,2.0,False
uefa.europa,2015-07-23T15:00:00Z,Dinamo Minsk,Cherno More,4.0,0.0,False
uefa.europa,2015-07-23T16:00:00Z,FK Qabala,Cukaricki Belgrade,2.0,0.0,False
uefa.europa,2015-07-23T16:00:00Z,FK Spartaks Jurmala,Vojvodina,1.0,1.0,False
uefa.europa,2015-07-23T16:00:00Z,Inter Baku,FH Hafnarfjordur,2.0,2.0,False
uefa.europa,2015-07-23T16:00:00Z,Nomme Kalju,FC Vaduz,0.0,2.0,False
uefa.europa,2015-07-23T16:00:00Z,Omonia Nicosia,Jagiellonia Bialystok,1.0,0.0,False
uefa.europa,2015-07-23T16:00:00Z,Zeljeznicar Sarajevo,Ferencvaros,2.0,0.0,False
uefa.europa,2015-07-23T17:00:00Z,Beitar Jerusalem,Royal Charleroi SC,1.0,4.0,False
uefa.europa,2015-07-23T17:00:00Z,Brøndby IF,Beroe Stara Zagora,0.0,0.0,False
uefa.europa,2015-07-23T17:00:00Z,FC Botosani,Legia Warsaw,0.0,3.0,False
uefa.europa,2015-07-23T17:00:00Z,FC Differdange 03,Trabzonspor,1.0,2.0,False
uefa.europa,2015-07-23T17:00:00Z,Hajduk Split,FC Koper,4.0,1.0,False
uefa.europa,2015-07-23T17:00:00Z,IFK Göteborg,Slask Wroclaw,2.0,0.0,False
uefa.europa,2015-07-23T17:00:00Z,Odds BK,Shamrock Rovers,2.0,1.0,False
uefa.europa,2015-07-23T17:00:00Z,PAOK,NK Lokomotiva,6.0,0.0,False
uefa.europa,2015-07-23T17:00:00Z,Rosenborg,KR Reykjavik,3.0,0.0,False
uefa.europa,2015-07-23T17:00:00Z,Stromsgodset,Mlada Boleslav,0.0,1.0,False
uefa.europa,2015-07-23T17:00:00Z,Trakai,Apollon Limassol,0.0,0.0,False
uefa.europa,2015-07-23T17:00:00Z,UCD,Slovan Bratislava,1.0,5.0,False
uefa.europa,2015-07-23T17:30:00Z,FC Thun,Hapoel Be'er,2.0,1.0,False
uefa.europa,2015-07-23T17:30:00Z,MSK Zilina,FC Dacia,4.0,2.0,False
uefa.europa,2015-07-23T17:45:00Z,Newtown,F.C. København,1.0,3.0,False
uefa.europa,2015-07-23T18:00:00Z,FK Astra Giurgiu,Inverness Caledonian Thistle,0.0,0.0,False
uefa.europa,2015-07-23T18:00:00Z,FK Rabotnicki,FK Jelgava,2.0,0.0,False
uefa.europa,2015-07-23T18:30:00Z,Mladost Pogorica,FK Kukesi,2.0,4.0,False
uefa.europa,2015-07-23T18:30:00Z,Wolfsberger,Shakhter Soligorsk,2.0,0.0,False
uefa.europa,2015-07-23T18:45:00Z,Aberdeen,Rijeka,2.0,2.0,False
uefa.europa,2015-07-23T18:45:00Z,Birkirkara,West Ham United,1.0,0.0,False
uefa.europa,2015-07-23T18:45:00Z,Linfield,FC Spartak Trnava,1.0,3.0,False
uefa.champions,2015-07-28T16:15:00Z,CSKA Moscow,Sparta Prague,2.0,2.0,False
uefa.champions,2015-07-28T17:00:00Z,FC Midtjylland,Apoel Nicosia,1.0,2.0,False
uefa.champions,2015-07-28T17:00:00Z,FC Milsami,Skenderbeu Korce,0.0,2.0,False
uefa.champions,2015-07-28T17:30:00Z,Maccabi Tel-Aviv,Viktoria Plzen,1.0,2.0,False
uefa.champions,2015-07-28T18:00:00Z,Fenerbahce,Shakhtar Donetsk,0.0,0.0,False
uefa.champions,2015-07-28T18:00:00Z,Panathinaikos,Club Brugge,2.0,1.0,False
uefa.champions,2015-07-28T18:15:00Z,Young Boys,AS Monaco,1.0,3.0,False
uefa.champions,2015-07-28T18:30:00Z,Fehérvár,BATE Borisov,1.0,1.0,False
uefa.champions,2015-07-28T19:00:00Z,Dinamo Zagreb,Molde,1.0,1.0,False
uefa.champions,2015-07-29T16:00:00Z,HJK Helsinki,FC Astana,0.0,0.0,False
uefa.europa,2015-07-29T16:00:00Z,Jablonec,F.C. København,0.0,1.0,False
uefa.champions,2015-07-29T17:00:00Z,RB Salzburg,Malmö FF,2.0,0.0,False
uefa.champions,2015-07-29T18:30:00Z,FCSB,Partizan Belgrade,1.0,1.0,False
uefa.champions,2015-07-29T18:45:00Z,Celtic,FK Qarabag,1.0,0.0,False
uefa.champions,2015-07-29T18:45:00Z,Lech Poznan,FC Basel,1.0,3.0,False
uefa.champions,2015-07-29T19:05:00Z,Rapid Vienna,Ajax Amsterdam,2.0,2.0,False
uefa.europa,2015-07-30T14:45:00Z,Kairat Almaty,Aberdeen,2.0,1.0,False
uefa.europa,2015-07-30T16:00:00Z,IF Elfsborg,Odds BK,2.0,1.0,False
uefa.europa,2015-07-30T17:00:00Z,AIK,Atromitos,1.0,3.0,False
uefa.europa,2015-07-30T17:00:00Z,Apollon Limassol,FK Qabala,1.0,1.0,False
uefa.europa,2015-07-30T17:00:00Z,Krasnodar,Slovan Bratislava,2.0,0.0,False
uefa.europa,2015-07-30T17:00:00Z,Liberec,Hapoel Kiryat Shmona,2.0,1.0,False
uefa.europa,2015-07-30T17:00:00Z,PAOK,FC Spartak Trnava,1.0,0.0,False
uefa.europa,2015-07-30T17:00:00Z,SC Rheindorf Altach,Vitória de Guimaraes,2.0,1.0,False
uefa.europa,2015-07-30T17:00:00Z,SK Sturm Graz,Rubin Kazan,2.0,3.0,False
uefa.europa,2015-07-30T17:30:00Z,AZ Alkmaar,Istanbul Basaksehir,2.0,0.0,False
uefa.europa,2015-07-30T17:30:00Z,FC Thun,FC Vaduz,0.0,0.0,False
uefa.europa,2015-07-30T17:30:00Z,FC Zürich,Dinamo Minsk,0.0,1.0,False
uefa.europa,2015-07-30T17:30:00Z,MSK Zilina,Vorskla,2.0,0.0,False
uefa.europa,2015-07-30T18:00:00Z,ASA Targu Mures,Saint-Étienne,0.0,3.0,False
uefa.europa,2015-07-30T18:00:00Z,Brøndby IF,Omonia Nicosia,0.0,0.0,False
uefa.europa,2015-07-30T18:00:00Z,Debrecen,Rosenborg,2.0,3.0,False
uefa.europa,2015-07-30T18:00:00Z,FK Kukesi,Legia Warsaw,0.0,3.0,False
uefa.europa,2015-07-30T18:00:00Z,FK Rabotnicki,Trabzonspor,1.0,0.0,False
uefa.europa,2015-07-30T18:30:00Z,Bordeaux,AEK Larnaca,3.0,0.0,False
uefa.europa,2015-07-30T18:30:00Z,Royal Charleroi SC,FC Zorya Luhansk,0.0,2.0,False
uefa.europa,2015-07-30T18:30:00Z,Standard Liege,Zeljeznicar Sarajevo,2.0,1.0,False
uefa.europa,2015-07-30T18:45:00Z,Athletic Club,Inter Baku,2.0,0.0,False
uefa.europa,2015-07-30T18:45:00Z,West Ham United,FK Astra Giurgiu,2.0,2.0,False
uefa.europa,2015-07-30T19:00:00Z,Belenenses,IFK Göteborg,2.0,1.0,False
uefa.europa,2015-07-30T19:00:00Z,Hajduk Split,Stromsgodset,2.0,0.0,False
uefa.europa,2015-07-30T19:00:00Z,Sampdoria,Vojvodina,0.0,4.0,False
uefa.europa,2015-07-30T19:05:00Z,Southampton,Vitesse,3.0,0.0,False
uefa.europa,2015-07-30T19:05:00Z,Wolfsberger,Borussia Dortmund,0.0,1.0,False
uefa.champions,2015-08-04T17:00:00Z,Apoel Nicosia,FC Midtjylland,0.0,1.0,False
uefa.champions,2015-08-04T17:00:00Z,Molde,Dinamo Zagreb,3.0,3.0,False
uefa.champions,2015-08-04T18:15:00Z,Ajax Amsterdam,Rapid Vienna,2.0,3.0,False
uefa.champions,2015-08-04T18:45:00Z,AS Monaco,Young Boys,4.0,0.0,False
concacaf.champions,2015-08-05T00:00:00Z,Querétaro,San Francisco,2.0,0.0,False
concacaf.champions,2015-08-05T02:00:00Z,Municipal,Real Salt Lake,0.0,1.0,False
concacaf.champions,2015-08-05T02:00:00Z,Santos,W Connection FC,4.0,0.0,False
uefa.champions,2015-08-05T14:00:00Z,FC Astana,HJK Helsinki,4.0,3.0,False
uefa.champions,2015-08-05T16:30:00Z,FK Qarabag,Celtic,0.0,0.0,False
uefa.champions,2015-08-05T16:45:00Z,Sparta Prague,CSKA Moscow,2.0,3.0,False
uefa.champions,2015-08-05T17:30:00Z,BATE Borisov,Fehérvár,1.0,0.0,False
uefa.champions,2015-08-05T18:15:00Z,FC Basel,Lech Poznan,1.0,0.0,False
uefa.champions,2015-08-05T18:30:00Z,Club Brugge,Panathinaikos,3.0,0.0,False
uefa.champions,2015-08-05T18:30:00Z,Malmö FF,RB Salzburg,3.0,0.0,False
uefa.champions,2015-08-05T18:30:00Z,Partizan Belgrade,FCSB,4.0,2.0,False
uefa.champions,2015-08-05T18:45:00Z,Shakhtar Donetsk,Fenerbahce,3.0,0.0,False
uefa.champions,2015-08-05T18:45:00Z,Skenderbeu Korce,FC Milsami,2.0,0.0,False
uefa.champions,2015-08-05T18:45:00Z,Viktoria Plzen,Maccabi Tel-Aviv,0.0,2.0,False
concacaf.champions,2015-08-06T00:00:00Z,Arabe Unido,Montego Bay United FC,3.0,0.0,False
concacaf.champions,2015-08-06T02:00:00Z,América,FC Motagua,4.0,0.0,False
concacaf.champions,2015-08-06T02:00:00Z,Vancouver Whitecaps,Seattle Sounders FC,1.0,1.0,False
uefa.europa,2015-08-06T16:00:00Z,FK Qabala,Apollon Limassol,1.0,0.0,False
uefa.europa,2015-08-06T16:00:00Z,Inter Baku,Athletic Club,0.0,0.0,False
uefa.europa,2015-08-06T16:00:00Z,Omonia Nicosia,Brøndby IF,2.0,2.0,False
uefa.europa,2015-08-06T16:00:00Z,Rubin Kazan,SK Sturm Graz,1.0,1.0,False
uefa.europa,2015-08-06T17:00:00Z,Hapoel Kiryat Shmona,Liberec,0.0,3.0,False
uefa.europa,2015-08-06T17:00:00Z,IFK Göteborg,Belenenses,0.0,0.0,False
uefa.europa,2015-08-06T17:00:00Z,Istanbul Basaksehir,AZ Alkmaar,1.0,2.0,False
uefa.europa,2015-08-06T17:00:00Z,Odds BK,IF Elfsborg,2.0,0.0,False
uefa.europa,2015-08-06T17:00:00Z,Rosenborg,Debrecen,3.0,1.0,False
uefa.europa,2015-08-06T17:00:00Z,Stromsgodset,Hajduk Split,0.0,2.0,False
uefa.europa,2015-08-06T17:00:00Z,Trabzonspor,FK Rabotnicki,1.0,1.0,False
uefa.europa,2015-08-06T17:00:00Z,Vorskla,MSK Zilina,3.0,1.0,False
uefa.europa,2015-08-06T17:15:00Z,Dinamo Minsk,FC Zürich,1.0,1.0,False
uefa.europa,2015-08-06T17:30:00Z,AEK Larnaca,Bordeaux,0.0,1.0,False
uefa.europa,2015-08-06T17:30:00Z,FC Vaduz,FC Thun,2.0,2.0,False
uefa.europa,2015-08-06T17:45:00Z,F.C. København,Jablonec,2.0,3.0,False
uefa.europa,2015-08-06T18:00:00Z,Atromitos,AIK,1.0,0.0,False
uefa.europa,2015-08-06T18:00:00Z,FC Zorya Luhansk,Royal Charleroi SC,3.0,0.0,False
uefa.europa,2015-08-06T18:00:00Z,FK Astra Giurgiu,West Ham United,2.0,1.0,False
uefa.europa,2015-08-06T18:00:00Z,Saint-Étienne,ASA Targu Mures,1.0,2.0,False
uefa.europa,2015-08-06T18:00:00Z,Vitesse,Southampton,0.0,2.0,False
uefa.europa,2015-08-06T18:00:00Z,Zeljeznicar Sarajevo,Standard Liege,0.0,1.0,False
uefa.europa,2015-08-06T18:05:00Z,FC Spartak Trnava,PAOK,1.0,1.0,False
uefa.europa,2015-08-06T18:15:00Z,Slovan Bratislava,Krasnodar,3.0,3.0,False
uefa.europa,2015-08-06T18:30:00Z,Borussia Dortmund,Wolfsberger,5.0,0.0,False
uefa.europa,2015-08-06T18:45:00Z,Aberdeen,Kairat Almaty,1.0,1.0,False
uefa.europa,2015-08-06T19:00:00Z,Legia Warsaw,FK Kukesi,1.0,0.0,False
uefa.europa,2015-08-06T19:00:00Z,Vojvodina,Sampdoria,0.0,2.0,False
uefa.europa,2015-08-06T20:15:00Z,Vitória de Guimaraes,SC Rheindorf Altach,1.0,4.0,False
concacaf.champions,2015-08-07T02:00:00Z,Herediano,Isidro Metapán,3.0,0.0,False
concacaf.champions,2015-08-07T02:00:00Z,LA Galaxy,Central FC,5.0,1.0,False
uefa.champions,2015-08-18T16:00:00Z,FC Astana,Apoel Nicosia,1.0,0.0,False
uefa.champions,2015-08-18T18:45:00Z,BATE Borisov,Partizan Belgrade,1.0,0.0,False
uefa.champions,2015-08-18T18:45:00Z,Lazio,Bayer Leverkusen,1.0,0.0,False
uefa.champions,2015-08-18T18:45:00Z,Manchester United,Club Brugge,3.0,1.0,False
uefa.champions,2015-08-18T18:45:00Z,Sporting CP,CSKA Moscow,2.0,1.0,False
concacaf.champions,2015-08-19T00:00:00Z,Tigres UANL,Isidro Metapán,2.0,1.0,False
concacaf.champions,2015-08-19T02:00:00Z,LA Galaxy,Comunicaciones,5.0,0.0,False
concacaf.champions,2015-08-19T02:00:00Z,Verdes FC,Querétaro,0.0,0.0,False
uefa.champions,2015-08-19T18:45:00Z,Celtic,Malmö FF,3.0,2.0,False
uefa.champions,2015-08-19T18:45:00Z,FC Basel,Maccabi Tel-Aviv,2.0,2.0,False
uefa.champions,2015-08-19T18:45:00Z,Rapid Vienna,Shakhtar Donetsk,0.0,1.0,False
uefa.champions,2015-08-19T18:45:00Z,Skenderbeu Korce,Dinamo Zagreb,1.0,2.0,False
uefa.champions,2015-08-19T18:45:00Z,Valencia,AS Monaco,3.0,1.0,False
concacaf.champions,2015-08-20T00:00:00Z,Arabe Unido,D.C. United,0.0,1.0,False
concacaf.champions,2015-08-20T02:00:00Z,América,Walter Ferretti,1.0,0.0,False
concacaf.champions,2015-08-20T02:00:00Z,Seattle Sounders FC,Club Deportivo Olimpia,2.0,1.0,False
uefa.europa,2015-08-20T16:00:00Z,Dinamo Minsk,RB Salzburg,2.0,0.0,False
uefa.europa,2015-08-20T16:00:00Z,FK Astra Giurgiu,AZ Alkmaar,3.0,2.0,False
uefa.europa,2015-08-20T16:00:00Z,FK Qabala,Panathinaikos,0.0,0.0,False
uefa.europa,2015-08-20T17:00:00Z,Ajax Amsterdam,Jablonec,1.0,0.0,False
uefa.europa,2015-08-20T17:00:00Z,FC Zorya Luhansk,Legia Warsaw,0.0,1.0,False
uefa.europa,2015-08-20T17:00:00Z,Krasnodar,HJK Helsinki,5.0,1.0,False
uefa.europa,2015-08-20T17:00:00Z,Liberec,Hajduk Split,1.0,0.0,False
uefa.europa,2015-08-20T17:00:00Z,Molde,Standard Liege,2.0,0.0,False
uefa.europa,2015-08-20T17:00:00Z,PAOK,Brøndby IF,5.0,0.0,False
uefa.europa,2015-08-20T17:00:00Z,Sparta Prague,FC Thun,3.0,1.0,False
uefa.europa,2015-08-20T17:30:00Z,FC Milsami,Saint-Étienne,1.0,1.0,False
uefa.europa,2015-08-20T18:00:00Z,Atromitos,Fenerbahce,0.0,1.0,False
uefa.europa,2015-08-20T18:00:00Z,FCSB,Rosenborg,0.0,3.0,False
uefa.europa,2015-08-20T18:00:00Z,FK Rabotnicki,Rubin Kazan,1.0,1.0,False
uefa.europa,2015-08-20T18:00:00Z,Young Boys,FK Qarabag,0.0,1.0,False
uefa.europa,2015-08-20T18:15:00Z,MSK Zilina,Athletic Club,3.0,2.0,False
uefa.europa,2015-08-20T18:30:00Z,Bordeaux,Kairat Almaty,1.0,0.0,False
uefa.europa,2015-08-20T18:30:00Z,Odds BK,Borussia Dortmund,3.0,4.0,False
uefa.europa,2015-08-20T18:30:00Z,SC Rheindorf Altach,Belenenses,0.0,1.0,False
uefa.europa,2015-08-20T18:50:00Z,Viktoria Plzen,Vojvodina,3.0,0.0,False
uefa.europa,2015-08-20T19:00:00Z,Lech Poznan,Fehérvár,3.0,0.0,False
uefa.europa,2015-08-20T19:00:00Z,Southampton,FC Midtjylland,1.0,1.0,False
concacaf.champions,2015-08-21T02:00:00Z,Santa Tecla,Municipal,1.0,1.0,False
concacaf.champions,2015-08-21T02:00:00Z,Saprissa,W Connection FC,4.0,0.0,False
uefa.champions,2015-08-25T18:45:00Z,AS Monaco,Valencia,2.0,1.0,False
uefa.champions,2015-08-25T18:45:00Z,Dinamo Zagreb,Skenderbeu Korce,4.0,1.0,False
uefa.champions,2015-08-25T18:45:00Z,Maccabi Tel-Aviv,FC Basel,1.0,1.0,False
uefa.champions,2015-08-25T18:45:00Z,Malmö FF,Celtic,2.0,0.0,False
uefa.champions,2015-08-25T18:45:00Z,Shakhtar Donetsk,Rapid Vienna,2.0,2.0,False
concacaf.champions,2015-08-26T00:00:00Z,D.C. United,Montego Bay United FC,3.0,0.0,False
concacaf.champions,2015-08-26T02:00:00Z,Municipal,Santa Tecla,2.0,1.0,False
concacaf.champions,2015-08-26T02:00:00Z,Saprissa,Santos,2.0,1.0,False
uefa.champions,2015-08-26T18:45:00Z,Apoel Nicosia,FC Astana,1.0,1.0,False
uefa.champions,2015-08-26T18:45:00Z,Bayer Leverkusen,Lazio,3.0,0.0,False
uefa.champions,2015-08-26T18:45:00Z,CSKA Moscow,Sporting CP,3.0,1.0,False
uefa.champions,2015-08-26T18:45:00Z,Club Brugge,Manchester United,0.0,4.0,False
uefa.champions,2015-08-26T18:45:00Z,Partizan Belgrade,BATE Borisov,2.0,1.0,False
concacaf.champions,2015-08-27T00:00:00Z,San Francisco,Querétaro,2.0,1.0,False
concacaf.champions,2015-08-27T02:00:00Z,Club Deportivo Olimpia,Seattle Sounders FC,1.0,0.0,False
concacaf.champions,2015-08-27T02:00:00Z,Herediano,Tigres UANL,1.0,1.0,False
uefa.europa,2015-08-27T14:45:00Z,Kairat Almaty,Bordeaux,2.0,1.0,False
uefa.europa,2015-08-27T16:00:00Z,FK Qarabag,Young Boys,3.0,0.0,False
uefa.europa,2015-08-27T16:00:00Z,Jablonec,Ajax Amsterdam,0.0,0.0,False
uefa.europa,2015-08-27T16:00:00Z,Rubin Kazan,FK Rabotnicki,1.0,0.0,False
uefa.europa,2015-08-27T17:00:00Z,Fehérvár,Lech Poznan,0.0,1.0,False
uefa.europa,2015-08-27T17:00:00Z,HJK Helsinki,Krasnodar,0.0,0.0,False
uefa.europa,2015-08-27T17:30:00Z,FC Thun,Sparta Prague,3.0,3.0,False
uefa.europa,2015-08-27T17:30:00Z,Saint-Étienne,FC Milsami,1.0,0.0,False
uefa.europa,2015-08-27T18:00:00Z,AZ Alkmaar,FK Astra Giurgiu,2.0,0.0,False
uefa.europa,2015-08-27T18:00:00Z,Brøndby IF,PAOK,1.0,1.0,False
uefa.europa,2015-08-27T18:00:00Z,Fenerbahce,Atromitos,3.0,0.0,False
uefa.europa,2015-08-27T18:00:00Z,Hajduk Split,Liberec,0.0,1.0,False
uefa.europa,2015-08-27T18:00:00Z,Panathinaikos,FK Qabala,2.0,2.0,False
uefa.europa,2015-08-27T18:00:00Z,Rosenborg,FCSB,0.0,1.0,False
uefa.europa,2015-08-27T18:30:00Z,Borussia Dortmund,Odds BK,7.0,2.0,False
uefa.europa,2015-08-27T18:30:00Z,RB Salzburg,Dinamo Minsk,2.0,0.0,False
uefa.europa,2015-08-27T18:30:00Z,Standard Liege,Molde,3.0,1.0,False
uefa.europa,2015-08-27T18:30:00Z,Vojvodina,Viktoria Plzen,0.0,2.0,False
uefa.europa,2015-08-27T18:45:00Z,Athletic Club,MSK Zilina,1.0,0.0,False
uefa.europa,2015-08-27T18:45:00Z,FC Midtjylland,Southampton,1.0,0.0,False
uefa.europa,2015-08-27T19:00:00Z,Legia Warsaw,FC Zorya Luhansk,3.0,2.0,False
uefa.europa,2015-08-27T20:30:00Z,Belenenses,SC Rheindorf Altach,0.0,0.0,False
concacaf.champions,2015-08-28T02:00:00Z,Comunicaciones,Central FC,1.0,0.0,False
concacaf.champions,2015-08-28T02:00:00Z,FC Motagua,Walter Ferretti,2.0,0.0,False
uefa.champions,2015-09-15T18:45:00Z,Benfica,FC Astana,2.0,0.0,False
uefa.champions,2015-09-15T18:45:00Z,Galatasaray,Atlético Madrid,0.0,2.0,False
uefa.champions,2015-09-15T18:45:00Z,Manchester City,Juventus,1.0,2.0,False
uefa.champions,2015-09-15T18:45:00Z,PSV Eindhoven,Manchester United,2.0,1.0,False
uefa.champions,2015-09-15T18:45:00Z,Paris Saint-Germain,Malmö FF,2.0,0.0,False
uefa.champions,2015-09-15T18:45:00Z,Real Madrid,Shakhtar Donetsk,4.0,0.0,False
uefa.champions,2015-09-15T18:45:00Z,Sevilla,Borussia Mönchengladbach,3.0,0.0,False
uefa.champions,2015-09-15T18:45:00Z,VfL Wolfsburg,CSKA Moscow,1.0,0.0,False
concacaf.champions,2015-09-16T00:00:00Z,D.C. United,Arabe Unido,2.0,0.0,False
concacaf.champions,2015-09-16T02:00:00Z,Santa Tecla,Real Salt Lake,0.0,0.0,False
uefa.champions,2015-09-16T18:45:00Z,AS Roma,Barcelona,1.0,1.0,False
uefa.champions,2015-09-16T18:45:00Z,Bayer Leverkusen,BATE Borisov,4.0,1.0,False
uefa.champions,2015-09-16T18:45:00Z,Chelsea,Maccabi Tel-Aviv,4.0,0.0,False
uefa.champions,2015-09-16T18:45:00Z,Dinamo Zagreb,Arsenal,2.0,1.0,False
uefa.champions,2015-09-16T18:45:00Z,Dynamo Kyiv,FC Porto,2.0,2.0,False
uefa.champions,2015-09-16T18:45:00Z,KAA Gent,Lyon,1.0,1.0,False
uefa.champions,2015-09-16T18:45:00Z,Olympiacos,Bayern Munich,0.0,3.0,False
uefa.champions,2015-09-16T18:45:00Z,Valencia,Zenit St Petersburg,2.0,3.0,False
concacaf.champions,2015-09-17T00:00:00Z,W Connection FC,Saprissa,2.0,1.0,False
concacaf.champions,2015-09-17T02:00:00Z,Vancouver Whitecaps,Club Deportivo Olimpia,1.0,0.0,False
concacaf.champions,2015-09-17T02:00:00Z,Walter Ferretti,América,1.0,3.0,False
uefa.europa,2015-09-17T17:00:00Z,Ajax Amsterdam,Celtic,2.0,2.0,False
uefa.europa,2015-09-17T17:00:00Z,Bordeaux,Liverpool,1.0,1.0,False
uefa.europa,2015-09-17T17:00:00Z,Borussia Dortmund,Krasnodar,2.0,1.0,False
uefa.europa,2015-09-17T17:00:00Z,FC Groningen,Marseille,0.0,3.0,False
uefa.europa,2015-09-17T17:00:00Z,FC Midtjylland,Legia Warsaw,1.0,0.0,False
uefa.europa,2015-09-17T17:00:00Z,FC Sion,Rubin Kazan,2.0,1.0,False
uefa.europa,2015-09-17T17:00:00Z,FK Qabala,PAOK,0.0,0.0,False
uefa.europa,2015-09-17T17:00:00Z,Fenerbahce,Molde,1.0,3.0,False
uefa.europa,2015-09-17T17:00:00Z,Liberec,Braga,0.0,1.0,False
uefa.europa,2015-09-17T17:00:00Z,Napoli,Club Brugge,5.0,0.0,False
uefa.europa,2015-09-17T17:00:00Z,Rapid Vienna,Villarreal,2.0,1.0,False
uefa.europa,2015-09-17T17:00:00Z,Viktoria Plzen,Dinamo Minsk,2.0,0.0,False
uefa.europa,2015-09-17T19:05:00Z,Anderlecht,AS Monaco,1.0,1.0,False
uefa.europa,2015-09-17T19:05:00Z,Apoel Nicosia,Schalke 04,0.0,3.0,False
uefa.europa,2015-09-17T19:05:00Z,Asteras Tripoli,Sparta Prague,1.0,1.0,False
uefa.europa,2015-09-17T19:05:00Z,Athletic Club,FC Augsburg,3.0,1.0,False
uefa.europa,2015-09-17T19:05:00Z,Dnipro Dnipropetrovsk,Lazio,1.0,1.0,False
uefa.europa,2015-09-17T19:05:00Z,Fiorentina,FC Basel,1.0,2.0,False
uefa.europa,2015-09-17T19:05:00Z,Lech Poznan,Belenenses,0.0,0.0,False
uefa.europa,2015-09-17T19:05:00Z,Partizan Belgrade,AZ Alkmaar,3.0,2.0,False
uefa.europa,2015-09-17T19:05:00Z,Saint-Étienne,Rosenborg,2.0,2.0,False
uefa.europa,2015-09-17T19:05:00Z,Skenderbeu Korce,Besiktas,0.0,1.0,False
uefa.europa,2015-09-17T19:05:00Z,Sporting CP,Lokomotiv Moscow,1.0,3.0,False
uefa.europa,2015-09-17T19:05:00Z,Tottenham Hotspur,FK Qarabag,3.0,1.0,False
concacaf.champions,2015-09-18T00:00:00Z,Central FC,Comunicaciones,1.0,0.0,False
concacaf.champions,2015-09-18T02:00:00Z,Isidro Metapán,Herediano,2.0,0.0,False
concacaf.champions,2015-09-18T02:00:00Z,Querétaro,Verdes FC,8.0,0.0,False
concacaf.champions,2015-09-23T00:00:00Z,Montego Bay United FC,D.C. United,3.0,3.0,False
concacaf.champions,2015-09-23T00:00:00Z,W Connection FC,Santos,0.0,1.0,False
concacaf.champions,2015-09-23T02:00:00Z,Verdes FC,San Francisco,2.0,1.0,False
concacaf.champions,2015-09-24T00:00:00Z,Central FC,LA Galaxy,1.0,1.0,False
concacaf.champions,2015-09-24T02:00:00Z,Seattle Sounders FC,Vancouver Whitecaps,3.0,0.0,False
concacaf.champions,2015-09-25T00:00:00Z,Walter Ferretti,FC Motagua,1.0,2.0,False
concacaf.champions,2015-09-25T02:00:00Z,Isidro Metapán,Tigres UANL,1.0,2.0,False
concacaf.champions,2015-09-25T02:00:00Z,Real Salt Lake,Santa Tecla,2.0,1.0,False
uefa.champions,2015-09-29T18:45:00Z,Arsenal,Olympiacos,2.0,3.0,False
uefa.champions,2015-09-29T18:45:00Z,BATE Borisov,AS Roma,3.0,2.0,False
uefa.champions,2015-09-29T18:45:00Z,Barcelona,Bayer Leverkusen,2.0,1.0,False
uefa.champions,2015-09-29T18:45:00Z,Bayern Munich,Dinamo Zagreb,5.0,0.0,False
uefa.champions,2015-09-29T18:45:00Z,FC Porto,Chelsea,2.0,1.0,False
uefa.champions,2015-09-29T18:45:00Z,Lyon,Valencia,0.0,1.0,False
uefa.champions,2015-09-29T18:45:00Z,Maccabi Tel-Aviv,Dynamo Kyiv,0.0,2.0,False
uefa.champions,2015-09-29T18:45:00Z,Zenit St Petersburg,KAA Gent,2.0,1.0,False
uefa.champions,2015-09-30T16:00:00Z,FC Astana,Galatasaray,2.0,2.0,False
uefa.champions,2015-09-30T18:45:00Z,Atlético Madrid,Benfica,1.0,2.0,False
uefa.champions,2015-09-30T18:45:00Z,Borussia Mönchengladbach,Manchester City,1.0,2.0,False
uefa.champions,2015-09-30T18:45:00Z,CSKA Moscow,PSV Eindhoven,3.0,2.0,False
uefa.champions,2015-09-30T18:45:00Z,Juventus,Sevilla,2.0,0.0,False
uefa.champions,2015-09-30T18:45:00Z,Malmö FF,Real Madrid,0.0,2.0,False
uefa.champions,2015-09-30T18:45:00Z,Manchester United,VfL Wolfsburg,2.0,1.0,False
uefa.champions,2015-09-30T18:45:00Z,Shakhtar Donetsk,Paris Saint-Germain,0.0,3.0,False
uefa.europa,2015-10-01T17:00:00Z,AS Monaco,Tottenham Hotspur,1.0,1.0,False
uefa.europa,2015-10-01T17:00:00Z,AZ Alkmaar,Athletic Club,2.0,1.0,False
uefa.europa,2015-10-01T17:00:00Z,Belenenses,Fiorentina,0.0,4.0,False
uefa.europa,2015-10-01T17:00:00Z,Besiktas,Sporting CP,1.0,1.0,False
uefa.europa,2015-10-01T17:00:00Z,FC Augsburg,Partizan Belgrade,1.0,3.0,False
uefa.europa,2015-10-01T17:00:00Z,FC Basel,Lech Poznan,2.0,0.0,False
uefa.europa,2015-10-01T17:00:00Z,FK Qarabag,Anderlecht,1.0,0.0,False
uefa.europa,2015-10-01T17:00:00Z,Lazio,Saint-Étienne,3.0,2.0,False
uefa.europa,2015-10-01T17:00:00Z,Lokomotiv Moscow,Skenderbeu Korce,2.0,0.0,False
uefa.europa,2015-10-01T17:00:00Z,Rosenborg,Dnipro Dnipropetrovsk,0.0,1.0,False
uefa.europa,2015-10-01T17:00:00Z,Schalke 04,Asteras Tripoli,4.0,0.0,False
uefa.europa,2015-10-01T17:00:00Z,Sparta Prague,Apoel Nicosia,2.0,0.0,False
uefa.europa,2015-10-01T19:05:00Z,Braga,FC Groningen,1.0,0.0,False
uefa.europa,2015-10-01T19:05:00Z,Celtic,Fenerbahce,2.0,2.0,False
uefa.europa,2015-10-01T19:05:00Z,Club Brugge,FC Midtjylland,1.0,3.0,False
uefa.europa,2015-10-01T19:05:00Z,Dinamo Minsk,Rapid Vienna,0.0,1.0,False
uefa.europa,2015-10-01T19:05:00Z,Krasnodar,FK Qabala,2.0,1.0,False
uefa.europa,2015-10-01T19:05:00Z,Legia Warsaw,Napoli,0.0,2.0,False
uefa.europa,2015-10-01T19:05:00Z,Liverpool,FC Sion,1.0,1.0,False
uefa.europa,2015-10-01T19:05:00Z,Marseille,Liberec,0.0,1.0,False
uefa.europa,2015-10-01T19:05:00Z,Molde,Ajax Amsterdam,1.0,1.0,False
uefa.europa,2015-10-01T19:05:00Z,PAOK,Borussia Dortmund,1.0,1.0,False
uefa.europa,2015-10-01T19:05:00Z,Rubin Kazan,Bordeaux,0.0,0.0,False
uefa.europa,2015-10-01T19:05:00Z,Villarreal,Viktoria Plzen,1.0,0.0,False
uefa.champions,2015-10-20T18:45:00Z,Arsenal,Bayern Munich,2.0,0.0,False
uefa.champions,2015-10-20T18:45:00Z,BATE Borisov,Barcelona,0.0,2.0,False
uefa.champions,2015-10-20T18:45:00Z,Bayer Leverkusen,AS Roma,4.0,4.0,False
uefa.champions,2015-10-20T18:45:00Z,Dinamo Zagreb,Olympiacos,0.0,1.0,False
uefa.champions,2015-10-20T18:45:00Z,Dynamo Kyiv,Chelsea,0.0,0.0,False
uefa.champions,2015-10-20T18:45:00Z,FC Porto,Maccabi Tel-Aviv,2.0,0.0,False
uefa.champions,2015-10-20T18:45:00Z,Valencia,KAA Gent,2.0,1.0,False
uefa.champions,2015-10-20T18:45:00Z,Zenit St Petersburg,Lyon,3.0,1.0,False
concacaf.champions,2015-10-21T00:00:00Z,Santos,Saprissa,6.0,1.0,False
concacaf.champions,2015-10-21T02:00:00Z,FC Motagua,América,1.0,1.0,False
concacaf.champions,2015-10-21T02:00:00Z,Real Salt Lake,Municipal,1.0,0.0,False
uefa.champions,2015-10-21T18:45:00Z,Atlético Madrid,FC Astana,4.0,0.0,False
uefa.champions,2015-10-21T18:45:00Z,CSKA Moscow,Manchester United,1.0,1.0,False
uefa.champions,2015-10-21T18:45:00Z,Galatasaray,Benfica,2.0,1.0,False
uefa.champions,2015-10-21T18:45:00Z,Juventus,Borussia Mönchengladbach,0.0,0.0,False
uefa.champions,2015-10-21T18:45:00Z,Malmö FF,Shakhtar Donetsk,1.0,0.0,False
uefa.champions,2015-10-21T18:45:00Z,Manchester City,Sevilla,2.0,1.0,False
uefa.champions,2015-10-21T18:45:00Z,Paris Saint-Germain,Real Madrid,0.0,0.0,False
uefa.champions,2015-10-21T18:45:00Z,VfL Wolfsburg,PSV Eindhoven,2.0,0.0,False
concacaf.champions,2015-10-22T00:00:00Z,Tigres UANL,Herediano,0.0,0.0,False
concacaf.champions,2015-10-22T02:00:00Z,Comunicaciones,LA Galaxy,1.0,1.0,False
uefa.europa,2015-10-22T15:00:00Z,FK Qabala,Borussia Dortmund,1.0,3.0,False
uefa.europa,2015-10-22T17:00:00Z,AS Monaco,FK Qarabag,1.0,0.0,False
uefa.europa,2015-10-22T17:00:00Z,AZ Alkmaar,FC Augsburg,0.0,1.0,False
uefa.europa,2015-10-22T17:00:00Z,Anderlecht,Tottenham Hotspur,2.0,1.0,False
uefa.europa,2015-10-22T17:00:00Z,Apoel Nicosia,Asteras Tripoli,2.0,1.0,False
uefa.europa,2015-10-22T17:00:00Z,Dnipro Dnipropetrovsk,Saint-Étienne,0.0,1.0,False
uefa.europa,2015-10-22T17:00:00Z,FC Basel,Belenenses,1.0,2.0,False
uefa.europa,2015-10-22T17:00:00Z,Fiorentina,Lech Poznan,1.0,2.0,False
uefa.europa,2015-10-22T17:00:00Z,Lazio,Rosenborg,3.0,1.0,False
uefa.europa,2015-10-22T17:00:00Z,Lokomotiv Moscow,Besiktas,1.0,1.0,False
uefa.europa,2015-10-22T17:00:00Z,Partizan Belgrade,Athletic Club,0.0,2.0,False
uefa.europa,2015-10-22T17:00:00Z,Schalke 04,Sparta Prague,2.0,2.0,False
uefa.europa,2015-10-22T17:00:00Z,Sporting CP,Skenderbeu Korce,5.0,1.0,False
uefa.europa,2015-10-22T19:05:00Z,Bordeaux,FC Sion,0.0,1.0,False
uefa.europa,2015-10-22T19:05:00Z,Braga,Marseille,3.0,2.0,False
uefa.europa,2015-10-22T19:05:00Z,FC Midtjylland,Napoli,1.0,4.0,False
uefa.europa,2015-10-22T19:05:00Z,Fenerbahce,Ajax Amsterdam,1.0,0.0,False
uefa.europa,2015-10-22T19:05:00Z,Legia Warsaw,Club Brugge,1.0,1.0,False
uefa.europa,2015-10-22T19:05:00Z,Liberec,FC Groningen,1.0,1.0,False
uefa.europa,2015-10-22T19:05:00Z,Liverpool,Rubin Kazan,1.0,1.0,False
uefa.europa,2015-10-22T19:05:00Z,Molde,Celtic,3.0,1.0,False
uefa.europa,2015-10-22T19:05:00Z,PAOK,Krasnodar,0.0,0.0,False
uefa.europa,2015-10-22T19:05:00Z,Rapid Vienna,Viktoria Plzen,3.0,2.0,False
uefa.europa,2015-10-22T19:05:00Z,Villarreal,Dinamo Minsk,4.0,0.0,False
concacaf.champions,2015-10-23T00:00:00Z,Montego Bay United FC,Arabe Unido,1.0,2.0,False
concacaf.champions,2015-10-23T02:00:00Z,Club Deportivo Olimpia,Vancouver Whitecaps,1.0,0.0,False
concacaf.champions,2015-10-23T02:00:00Z,San Francisco,Verdes FC,8.0,0.0,False
uefa.champions,2015-11-03T15:00:00Z,FC Astana,Atlético Madrid,0.0,0.0,False
uefa.champions,2015-11-03T19:45:00Z,Benfica,Galatasaray,2.0,1.0,False
uefa.champions,2015-11-03T19:45:00Z,Borussia Mönchengladbach,Juventus,1.0,1.0,False
uefa.champions,2015-11-03T19:45:00Z,Manchester United,CSKA Moscow,1.0,0.0,False
uefa.champions,2015-11-03T19:45:00Z,PSV Eindhoven,VfL Wolfsburg,2.0,0.0,False
uefa.champions,2015-11-03T19:45:00Z,Real Madrid,Paris Saint-Germain,1.0,0.0,False
uefa.champions,2015-11-03T19:45:00Z,Sevilla,Manchester City,1.0,3.0,False
uefa.champions,2015-11-03T19:45:00Z,Shakhtar Donetsk,Malmö FF,4.0,0.0,False
uefa.champions,2015-11-04T19:45:00Z,AS Roma,Bayer Leverkusen,3.0,2.0,False
uefa.champions,2015-11-04T19:45:00Z,Barcelona,BATE Borisov,3.0,0.0,False
uefa.champions,2015-11-04T19:45:00Z,Bayern Munich,Arsenal,5.0,1.0,False
uefa.champions,2015-11-04T19:45:00Z,Chelsea,Dynamo Kyiv,2.0,1.0,False
uefa.champions,2015-11-04T19:45:00Z,KAA Gent,Valencia,1.0,0.0,False
uefa.champions,2015-11-04T19:45:00Z,Lyon,Zenit St Petersburg,0.0,2.0,False
uefa.champions,2015-11-04T19:45:00Z,Maccabi Tel-Aviv,FC Porto,1.0,3.0,False
uefa.champions,2015-11-04T19:45:00Z,Olympiacos,Dinamo Zagreb,2.0,1.0,False
uefa.europa,2015-11-05T16:00:00Z,Besiktas,Lokomotiv Moscow,1.0,1.0,False
uefa.europa,2015-11-05T16:00:00Z,FK Qarabag,AS Monaco,1.0,1.0,False
uefa.europa,2015-11-05T18:00:00Z,Ajax Amsterdam,Fenerbahce,0.0,0.0,False
uefa.europa,2015-11-05T18:00:00Z,Borussia Dortmund,FK Qabala,4.0,0.0,False
uefa.europa,2015-11-05T18:00:00Z,Celtic,Molde,1.0,2.0,False
uefa.europa,2015-11-05T18:00:00Z,Club Brugge,Legia Warsaw,1.0,0.0,False
uefa.europa,2015-11-05T18:00:00Z,Dinamo Minsk,Villarreal,1.0,2.0,False
uefa.europa,2015-11-05T18:00:00Z,FC Groningen,Liberec,0.0,1.0,False
uefa.europa,2015-11-05T18:00:00Z,FC Sion,Bordeaux,1.0,1.0,False
uefa.europa,2015-11-05T18:00:00Z,Krasnodar,PAOK,2.0,1.0,False
uefa.europa,2015-11-05T18:00:00Z,Marseille,Braga,1.0,0.0,False
uefa.europa,2015-11-05T18:00:00Z,Napoli,FC Midtjylland,5.0,0.0,False
uefa.europa,2015-11-05T18:00:00Z,Rubin Kazan,Liverpool,0.0,1.0,False
uefa.europa,2015-11-05T18:00:00Z,Viktoria Plzen,Rapid Vienna,1.0,2.0,False
uefa.europa,2015-11-05T20:05:00Z,Asteras Tripoli,Apoel Nicosia,2.0,0.0,False
uefa.europa,2015-11-05T20:05:00Z,Athletic Club,Partizan Belgrade,5.0,1.0,False
uefa.europa,2015-11-05T20:05:00Z,Belenenses,FC Basel,0.0,2.0,False
uefa.europa,2015-11-05T20:05:00Z,FC Augsburg,AZ Alkmaar,4.0,1.0,False
uefa.europa,2015-11-05T20:05:00Z,Lech Poznan,Fiorentina,0.0,2.0,False
uefa.europa,2015-11-05T20:05:00Z,Rosenborg,Lazio,0.0,2.0,False
uefa.europa,2015-11-05T20:05:00Z,Saint-Étienne,Dnipro Dnipropetrovsk,3.0,0.0,False
uefa.europa,2015-11-05T20:05:00Z,Skenderbeu Korce,Sporting CP,3.0,0.0,False
uefa.europa,2015-11-05T20:05:00Z,Sparta Prague,Schalke 04,1.0,1.0,False
uefa.europa,2015-11-05T20:05:00Z,Tottenham Hotspur,Anderlecht,2.0,1.0,False
uefa.champions,2015-11-24T17:00:00Z,BATE Borisov,Bayer Leverkusen,1.0,1.0,False
uefa.champions,2015-11-24T17:00:00Z,Zenit St Petersburg,Valencia,2.0,0.0,False
uefa.champions,2015-11-24T19:45:00Z,Arsenal,Dinamo Zagreb,3.0,0.0,False
uefa.champions,2015-11-24T19:45:00Z,Barcelona,AS Roma,6.0,1.0,False
uefa.champions,2015-11-24T19:45:00Z,Bayern Munich,Olympiacos,4.0,0.0,False
uefa.champions,2015-11-24T19:45:00Z,FC Porto,Dynamo Kyiv,0.0,2.0,False
uefa.champions,2015-11-24T19:45:00Z,Lyon,KAA Gent,1.0,2.0,False
uefa.champions,2015-11-24T19:45:00Z,Maccabi Tel-Aviv,Chelsea,0.0,4.0,False
uefa.champions,2015-11-25T15:00:00Z,FC Astana,Benfica,2.0,2.0,False
uefa.champions,2015-11-25T17:00:00Z,CSKA Moscow,VfL Wolfsburg,0.0,2.0,False
uefa.champions,2015-11-25T19:45:00Z,Atlético Madrid,Galatasaray,2.0,0.0,False
uefa.champions,2015-11-25T19:45:00Z,Borussia Mönchengladbach,Sevilla,4.0,2.0,False
uefa.champions,2015-11-25T19:45:00Z,Juventus,Manchester City,1.0,0.0,False
uefa.champions,2015-11-25T19:45:00Z,Malmö FF,Paris Saint-Germain,0.0,5.0,False
uefa.champions,2015-11-25T19:45:00Z,Manchester United,PSV Eindhoven,0.0,0.0,False
uefa.champions,2015-11-25T19:45:00Z,Shakhtar Donetsk,Real Madrid,3.0,4.0,False
uefa.europa,2015-11-26T16:00:00Z,Dinamo Minsk,Viktoria Plzen,1.0,0.0,False
uefa.europa,2015-11-26T16:00:00Z,Krasnodar,Borussia Dortmund,1.0,0.0,False
uefa.europa,2015-11-26T16:00:00Z,Rubin Kazan,FC Sion,2.0,0.0,False
uefa.europa,2015-11-26T18:00:00Z,AS Monaco,Anderlecht,0.0,2.0,False
uefa.europa,2015-11-26T18:00:00Z,AZ Alkmaar,Partizan Belgrade,1.0,2.0,False
uefa.europa,2015-11-26T18:00:00Z,Belenenses,Lech Poznan,0.0,0.0,False
uefa.europa,2015-11-26T18:00:00Z,Besiktas,Skenderbeu Korce,2.0,0.0,False
uefa.europa,2015-11-26T18:00:00Z,FC Augsburg,Athletic Club,2.0,3.0,False
uefa.europa,2015-11-26T18:00:00Z,FC Basel,Fiorentina,2.0,2.0,False
uefa.europa,2015-11-26T18:00:00Z,FK Qarabag,Tottenham Hotspur,0.0,1.0,False
uefa.europa,2015-11-26T18:00:00Z,Lazio,Dnipro Dnipropetrovsk,3.0,1.0,False
uefa.europa,2015-11-26T18:00:00Z,Lokomotiv Moscow,Sporting CP,2.0,4.0,False
uefa.europa,2015-11-26T18:00:00Z,Rosenborg,Saint-Étienne,1.0,1.0,False
uefa.europa,2015-11-26T18:00:00Z,Schalke 04,Apoel Nicosia,1.0,0.0,False
uefa.europa,2015-11-26T18:00:00Z,Sparta Prague,Asteras Tripoli,1.0,0.0,False
uefa.europa,2015-11-26T20:05:00Z,Braga,Liberec,2.0,1.0,False
uefa.europa,2015-11-26T20:05:00Z,Celtic,Ajax Amsterdam,1.0,2.0,False
uefa.europa,2015-11-26T20:05:00Z,Club Brugge,Napoli,0.0,1.0,False
uefa.europa,2015-11-26T20:05:00Z,Legia Warsaw,FC Midtjylland,1.0,0.0,False
uefa.europa,2015-11-26T20:05:00Z,Liverpool,Bordeaux,2.0,1.0,False
uefa.europa,2015-11-26T20:05:00Z,Marseille,FC Groningen,2.0,1.0,False
uefa.europa,2015-11-26T20:05:00Z,Molde,Fenerbahce,0.0,2.0,False
uefa.europa,2015-11-26T20:05:00Z,PAOK,FK Qabala,0.0,0.0,False
uefa.europa,2015-11-26T20:05:00Z,Villarreal,Rapid Vienna,1.0,0.0,False
uefa.champions,2015-12-08T19:45:00Z,Benfica,Atlético Madrid,1.0,2.0,False
uefa.champions,2015-12-08T19:45:00Z,Galatasaray,FC Astana,1.0,1.0,False
uefa.champions,2015-12-08T19:45:00Z,Manchester City,Borussia Mönchengladbach,4.0,2.0,False
uefa.champions,2015-12-08T19:45:00Z,PSV Eindhoven,CSKA Moscow,2.0,1.0,False
uefa.champions,2015-12-08T19:45:00Z,Paris Saint-Germain,Shakhtar Donetsk,2.0,0.0,False
uefa.champions,2015-12-08T19:45:00Z,Real Madrid,Malmö FF,8.0,0.0,False
uefa.champions,2015-12-08T19:45:00Z,Sevilla,Juventus,1.0,0.0,False
uefa.champions,2015-12-08T19:45:00Z,VfL Wolfsburg,Manchester United,3.0,2.0,False
uefa.champions,2015-12-09T19:45:00Z,AS Roma,BATE Borisov,0.0,0.0,False
uefa.champions,2015-12-09T19:45:00Z,Bayer Leverkusen,Barcelona,1.0,1.0,False
uefa.champions,2015-12-09T19:45:00Z,Chelsea,FC Porto,2.0,0.0,False
uefa.champions,2015-12-09T19:45:00Z,Dinamo Zagreb,Bayern Munich,0.0,2.0,False
uefa.champions,2015-12-09T19:45:00Z,Dynamo Kyiv,Maccabi Tel-Aviv,1.0,0.0,False
uefa.champions,2015-12-09T19:45:00Z,KAA Gent,Zenit St Petersburg,2.0,1.0,False
uefa.champions,2015-12-09T19:45:00Z,Olympiacos,Arsenal,0.0,3.0,False
uefa.champions,2015-12-09T19:45:00Z,Valencia,Lyon,0.0,2.0,False
uefa.europa,2015-12-10T18:00:00Z,Ajax Amsterdam,Molde,1.0,1.0,False
uefa.europa,2015-12-10T18:00:00Z,Bordeaux,Rubin Kazan,2.0,2.0,False
uefa.europa,2015-12-10T18:00:00Z,Borussia Dortmund,PAOK,0.0,1.0,False
uefa.europa,2015-12-10T18:00:00Z,FC Groningen,Braga,0.0,0.0,False
uefa.europa,2015-12-10T18:00:00Z,FC Midtjylland,Club Brugge,1.0,1.0,False
uefa.europa,2015-12-10T18:00:00Z,FC Sion,Liverpool,0.0,0.0,False
uefa.europa,2015-12-10T18:00:00Z,FK Qabala,Krasnodar,0.0,3.0,False
uefa.europa,2015-12-10T18:00:00Z,Fenerbahce,Celtic,1.0,1.0,False
uefa.europa,2015-12-10T18:00:00Z,Liberec,Marseille,2.0,4.0,False
uefa.europa,2015-12-10T18:00:00Z,Napoli,Legia Warsaw,5.0,2.0,False
uefa.europa,2015-12-10T18:00:00Z,Rapid Vienna,Dinamo Minsk,2.0,1.0,False
uefa.europa,2015-12-10T18:00:00Z,Viktoria Plzen,Villarreal,3.0,3.0,False
uefa.europa,2015-12-10T20:05:00Z,Anderlecht,FK Qarabag,2.0,1.0,False
uefa.europa,2015-12-10T20:05:00Z,Apoel Nicosia,Sparta Prague,1.0,3.0,False
uefa.europa,2015-12-10T20:05:00Z,Asteras Tripoli,Schalke 04,0.0,4.0,False
uefa.europa,2015-12-10T20:05:00Z,Athletic Club,AZ Alkmaar,2.0,2.0,False
uefa.europa,2015-12-10T20:05:00Z,Dnipro Dnipropetrovsk,Rosenborg,3.0,0.0,False
uefa.europa,2015-12-10T20:05:00Z,Fiorentina,Belenenses,1.0,0.0,False
uefa.europa,2015-12-10T20:05:00Z,Lech Poznan,FC Basel,0.0,1.0,False
uefa.europa,2015-12-10T20:05:00Z,Partizan Belgrade,FC Augsburg,1.0,3.0,False
uefa.europa,2015-12-10T20:05:00Z,Saint-Étienne,Lazio,1.0,1.0,False
uefa.europa,2015-12-10T20:05:00Z,Skenderbeu Korce,Lokomotiv Moscow,0.0,3.0,False
uefa.europa,2015-12-10T20:05:00Z,Sporting CP,Besiktas,3.0,1.0,False
uefa.europa,2015-12-10T20:05:00Z,Tottenham Hotspur,AS Monaco,4.0,1.0,False
uefa.europa,2016-02-16T17:00:00Z,Fenerbahce,Lokomotiv Moscow,2.0,0.0,False
uefa.champions,2016-02-16T19:45:00Z,Benfica,Zenit St Petersburg,1.0,0.0,False
uefa.champions,2016-02-16T19:45:00Z,Paris Saint-Germain,Chelsea,2.0,1.0,False
uefa.champions,2016-02-17T19:45:00Z,AS Roma,Real Madrid,0.0,2.0,False
uefa.champions,2016-02-17T19:45:00Z,KAA Gent,VfL Wolfsburg,2.0,3.0,False
uefa.europa,2016-02-18T18:00:00Z,Anderlecht,Olympiacos,1.0,0.0,False
uefa.europa,2016-02-18T18:00:00Z,Borussia Dortmund,FC Porto,2.0,0.0,False
uefa.europa,2016-02-18T18:00:00Z,FC Midtjylland,Manchester United,2.0,1.0,False
uefa.europa,2016-02-18T18:00:00Z,Fiorentina,Tottenham Hotspur,1.0,1.0,False
uefa.europa,2016-02-18T18:00:00Z,Saint-Étienne,FC Basel,3.0,2.0,False
uefa.europa,2016-02-18T18:00:00Z,Sevilla,Molde,3.0,0.0,False
uefa.europa,2016-02-18T18:00:00Z,Villarreal,Napoli,1.0,0.0,False
uefa.europa,2016-02-18T20:05:00Z,FC Augsburg,Liverpool,0.0,0.0,False
uefa.europa,2016-02-18T20:05:00Z,FC Sion,Braga,1.0,2.0,False
uefa.europa,2016-02-18T20:05:00Z,Galatasaray,Lazio,1.0,1.0,False
uefa.europa,2016-02-18T20:05:00Z,Marseille,Athletic Club,0.0,1.0,False
uefa.europa,2016-02-18T20:05:00Z,Shakhtar Donetsk,Schalke 04,0.0,0.0,False
uefa.europa,2016-02-18T20:05:00Z,Sparta Prague,Krasnodar,1.0,0.0,False
uefa.europa,2016-02-18T20:05:00Z,Sporting CP,Bayer Leverkusen,0.0,1.0,False
uefa.europa,2016-02-18T20:05:00Z,Valencia,Rapid Vienna,6.0,0.0,False
uefa.champions,2016-02-23T19:45:00Z,Arsenal,Barcelona,0.0,2.0,False
uefa.champions,2016-02-23T19:45:00Z,Juventus,Bayern Munich,2.0,2.0,False
concacaf.champions,2016-02-24T01:00:00Z,Querétaro,D.C. United,2.0,0.0,False
concacaf.champions,2016-02-24T03:00:00Z,Seattle Sounders FC,América,2.0,2.0,False
uefa.europa,2016-02-24T17:00:00Z,Braga,FC Sion,2.0,2.0,False
uefa.champions,2016-02-24T19:45:00Z,Dynamo Kyiv,Manchester City,1.0,3.0,False
uefa.champions,2016-02-24T19:45:00Z,PSV Eindhoven,Atlético Madrid,0.0,0.0,False
concacaf.champions,2016-02-25T01:00:00Z,Tigres UANL,Real Salt Lake,2.0,0.0,False
concacaf.champions,2016-02-25T03:00:00Z,LA Galaxy,Santos,0.0,0.0,False
uefa.europa,2016-02-25T16:00:00Z,Lokomotiv Moscow,Fenerbahce,1.0,1.0,False
uefa.europa,2016-02-25T18:00:00Z,Athletic Club,Marseille,1.0,1.0,False
uefa.europa,2016-02-25T18:00:00Z,Bayer Leverkusen,Sporting CP,3.0,1.0,False
uefa.europa,2016-02-25T18:00:00Z,Krasnodar,Sparta Prague,0.0,3.0,False
uefa.europa,2016-02-25T18:00:00Z,Lazio,Galatasaray,3.0,1.0,False
uefa.europa,2016-02-25T18:00:00Z,Liverpool,FC Augsburg,1.0,0.0,False
uefa.europa,2016-02-25T18:00:00Z,Rapid Vienna,Valencia,0.0,4.0,False
uefa.europa,2016-02-25T18:00:00Z,Schalke 04,Shakhtar Donetsk,0.0,3.0,False
uefa.europa,2016-02-25T20:05:00Z,FC Basel,Saint-Étienne,2.0,1.0,False
uefa.europa,2016-02-25T20:05:00Z,FC Porto,Borussia Dortmund,0.0,1.0,False
uefa.europa,2016-02-25T20:05:00Z,Manchester United,FC Midtjylland,5.0,1.0,False
uefa.europa,2016-02-25T20:05:00Z,Molde,Sevilla,1.0,0.0,False
uefa.europa,2016-02-25T20:05:00Z,Napoli,Villarreal,1.0,1.0,False
uefa.europa,2016-02-25T20:05:00Z,Olympiacos,Anderlecht,1.0,2.0,False
uefa.europa,2016-02-25T20:05:00Z,Tottenham Hotspur,Fiorentina,3.0,0.0,False
concacaf.champions,2016-03-02T01:00:00Z,D.C. United,Querétaro,1.0,1.0,False
concacaf.champions,2016-03-02T03:00:00Z,Santos,LA Galaxy,4.0,0.0,False
concacaf.champions,2016-03-03T01:00:00Z,América,Seattle Sounders FC,3.0,1.0,False
concacaf.champions,2016-03-03T03:00:00Z,Real Salt Lake,Tigres UANL,1.0,1.0,False
uefa.champions,2016-03-08T19:45:00Z,Real Madrid,AS Roma,2.0,0.0,False
uefa.champions,2016-03-08T19:45:00Z,VfL Wolfsburg,KAA Gent,1.0,0.0,False
uefa.champions,2016-03-09T17:00:00Z,Zenit St Petersburg,Benfica,1.0,2.0,False
uefa.champions,2016-03-09T19:45:00Z,Chelsea,Paris Saint-Germain,1.0,2.0,False
uefa.europa,2016-03-10T18:00:00Z,Borussia Dortmund,Tottenham Hotspur,3.0,0.0,False
uefa.europa,2016-03-10T18:00:00Z,FC Basel,Sevilla,0.0,0.0,False
uefa.europa,2016-03-10T18:00:00Z,Fenerbahce,Braga,1.0,0.0,False
uefa.europa,2016-03-10T18:00:00Z,Shakhtar Donetsk,Anderlecht,3.0,1.0,False
uefa.europa,2016-03-10T20:05:00Z,Athletic Club,Valencia,1.0,0.0,False
uefa.europa,2016-03-10T20:05:00Z,Liverpool,Manchester United,2.0,0.0,False
uefa.europa,2016-03-10T20:05:00Z,Sparta Prague,Lazio,1.0,1.0,False
uefa.europa,2016-03-10T20:05:00Z,Villarreal,Bayer Leverkusen,2.0,0.0,False
uefa.champions,2016-03-15T19:45:00Z,Atlético Madrid,PSV Eindhoven,0.0,0.0,False
uefa.champions,2016-03-15T19:45:00Z,Manchester City,Dynamo Kyiv,0.0,0.0,False
concacaf.champions,2016-03-16T02:00:00Z,Querétaro,Tigres UANL,0.0,0.0,False
uefa.champions,2016-03-16T19:45:00Z,Barcelona,Arsenal,3.0,1.0,False
uefa.champions,2016-03-16T19:45:00Z,Bayern Munich,Juventus,4.0,2.0,False
concacaf.champions,2016-03-17T02:00:00Z,Santos,América,0.0,0.0,False
uefa.europa,2016-03-17T18:00:00Z,Bayer Leverkusen,Villarreal,0.0,0.0,False
uefa.europa,2016-03-17T18:00:00Z,Lazio,Sparta Prague,0.0,3.0,False
uefa.europa,2016-03-17T18:00:00Z,Valencia,Athletic Club,2.0,1.0,False
uefa.europa,2016-03-17T20:05:00Z,Anderlecht,Shakhtar Donetsk,0.0,1.0,False
uefa.europa,2016-03-17T20:05:00Z,Braga,Fenerbahce,4.0,1.0,False
uefa.europa,2016-03-17T20:05:00Z,Manchester United,Liverpool,1.0,1.0,False
uefa.europa,2016-03-17T20:05:00Z,Sevilla,FC Basel,3.0,0.0,False
uefa.europa,2016-03-17T20:05:00Z,Tottenham Hotspur,Borussia Dortmund,1.0,2.0,False
uefa.champions,2016-04-05T18:45:00Z,Barcelona,Atlético Madrid,2.0,1.0,False
uefa.champions,2016-04-05T18:45:00Z,Bayern Munich,Benfica,1.0,0.0,False
concacaf.champions,2016-04-06T00:00:00Z,Tigres UANL,Querétaro,2.0,0.0,False
concacaf.champions,2016-04-06T02:00:00Z,América,Santos,1.0,0.0,False
uefa.champions,2016-04-06T18:45:00Z,Paris Saint-Germain,Manchester City,2.0,2.0,False
uefa.champions,2016-04-06T18:45:00Z,VfL Wolfsburg,Real Madrid,2.0,0.0,False
uefa.europa,2016-04-07T19:05:00Z,Athletic Club,Sevilla,1.0,2.0,False
uefa.europa,2016-04-07T19:05:00Z,Borussia Dortmund,Liverpool,1.0,1.0,False
uefa.europa,2016-04-07T19:05:00Z,Braga,Shakhtar Donetsk,1.0,2.0,False
uefa.europa,2016-04-07T19:05:00Z,Villarreal,Sparta Prague,2.0,1.0,False
uefa.champions,2016-04-12T18:45:00Z,Manchester City,Paris Saint-Germain,1.0,0.0,False
uefa.champions,2016-04-12T18:45:00Z,Real Madrid,VfL Wolfsburg,3.0,0.0,False
uefa.champions,2016-04-13T18:45:00Z,Atlético Madrid,Barcelona,2.0,0.0,False
uefa.champions,2016-04-13T18:45:00Z,Benfica,Bayern Munich,2.0,2.0,False
uefa.europa,2016-04-14T19:05:00Z,Liverpool,Borussia Dortmund,4.0,3.0,False
uefa.europa,2016-04-14T19:05:00Z,Sevilla,Athletic Club,1.0,2.0,False
uefa.europa,2016-04-14T19:05:00Z,Shakhtar Donetsk,Braga,4.0,0.0,False
uefa.europa,2016-04-14T19:05:00Z,Sparta Prague,Villarreal,2.0,4.0,False
concacaf.champions,2016-04-21T01:45:00Z,Tigres UANL,América,0.0,2.0,False
uefa.champions,2016-04-26T18:45:00Z,Manchester City,Real Madrid,0.0,0.0,False
uefa.champions,2016-04-27T18:45:00Z,Atlético Madrid,Bayern Munich,1.0,0.0,False
concacaf.champions,2016-04-28T01:45:00Z,América,Tigres UANL,2.0,1.0,False
uefa.europa,2016-04-28T19:05:00Z,Shakhtar Donetsk,Sevilla,2.0,2.0,False
uefa.europa,2016-04-28T19:05:00Z,Villarreal,Liverpool,1.0,0.0,False
uefa.champions,2016-05-03T18:45:00Z,Bayern Munich,Atlético Madrid,2.0,1.0,False
uefa.champions,2016-05-04T18:45:00Z,Real Madrid,Manchester City,1.0,0.0,False
uefa.europa,2016-05-05T19:05:00Z,Liverpool,Villarreal,3.0,0.0,False
uefa.europa,2016-05-05T19:05:00Z,Sevilla,Shakhtar Donetsk,3.0,1.0,False
uefa.europa,2016-05-18T18:45:00Z,Liverpool,Sevilla,1.0,3.0,False
uefa.champions,2016-05-28T18:45:00Z,Real Madrid,Atlético Madrid,1.0,1.0,False
uefa.champions,2016-06-28T16:00:00Z,Flora,Lincoln Red Imps,2.0,1.0,False
uefa.europa,2016-06-28T16:00:00Z,FK Kapaz,FC Dacia,0.0,0.0,False
uefa.europa,2016-06-28T16:00:00Z,FK Rabotnicki,Buducnost Podgorica,1.0,1.0,False
uefa.europa,2016-06-28T16:00:00Z,Partizani Tirana,Slovan Bratislava,0.0,0.0,False
uefa.champions,2016-06-28T17:00:00Z,Valletta,B36 Torshavn,1.0,0.0,False
uefa.champions,2016-06-28T18:00:00Z,Santa Coloma,Alashkert FC,0.0,0.0,False
uefa.champions,2016-06-28T18:00:00Z,The New Saints,Tre Penne,2.0,1.0,False
uefa.europa,2016-06-28T18:45:00Z,St Patrick's Athletic,Jeunesse Esch,1.0,0.0,False
uefa.europa,2016-06-30T14:00:00Z,Aktobe,MTK Budapest,1.0,1.0,False
uefa.europa,2016-06-30T14:00:00Z,Dila Gori,Shirak,1.0,0.0,False
uefa.europa,2016-06-30T15:00:00Z,FC Admira Wacker Modling,Spartak Myjava,1.0,1.0,False
uefa.europa,2016-06-30T15:00:00Z,FK Ventspils,Víkingur,2.0,0.0,False
uefa.europa,2016-06-30T15:00:00Z,UE Santa Coloma,NK Lokomotiva,1.0,3.0,False
uefa.europa,2016-06-30T15:30:00Z,Bokelj,Vojvodina,1.0,1.0,False
uefa.europa,2016-06-30T16:00:00Z,Balzan FC,Neftchi,0.0,2.0,False
uefa.europa,2016-06-30T16:00:00Z,Dinamo Minsk,FK Spartaks Jurmala,2.0,1.0,False
uefa.europa,2016-06-30T16:00:00Z,FC Levadia Tallinn,HB Torshavn,1.0,1.0,False
uefa.europa,2016-06-30T16:00:00Z,FC Urartu,Omonia Nicosia,0.0,1.0,False
uefa.europa,2016-06-30T16:00:00Z,FK Atlantas,HJK Helsinki,0.0,2.0,False
uefa.europa,2016-06-30T16:00:00Z,Fehérvár,FC Zaria Balti,3.0,0.0,False
uefa.europa,2016-06-30T16:00:00Z,Sloboda Tuzla,Beitar Jerusalem,0.0,0.0,False
uefa.europa,2016-06-30T16:00:00Z,Trakai,Nomme Kalju,2.0,1.0,False
uefa.europa,2016-06-30T16:30:00Z,AIK,Bala Town,2.0,0.0,False
uefa.europa,2016-06-30T16:30:00Z,Europa FC,Pyunik,2.0,0.0,False
uefa.europa,2016-06-30T16:30:00Z,IFK Göteborg,Llandudno Town,5.0,0.0,False
uefa.europa,2016-06-30T16:30:00Z,Slavia Sofia,Zaglebie Lubin,1.0,0.0,False
uefa.europa,2016-06-30T17:00:00Z,AEK Larnaca,SS Folgore Falciano,3.0,0.0,False
uefa.europa,2016-06-30T17:00:00Z,FC Differdange 03,Cliftonville,1.0,1.0,False
uefa.europa,2016-06-30T17:00:00Z,FC Midtjylland,FK Suduva,1.0,0.0,False
uefa.europa,2016-06-30T17:00:00Z,FC Vaduz,FK Sileks ,3.0,1.0,False
uefa.europa,2016-06-30T17:00:00Z,FK Kukesi,Rudar Pljevlja,1.0,1.0,False
uefa.europa,2016-06-30T17:00:00Z,FK Qabala,FC Samtredia,5.0,1.0,False
uefa.europa,2016-06-30T17:00:00Z,Odds BK,IFK Mariehamn,2.0,0.0,False
uefa.europa,2016-06-30T17:00:00Z,Siroki Brijeg,Birkirkara,1.0,1.0,False
uefa.europa,2016-06-30T17:00:00Z,Zimbru Chisinau,Chikhura Sachkhere,0.0,1.0,False
uefa.europa,2016-06-30T17:15:00Z,Maccabi Tel-Aviv,ND Gorica,3.0,0.0,False
uefa.europa,2016-06-30T17:30:00Z,Beroe Stara Zagora,Radnik Bijeljina,0.0,0.0,False
uefa.europa,2016-06-30T18:00:00Z,KS Teuta,Kairat Almaty,0.0,1.0,False
uefa.europa,2016-06-30T18:00:00Z,NK Domzale,Lusitanos,3.0,1.0,False
uefa.europa,2016-06-30T18:00:00Z,NSI Runavik,Shakhter Soligorsk,0.0,2.0,False
uefa.europa,2016-06-30T18:15:00Z,Connah's Quay,Stabaek,0.0,0.0,False
uefa.europa,2016-06-30T18:15:00Z,FC Spartak Trnava,Hibernians,3.0,0.0,False
uefa.europa,2016-06-30T18:30:00Z,Cukaricki Belgrade,Ordabasy Shymkent,3.0,0.0,False
uefa.europa,2016-06-30T18:30:00Z,Fiorita,Debrecen,0.0,5.0,False
uefa.europa,2016-06-30T18:45:00Z,Aberdeen,CS Fola Esch,3.0,1.0,False
uefa.europa,2016-06-30T18:45:00Z,Linfield,Cork,0.0,1.0,False
uefa.europa,2016-06-30T19:00:00Z,Heart of Midlothian,FCI Tallinn,2.0,1.0,False
uefa.europa,2016-06-30T19:00:00Z,KF Shkëndija,Cracovia,2.0,0.0,False
uefa.europa,2016-06-30T19:00:00Z,Shamrock Rovers,RoPS,0.0,2.0,False
uefa.europa,2016-06-30T19:15:00Z,Breidablik,FK Jelgava,2.0,3.0,False
uefa.europa,2016-06-30T19:15:00Z,KR Reykjavik,Glenavon,2.0,1.0,False
uefa.europa,2016-06-30T21:00:00Z,Valur Reykjavik,Brøndby IF,1.0,4.0,False
uefa.champions,2016-07-05T15:00:00Z,Alashkert FC,Santa Coloma,3.0,0.0,False
uefa.europa,2016-07-05T15:45:00Z,Birkirkara,Siroki Brijeg,2.0,0.0,False
uefa.europa,2016-07-05T16:30:00Z,Chikhura Sachkhere,Zimbru Chisinau,2.0,3.0,False
uefa.europa,2016-07-05T16:45:00Z,Jeunesse Esch,St Patrick's Athletic,2.0,1.0,False
uefa.champions,2016-07-05T17:00:00Z,B36 Torshavn,Valletta,2.0,1.0,False
uefa.champions,2016-07-05T18:30:00Z,Tre Penne,The New Saints,0.0,3.0,False
uefa.europa,2016-07-06T15:45:00Z,FCI Tallinn,Heart of Midlothian,2.0,4.0,False
uefa.champions,2016-07-06T17:00:00Z,Lincoln Red Imps,Flora,2.0,0.0,False
uefa.europa,2016-07-07T12:00:00Z,Ordabasy Shymkent,Cukaricki Belgrade,3.0,3.0,False
uefa.europa,2016-07-07T13:00:00Z,Shirak,Dila Gori,1.0,0.0,False
uefa.europa,2016-07-07T14:45:00Z,Kairat Almaty,KS Teuta,5.0,0.0,False
uefa.europa,2016-07-07T15:00:00Z,FC Dacia,FK Kapaz,0.0,1.0,False
uefa.europa,2016-07-07T15:00:00Z,FC Samtredia,FK Qabala,2.0,1.0,False
uefa.europa,2016-07-07T15:00:00Z,Pyunik,Europa FC,2.0,1.0,False
uefa.europa,2016-07-07T15:00:00Z,Spartak Myjava,FC Admira Wacker Modling,2.0,3.0,False
uefa.europa,2016-07-07T15:30:00Z,FK Jelgava,Breidablik,2.0,2.0,False
uefa.europa,2016-07-07T15:30:00Z,Rudar Pljevlja,FK Kukesi,0.0,1.0,False
uefa.europa,2016-07-07T16:00:00Z,Debrecen,Fiorita,2.0,0.0,False
uefa.europa,2016-07-07T16:00:00Z,FK Spartaks Jurmala,Dinamo Minsk,0.0,2.0,False
uefa.europa,2016-07-07T16:00:00Z,HJK Helsinki,FK Atlantas,1.0,1.0,False
uefa.europa,2016-07-07T16:00:00Z,IFK Mariehamn,Odds BK,1.0,1.0,False
uefa.europa,2016-07-07T16:00:00Z,MTK Budapest,Aktobe,2.0,0.0,False
uefa.europa,2016-07-07T16:00:00Z,NK Lokomotiva,UE Santa Coloma,4.0,1.0,False
uefa.europa,2016-07-07T16:00:00Z,Neftchi,Balzan FC,1.0,2.0,False
uefa.europa,2016-07-07T16:00:00Z,Nomme Kalju,Trakai,4.0,1.0,False
uefa.europa,2016-07-07T16:00:00Z,Radnik Bijeljina,Beroe Stara Zagora,0.0,2.0,False
uefa.europa,2016-07-07T16:00:00Z,RoPS,Shamrock Rovers,1.0,1.0,False
uefa.europa,2016-07-07T16:00:00Z,Zaglebie Lubin,Slavia Sofia,3.0,0.0,False
uefa.europa,2016-07-07T16:30:00Z,Brøndby IF,Valur Reykjavik,6.0,0.0,False
uefa.europa,2016-07-07T16:30:00Z,CS Fola Esch,Aberdeen,1.0,0.0,False
uefa.europa,2016-07-07T16:30:00Z,ND Gorica,Maccabi Tel-Aviv,0.0,1.0,False
uefa.europa,2016-07-07T16:30:00Z,Omonia Nicosia,FC Urartu,4.0,1.0,False
uefa.europa,2016-07-07T16:45:00Z,Beitar Jerusalem,Sloboda Tuzla,1.0,0.0,False
uefa.europa,2016-07-07T17:00:00Z,Buducnost Podgorica,FK Rabotnicki,1.0,0.0,False
uefa.europa,2016-07-07T17:00:00Z,FC Zaria Balti,Fehérvár,2.0,0.0,False
uefa.europa,2016-07-07T17:00:00Z,FK Suduva,FC Midtjylland,0.0,1.0,False
uefa.europa,2016-07-07T17:00:00Z,HB Torshavn,FC Levadia Tallinn,0.0,2.0,False
uefa.europa,2016-07-07T17:00:00Z,Stabaek,Connah's Quay,0.0,1.0,False
uefa.europa,2016-07-07T17:30:00Z,Bala Town,AIK,0.0,2.0,False
uefa.europa,2016-07-07T18:00:00Z,Cracovia,KF Shkëndija,1.0,2.0,False
uefa.europa,2016-07-07T18:00:00Z,FK Sileks ,FC Vaduz,1.0,2.0,False
uefa.europa,2016-07-07T18:00:00Z,Hibernians,FC Spartak Trnava,0.0,3.0,False
uefa.europa,2016-07-07T18:00:00Z,Llandudno Town,IFK Göteborg,1.0,2.0,False
uefa.europa,2016-07-07T18:00:00Z,Shakhter Soligorsk,NSI Runavik,5.0,0.0,False
uefa.europa,2016-07-07T18:00:00Z,Vojvodina,Bokelj,5.0,0.0,False
uefa.europa,2016-07-07T18:00:00Z,Víkingur,FK Ventspils,0.0,2.0,False
uefa.europa,2016-07-07T18:30:00Z,Lusitanos,NK Domzale,1.0,2.0,False
uefa.europa,2016-07-07T18:30:00Z,SS Folgore Falciano,AEK Larnaca,1.0,3.0,False
uefa.europa,2016-07-07T18:45:00Z,Cliftonville,FC Differdange 03,2.0,0.0,False
uefa.europa,2016-07-07T18:45:00Z,Cork,Linfield,1.0,1.0,False
uefa.europa,2016-07-07T18:45:00Z,Glenavon,KR Reykjavik,0.0,6.0,False
uefa.champions,2016-07-12T16:30:00Z,Zrinjski Mostar,Legia Warsaw,1.0,1.0,False
uefa.champions,2016-07-12T17:00:00Z,Dinamo Tbilisi,Alashkert FC,2.0,0.0,False
uefa.champions,2016-07-12T17:00:00Z,FK Qarabag,F91 Dudelange,2.0,0.0,False
uefa.champions,2016-07-12T17:50:00Z,Hapoel Be'er,Sheriff Tiraspol,3.0,2.0,False
uefa.champions,2016-07-12T18:00:00Z,BATE Borisov,SJK,2.0,0.0,False
uefa.champions,2016-07-12T18:00:00Z,Lincoln Red Imps,Celtic,1.0,0.0,False
uefa.champions,2016-07-12T18:00:00Z,The New Saints,Apoel Nicosia,0.0,0.0,False
uefa.champions,2016-07-12T18:00:00Z,Valletta,Red Star Belgrade,1.0,2.0,False
uefa.champions,2016-07-12T18:30:00Z,RB Salzburg,FK Liepaja,1.0,0.0,False
uefa.champions,2016-07-12T18:45:00Z,Vardar,Dinamo Zagreb,1.0,2.0,False
uefa.champions,2016-07-13T17:15:00Z,Rosenborg,IFK Norrköping,3.0,1.0,False
uefa.champions,2016-07-13T17:15:00Z,Zalgiris Vilnius,FC Astana,0.0,0.0,False
uefa.champions,2016-07-13T17:30:00Z,Ludogorets Razgrad,Mladost Pogorica,2.0,0.0,False
uefa.champions,2016-07-13T18:00:00Z,Crusaders,F.C. København,0.0,3.0,False
uefa.champions,2016-07-13T18:00:00Z,Partizani Tirana,Ferencvaros,1.0,1.0,False
uefa.champions,2016-07-13T18:30:00Z,Olimpija Ljubljana,AS Trencin,3.0,4.0,False
uefa.champions,2016-07-13T18:45:00Z,Dundalk,FH Hafnarfjordur,1.0,1.0,False
uefa.europa,2016-07-14T13:00:00Z,Shirak,FC Spartak Trnava,1.0,1.0,False
uefa.europa,2016-07-14T14:45:00Z,Kairat Almaty,Maccabi Tel-Aviv,1.0,1.0,False
uefa.europa,2016-07-14T15:30:00Z,Dinamo Minsk,St Patrick's Athletic,1.0,1.0,False
uefa.europa,2016-07-14T16:00:00Z,FC Levadia Tallinn,Slavia Prague,3.0,1.0,False
uefa.europa,2016-07-14T16:00:00Z,Neftchi,KF Shkëndija,0.0,0.0,False
uefa.europa,2016-07-14T16:00:00Z,RoPS,NK Lokomotiva,1.0,1.0,False
uefa.europa,2016-07-14T16:30:00Z,Debrecen,Torpedo Zhodino,1.0,2.0,False
uefa.europa,2016-07-14T16:30:00Z,FC Midtjylland,FC Vaduz,3.0,0.0,False
uefa.europa,2016-07-14T17:00:00Z,AIK,Europa FC,1.0,0.0,False
uefa.europa,2016-07-14T17:00:00Z,BK Häcken,Cork,1.0,1.0,False
uefa.europa,2016-07-14T17:00:00Z,Beitar Jerusalem,Omonia Nicosia,1.0,0.0,False
uefa.europa,2016-07-14T17:00:00Z,FC Admira Wacker Modling,FK Kapaz,1.0,0.0,False
uefa.europa,2016-07-14T17:00:00Z,Maccabi Haifa,Nomme Kalju,1.0,1.0,False
uefa.europa,2016-07-14T17:00:00Z,Sønderjyske Fodbold,Stromsgodset,2.0,1.0,False
uefa.europa,2016-07-14T17:00:00Z,Zimbru Chisinau,Osmanlispor,2.0,2.0,False
uefa.europa,2016-07-14T17:30:00Z,Beroe Stara Zagora,HJK Helsinki,1.0,1.0,False
uefa.europa,2016-07-14T17:30:00Z,Shakhter Soligorsk,NK Domzale,1.0,1.0,False
uefa.europa,2016-07-14T18:00:00Z,NK Maribor,Levski Sofia,0.0,0.0,False
uefa.europa,2016-07-14T18:00:00Z,Pas Giannina,Odds BK,3.0,0.0,False
uefa.europa,2016-07-14T18:00:00Z,Politehnica Iasi,Hajduk Split,2.0,2.0,False
uefa.europa,2016-07-14T18:00:00Z,Racing Genk,Buducnost Podgorica,2.0,0.0,False
uefa.europa,2016-07-14T18:00:00Z,Vojvodina,Connah's Quay,1.0,0.0,False
uefa.europa,2016-07-14T18:15:00Z,Partizan Belgrade,Zaglebie Lubin,0.0,0.0,False
uefa.europa,2016-07-14T18:15:00Z,Slovan Bratislava,FK Jelgava,0.0,0.0,False
uefa.europa,2016-07-14T18:30:00Z,Birkirkara,Heart of Midlothian,0.0,0.0,False
uefa.europa,2016-07-14T18:30:00Z,Fehérvár,Cukaricki Belgrade,2.0,0.0,False
uefa.europa,2016-07-14T18:30:00Z,MTK Budapest,FK Qabala,1.0,2.0,False
uefa.europa,2016-07-14T18:45:00Z,Aberdeen,FK Ventspils,3.0,0.0,False
uefa.europa,2016-07-14T18:45:00Z,Cliftonville,AEK Larnaca,2.0,3.0,False
uefa.europa,2016-07-14T18:45:00Z,Hibernian,Brøndby IF,0.0,1.0,False
uefa.europa,2016-07-14T18:45:00Z,Piast Gliwice,IFK Göteborg,0.0,3.0,False
uefa.europa,2016-07-14T19:05:00Z,Austria Vienna,FK Kukesi,1.0,0.0,False
uefa.europa,2016-07-14T19:15:00Z,KR Reykjavik,Grasshoppers,3.0,3.0,False
uefa.champions,2016-07-19T15:00:00Z,Alashkert FC,Dinamo Tbilisi,1.0,1.0,False
uefa.champions,2016-07-19T16:00:00Z,FK Liepaja,RB Salzburg,0.0,2.0,False
uefa.champions,2016-07-19T17:00:00Z,Apoel Nicosia,The New Saints,3.0,0.0,False
uefa.champions,2016-07-19T17:00:00Z,SJK,BATE Borisov,2.0,2.0,False
uefa.champions,2016-07-19T17:00:00Z,Sheriff Tiraspol,Hapoel Be'er,0.0,0.0,False
uefa.champions,2016-07-19T17:15:00Z,F.C. København,Crusaders,6.0,0.0,False
uefa.champions,2016-07-19T18:30:00Z,Red Star Belgrade,Valletta,2.0,1.0,False
uefa.champions,2016-07-19T18:45:00Z,Legia Warsaw,Zrinjski Mostar,2.0,0.0,False
uefa.champions,2016-07-19T18:45:00Z,Mladost Pogorica,Ludogorets Razgrad,0.0,3.0,False
uefa.champions,2016-07-20T14:00:00Z,FC Astana,Zalgiris Vilnius,2.0,1.0,False
uefa.champions,2016-07-20T16:00:00Z,F91 Dudelange,FK Qarabag,1.0,1.0,False
uefa.europa,2016-07-20T16:00:00Z,FK Kapaz,FC Admira Wacker Modling,0.0,2.0,False
uefa.champions,2016-07-20T17:15:00Z,IFK Norrköping,Rosenborg,3.0,2.0,False
uefa.champions,2016-07-20T17:30:00Z,Ferencvaros,Partizani Tirana,1.0,1.0,False
uefa.champions,2016-07-20T18:15:00Z,AS Trencin,Olimpija Ljubljana,2.0,3.0,False
uefa.champions,2016-07-20T18:45:00Z,Celtic,Lincoln Red Imps,3.0,0.0,False
uefa.champions,2016-07-20T18:45:00Z,Dinamo Zagreb,Vardar,3.0,2.0,False
uefa.champions,2016-07-20T19:15:00Z,FH Hafnarfjordur,Dundalk,2.0,2.0,False
uefa.europa,2016-07-21T15:00:00Z,FK Ventspils,Aberdeen,0.0,1.0,False
uefa.europa,2016-07-21T15:30:00Z,FK Jelgava,Slovan Bratislava,3.0,0.0,False
uefa.europa,2016-07-21T16:00:00Z,HJK Helsinki,Beroe Stara Zagora,1.0,0.0,False
uefa.europa,2016-07-21T16:00:00Z,NK Lokomotiva,RoPS,3.0,0.0,False
uefa.europa,2016-07-21T16:00:00Z,Nomme Kalju,Maccabi Haifa,1.0,1.0,False
uefa.europa,2016-07-21T16:00:00Z,Torpedo Zhodino,Debrecen,1.0,0.0,False
uefa.europa,2016-07-21T16:30:00Z,Omonia Nicosia,Beitar Jerusalem,3.0,2.0,False
uefa.europa,2016-07-21T17:00:00Z,AEK Larnaca,Cliftonville,2.0,0.0,False
uefa.europa,2016-07-21T17:00:00Z,Europa FC,AIK,0.0,1.0,False
uefa.europa,2016-07-21T17:00:00Z,FC Vaduz,FC Midtjylland,2.0,2.0,False
uefa.europa,2016-07-21T17:00:00Z,FK Qabala,MTK Budapest,2.0,0.0,False
uefa.europa,2016-07-21T17:00:00Z,Grasshoppers,KR Reykjavik,2.0,1.0,False
uefa.europa,2016-07-21T17:00:00Z,IFK Göteborg,Piast Gliwice,0.0,0.0,False
uefa.europa,2016-07-21T17:00:00Z,Levski Sofia,NK Maribor,1.0,1.0,False
uefa.europa,2016-07-21T17:00:00Z,Maccabi Tel-Aviv,Kairat Almaty,2.0,1.0,False
uefa.europa,2016-07-21T17:00:00Z,Odds BK,Pas Giannina,3.0,1.0,False
uefa.europa,2016-07-21T17:00:00Z,Slavia Prague,FC Levadia Tallinn,2.0,0.0,False
uefa.europa,2016-07-21T17:00:00Z,Stromsgodset,Sønderjyske Fodbold,2.0,2.0,False
uefa.europa,2016-07-21T17:30:00Z,FK Kukesi,Austria Vienna,1.0,4.0,False
uefa.europa,2016-07-21T17:45:00Z,Connah's Quay,Vojvodina,1.0,2.0,False
uefa.europa,2016-07-21T18:00:00Z,Brøndby IF,Hibernian,0.0,1.0,False
uefa.europa,2016-07-21T18:00:00Z,KF Shkëndija,Neftchi,1.0,0.0,False
uefa.europa,2016-07-21T18:00:00Z,Osmanlispor,Zimbru Chisinau,5.0,0.0,False
uefa.europa,2016-07-21T18:15:00Z,FC Spartak Trnava,Shirak,2.0,0.0,False
uefa.europa,2016-07-21T18:30:00Z,Cukaricki Belgrade,Fehérvár,1.0,1.0,False
uefa.europa,2016-07-21T18:30:00Z,Hajduk Split,Politehnica Iasi,2.0,1.0,False
uefa.europa,2016-07-21T18:30:00Z,NK Domzale,Shakhter Soligorsk,2.0,1.0,False
uefa.europa,2016-07-21T18:45:00Z,Buducnost Podgorica,Racing Genk,2.0,0.0,False
uefa.europa,2016-07-21T18:45:00Z,Cork,BK Häcken,1.0,0.0,False
uefa.europa,2016-07-21T18:45:00Z,St Patrick's Athletic,Dinamo Minsk,0.0,1.0,False
uefa.europa,2016-07-21T19:00:00Z,Heart of Midlothian,Birkirkara,1.0,2.0,False
uefa.europa,2016-07-21T19:05:00Z,Zaglebie Lubin,Partizan Belgrade,0.0,0.0,False
uefa.champions,2016-07-26T18:00:00Z,BATE Borisov,Dundalk,1.0,0.0,False
uefa.champions,2016-07-26T18:00:00Z,Ludogorets Razgrad,Red Star Belgrade,2.0,2.0,False
uefa.champions,2016-07-26T18:00:00Z,Sparta Prague,FCSB,1.0,1.0,False
uefa.champions,2016-07-26T18:15:00Z,Partizani Tirana,RB Salzburg,0.0,1.0,False
uefa.champions,2016-07-26T18:15:00Z,Viktoria Plzen,FK Qarabag,0.0,0.0,False
uefa.champions,2016-07-26T18:30:00Z,Rostov,Anderlecht,2.0,2.0,False
uefa.champions,2016-07-26T18:45:00Z,Ajax Amsterdam,PAOK,1.0,1.0,False
uefa.champions,2016-07-26T18:45:00Z,Dinamo Zagreb,Dinamo Tbilisi,2.0,0.0,False
uefa.champions,2016-07-26T18:45:00Z,Shakhtar Donetsk,Young Boys,2.0,0.0,False
uefa.champions,2016-07-27T14:00:00Z,FC Astana,Celtic,1.0,1.0,False
uefa.champions,2016-07-27T17:15:00Z,Rosenborg,Apoel Nicosia,2.0,1.0,False
uefa.champions,2016-07-27T17:30:00Z,FK Astra Giurgiu,F.C. København,1.0,1.0,False
uefa.champions,2016-07-27T18:30:00Z,AS Trencin,Legia Warsaw,0.0,1.0,False
uefa.champions,2016-07-27T18:30:00Z,Fenerbahce,AS Monaco,2.0,1.0,False
uefa.champions,2016-07-27T18:45:00Z,Olympiacos,Hapoel Be'er,0.0,0.0,False
uefa.europa,2016-07-28T15:00:00Z,AEK Larnaca,Spartak Moscow,1.0,1.0,False
uefa.europa,2016-07-28T16:30:00Z,FC Olexandriya,Hajduk Split,0.0,3.0,False
uefa.europa,2016-07-28T16:45:00Z,Heracles Almelo,Arouca,1.0,1.0,False
uefa.europa,2016-07-28T17:00:00Z,Austria Vienna,FC Spartak Trnava,0.0,1.0,False
uefa.europa,2016-07-28T17:00:00Z,FK Jelgava,Beitar Jerusalem,1.0,1.0,False
uefa.europa,2016-07-28T17:00:00Z,IFK Göteborg,HJK Helsinki,1.0,2.0,False
uefa.europa,2016-07-28T17:00:00Z,Lille,FK Qabala,1.0,1.0,False
uefa.europa,2016-07-28T17:00:00Z,NK Lokomotiva,Vorskla,0.0,0.0,False
uefa.europa,2016-07-28T17:00:00Z,Slavia Prague,Rio Ave,0.0,0.0,False
uefa.europa,2016-07-28T17:00:00Z,Torpedo Zhodino,Rapid Vienna,0.0,0.0,False
uefa.europa,2016-07-28T17:00:00Z,Zaglebie Lubin,Sønderjyske Fodbold,1.0,2.0,False
uefa.europa,2016-07-28T17:30:00Z,Birkirkara,Krasnodar,0.0,3.0,False
uefa.europa,2016-07-28T17:30:00Z,Istanbul Basaksehir,Rijeka,0.0,0.0,False
uefa.europa,2016-07-28T17:45:00Z,FC Luzern,Sassuolo,1.0,1.0,False
uefa.europa,2016-07-28T17:45:00Z,Grasshoppers,Apollon Limassol,2.0,1.0,False
uefa.europa,2016-07-28T18:00:00Z,KF Shkëndija,Mlada Boleslav,2.0,0.0,False
uefa.europa,2016-07-28T18:00:00Z,Osmanlispor,Nomme Kalju,1.0,0.0,False
uefa.europa,2016-07-28T18:00:00Z,Panathinaikos,AIK,1.0,0.0,False
uefa.europa,2016-07-28T18:00:00Z,Pandurii Targu-Jiu,Maccabi Tel-Aviv,1.0,3.0,False
uefa.europa,2016-07-28T18:00:00Z,Racing Genk,Cork,1.0,0.0,False
uefa.europa,2016-07-28T18:00:00Z,Vojvodina,Dinamo Minsk,1.0,1.0,False
uefa.europa,2016-07-28T18:15:00Z,Hertha Berlin,Brøndby IF,1.0,0.0,False
uefa.europa,2016-07-28T18:30:00Z,Fehérvár,FC Midtjylland,0.0,1.0,False
uefa.europa,2016-07-28T18:30:00Z,KAA Gent,Viitorul Constanta,5.0,0.0,False
uefa.europa,2016-07-28T18:45:00Z,AZ Alkmaar,Pas Giannina,1.0,0.0,False
uefa.europa,2016-07-28T18:45:00Z,Aberdeen,NK Maribor,1.0,1.0,False
uefa.europa,2016-07-28T18:45:00Z,NK Domzale,West Ham United,2.0,1.0,False
uefa.europa,2016-07-28T19:00:00Z,Saint-Étienne,AEK Athens,0.0,0.0,False
uefa.europa,2016-07-28T19:05:00Z,FC Admira Wacker Modling,Liberec,1.0,2.0,False
uefa.champions,2016-08-02T16:30:00Z,FK Qarabag,Viktoria Plzen,1.0,1.0,False
uefa.champions,2016-08-02T17:00:00Z,Apoel Nicosia,Rosenborg,3.0,0.0,False
uefa.champions,2016-08-02T17:00:00Z,Dinamo Tbilisi,Dinamo Zagreb,0.0,1.0,False
uefa.champions,2016-08-02T18:30:00Z,Red Star Belgrade,Ludogorets Razgrad,2.0,4.0,False
uefa.champions,2016-08-02T19:00:00Z,Dundalk,BATE Borisov,3.0,0.0,False
concacaf.champions,2016-08-03T00:00:00Z,Central FC,Vancouver Whitecaps,0.0,1.0,False
concacaf.champions,2016-08-03T02:00:00Z,Pachuca,Club Deportivo Olimpia,1.0,0.0,False
uefa.europa,2016-08-03T16:00:00Z,Liberec,FC Admira Wacker Modling,2.0,0.0,False
uefa.champions,2016-08-03T17:45:00Z,F.C. København,FK Astra Giurgiu,3.0,0.0,False
uefa.champions,2016-08-03T17:45:00Z,FCSB,Sparta Prague,2.0,0.0,False
uefa.champions,2016-08-03T18:00:00Z,Hapoel Be'er,Olympiacos,1.0,0.0,False
uefa.champions,2016-08-03T18:15:00Z,Young Boys,Shakhtar Donetsk,2.0,0.0,False
uefa.champions,2016-08-03T18:30:00Z,PAOK,Ajax Amsterdam,1.0,2.0,False
uefa.champions,2016-08-03T18:30:00Z,RB Salzburg,Partizani Tirana,2.0,0.0,False
uefa.champions,2016-08-03T18:45:00Z,AS Monaco,Fenerbahce,3.0,1.0,False
uefa.champions,2016-08-03T18:45:00Z,Anderlecht,Rostov,0.0,2.0,False
uefa.champions,2016-08-03T18:45:00Z,Celtic,FC Astana,2.0,1.0,False
uefa.champions,2016-08-03T18:45:00Z,Legia Warsaw,AS Trencin,0.0,0.0,False
concacaf.champions,2016-08-04T00:00:00Z,Red Bull New York,Antigua GFC,3.0,0.0,False
concacaf.champions,2016-08-04T00:00:00Z,W Connection FC,Pumas UNAM,2.0,4.0,False
concacaf.champions,2016-08-04T02:00:00Z,Don Bosco,Monterrey,0.0,3.0,False
concacaf.champions,2016-08-04T02:00:00Z,Portland Timbers,CD Dragon,2.0,1.0,False
uefa.europa,2016-08-04T16:00:00Z,FC Midtjylland,Fehérvár,1.0,1.0,False
uefa.europa,2016-08-04T16:00:00Z,HJK Helsinki,IFK Göteborg,0.0,2.0,False
uefa.europa,2016-08-04T16:00:00Z,Nomme Kalju,Osmanlispor,0.0,2.0,False
uefa.europa,2016-08-04T16:30:00Z,FC Spartak Trnava,Austria Vienna,0.0,1.0,False
uefa.europa,2016-08-04T16:30:00Z,Krasnodar,Birkirkara,3.0,1.0,False
uefa.europa,2016-08-04T16:30:00Z,Spartak Moscow,AEK Larnaca,0.0,1.0,False
uefa.europa,2016-08-04T17:00:00Z,AIK,Panathinaikos,0.0,2.0,False
uefa.europa,2016-08-04T17:00:00Z,Apollon Limassol,Grasshoppers,3.0,3.0,False
uefa.europa,2016-08-04T17:00:00Z,Arouca,Heracles Almelo,0.0,0.0,False
uefa.europa,2016-08-04T17:00:00Z,Beitar Jerusalem,FK Jelgava,3.0,0.0,False
uefa.europa,2016-08-04T17:00:00Z,FK Qabala,Lille,1.0,0.0,False
uefa.europa,2016-08-04T17:00:00Z,Mlada Boleslav,KF Shkëndija,1.0,0.0,False
uefa.europa,2016-08-04T17:00:00Z,Pas Giannina,AZ Alkmaar,1.0,2.0,False
uefa.europa,2016-08-04T17:00:00Z,Vorskla,NK Lokomotiva,2.0,3.0,False
uefa.europa,2016-08-04T17:15:00Z,Sønderjyske Fodbold,Zaglebie Lubin,1.0,1.0,False
uefa.europa,2016-08-04T17:30:00Z,Maccabi Tel-Aviv,Pandurii Targu-Jiu,2.0,1.0,False
uefa.europa,2016-08-04T17:45:00Z,Dinamo Minsk,Vojvodina,0.0,2.0,False
uefa.europa,2016-08-04T18:00:00Z,AEK Athens,Saint-Étienne,0.0,1.0,False
uefa.europa,2016-08-04T18:15:00Z,Brøndby IF,Hertha Berlin,3.0,1.0,False
uefa.europa,2016-08-04T18:15:00Z,NK Maribor,Aberdeen,1.0,0.0,False
uefa.europa,2016-08-04T18:15:00Z,Rijeka,Istanbul Basaksehir,2.0,2.0,False
uefa.europa,2016-08-04T18:15:00Z,Viitorul Constanta,KAA Gent,0.0,0.0,False
uefa.europa,2016-08-04T18:30:00Z,Hajduk Split,FC Olexandriya,3.0,1.0,False
uefa.europa,2016-08-04T18:30:00Z,Sassuolo,FC Luzern,3.0,0.0,False
uefa.europa,2016-08-04T18:45:00Z,Cork,Racing Genk,1.0,2.0,False
uefa.europa,2016-08-04T18:45:00Z,West Ham United,NK Domzale,3.0,0.0,False
uefa.europa,2016-08-04T19:00:00Z,Rio Ave,Slavia Prague,1.0,1.0,False
uefa.europa,2016-08-04T19:05:00Z,Rapid Vienna,Torpedo Zhodino,3.0,0.0,False
concacaf.champions,2016-08-05T00:00:00Z,FC Dallas,Real Estelí,2.0,1.0,False
concacaf.champions,2016-08-05T02:00:00Z,Plaza Amador,Herediano,1.0,1.0,False
uefa.champions,2016-08-16T18:45:00Z,Ajax Amsterdam,Rostov,1.0,1.0,False
uefa.champions,2016-08-16T18:45:00Z,Dinamo Zagreb,RB Salzburg,1.0,1.0,False
uefa.champions,2016-08-16T18:45:00Z,F.C. København,Apoel Nicosia,1.0,0.0,False
uefa.champions,2016-08-16T18:45:00Z,FCSB,Manchester City,0.0,5.0,False
uefa.champions,2016-08-16T18:45:00Z,Young Boys,Borussia Mönchengladbach,1.0,3.0,False
concacaf.champions,2016-08-17T00:00:00Z,Central FC,Sporting Kansas City,2.0,2.0,False
concacaf.champions,2016-08-17T02:00:00Z,Alianza FC,Red Bull New York,1.0,1.0,False
concacaf.champions,2016-08-17T02:00:00Z,Club Deportivo Olimpia,Police United,4.0,0.0,False
uefa.europa,2016-08-17T16:00:00Z,Beitar Jerusalem,Saint-Étienne,1.0,2.0,False
uefa.champions,2016-08-17T18:45:00Z,Celtic,Hapoel Be'er,5.0,2.0,False
uefa.champions,2016-08-17T18:45:00Z,Dundalk,Legia Warsaw,0.0,2.0,False
uefa.champions,2016-08-17T18:45:00Z,FC Porto,AS Roma,1.0,1.0,False
uefa.champions,2016-08-17T18:45:00Z,Ludogorets Razgrad,Viktoria Plzen,2.0,0.0,False
uefa.champions,2016-08-17T18:45:00Z,Villarreal,AS Monaco,1.0,2.0,False
concacaf.champions,2016-08-18T00:00:00Z,Monterrey,Arabe Unido,2.0,3.0,False
concacaf.champions,2016-08-18T02:00:00Z,Herediano,Tigres UANL,1.0,3.0,False
uefa.europa,2016-08-18T14:00:00Z,FC Astana,BATE Borisov,2.0,0.0,False
uefa.europa,2016-08-18T16:00:00Z,Dinamo Tbilisi,PAOK,0.0,3.0,False
uefa.europa,2016-08-18T16:15:00Z,Sønderjyske Fodbold,Sparta Prague,0.0,0.0,False
uefa.europa,2016-08-18T16:30:00Z,FC Midtjylland,Osmanlispor,0.0,1.0,False
uefa.europa,2016-08-18T16:30:00Z,Krasnodar,Partizani Tirana,4.0,0.0,False
uefa.europa,2016-08-18T17:00:00Z,AEK Larnaca,Liberec,0.0,1.0,False
uefa.europa,2016-08-18T17:00:00Z,Austria Vienna,Rosenborg,2.0,1.0,False
uefa.europa,2016-08-18T17:00:00Z,FK Qabala,NK Maribor,3.0,1.0,False
uefa.europa,2016-08-18T17:00:00Z,IFK Göteborg,FK Qarabag,1.0,0.0,False
uefa.europa,2016-08-18T17:00:00Z,Maccabi Tel-Aviv,Hajduk Split,2.0,1.0,False
uefa.europa,2016-08-18T17:00:00Z,Slavia Prague,Anderlecht,0.0,3.0,False
uefa.europa,2016-08-18T17:30:00Z,Istanbul Basaksehir,Shakhtar Donetsk,1.0,2.0,False
uefa.europa,2016-08-18T18:00:00Z,Fenerbahce,Grasshoppers,3.0,0.0,False
uefa.europa,2016-08-18T18:00:00Z,NK Lokomotiva,Racing Genk,2.0,2.0,False
uefa.europa,2016-08-18T18:00:00Z,Panathinaikos,Brøndby IF,3.0,0.0,False
uefa.europa,2016-08-18T18:00:00Z,Vojvodina,AZ Alkmaar,0.0,3.0,False
uefa.europa,2016-08-18T18:15:00Z,FK Astra Giurgiu,West Ham United,1.0,1.0,False
uefa.europa,2016-08-18T18:30:00Z,KAA Gent,KF Shkëndija,2.0,1.0,False
uefa.europa,2016-08-18T18:45:00Z,Sassuolo,Red Star Belgrade,3.0,0.0,False
uefa.europa,2016-08-18T19:00:00Z,Arouca,Olympiacos,0.0,1.0,False
uefa.europa,2016-08-18T19:05:00Z,AS Trencin,Rapid Vienna,0.0,4.0,False
concacaf.champions,2016-08-19T00:00:00Z,Suchitepequez,Real Estelí,1.0,0.0,False
concacaf.champions,2016-08-19T02:00:00Z,Pumas UNAM,Honduras Progreso,2.0,0.0,False
concacaf.champions,2016-08-19T02:00:00Z,Saprissa,CD Dragon,6.0,0.0,False
uefa.champions,2016-08-23T18:45:00Z,AS Monaco,Villarreal,1.0,0.0,False
uefa.champions,2016-08-23T18:45:00Z,AS Roma,FC Porto,0.0,3.0,False
uefa.champions,2016-08-23T18:45:00Z,Hapoel Be'er,Celtic,2.0,0.0,False
uefa.champions,2016-08-23T18:45:00Z,Legia Warsaw,Dundalk,1.0,1.0,False
uefa.champions,2016-08-23T18:45:00Z,Viktoria Plzen,Ludogorets Razgrad,2.0,2.0,False
concacaf.champions,2016-08-24T00:00:00Z,Alianza FC,Antigua GFC,1.0,1.0,False
concacaf.champions,2016-08-24T02:00:00Z,Pachuca,Police United,3.0,0.0,False
concacaf.champions,2016-08-24T02:00:00Z,Vancouver Whitecaps,Sporting Kansas City,3.0,0.0,False
uefa.champions,2016-08-24T18:45:00Z,Apoel Nicosia,F.C. København,1.0,1.0,False
uefa.champions,2016-08-24T18:45:00Z,Borussia Mönchengladbach,Young Boys,6.0,1.0,False
uefa.champions,2016-08-24T18:45:00Z,Manchester City,FCSB,1.0,0.0,False
uefa.champions,2016-08-24T18:45:00Z,RB Salzburg,Dinamo Zagreb,1.0,2.0,False
uefa.champions,2016-08-24T18:45:00Z,Rostov,Ajax Amsterdam,4.0,1.0,False
concacaf.champions,2016-08-25T00:00:00Z,Don Bosco,Arabe Unido,2.0,5.0,False
concacaf.champions,2016-08-25T02:00:00Z,Real Estelí,FC Dallas,1.0,1.0,False
concacaf.champions,2016-08-25T02:00:00Z,Tigres UANL,Plaza Amador,3.0,1.0,False
uefa.europa,2016-08-25T16:30:00Z,FK Qarabag,IFK Göteborg,3.0,0.0,False
uefa.europa,2016-08-25T17:00:00Z,Brøndby IF,Panathinaikos,1.0,1.0,False
uefa.europa,2016-08-25T17:00:00Z,Grasshoppers,Fenerbahce,0.0,2.0,False
uefa.europa,2016-08-25T17:00:00Z,Liberec,AEK Larnaca,3.0,0.0,False
uefa.europa,2016-08-25T17:00:00Z,Rosenborg,Austria Vienna,1.0,2.0,False
uefa.europa,2016-08-25T17:30:00Z,Partizani Tirana,Krasnodar,0.0,0.0,False
uefa.europa,2016-08-25T18:00:00Z,AZ Alkmaar,Vojvodina,0.0,0.0,False
uefa.europa,2016-08-25T18:00:00Z,Anderlecht,Slavia Prague,3.0,0.0,False
uefa.europa,2016-08-25T18:00:00Z,BATE Borisov,FC Astana,2.0,2.0,False
uefa.europa,2016-08-25T18:00:00Z,KF Shkëndija,KAA Gent,0.0,4.0,False
uefa.europa,2016-08-25T18:00:00Z,Osmanlispor,FC Midtjylland,2.0,0.0,False
uefa.europa,2016-08-25T18:00:00Z,PAOK,Dinamo Tbilisi,2.0,0.0,False
uefa.europa,2016-08-25T18:00:00Z,Racing Genk,NK Lokomotiva,2.0,0.0,False
uefa.europa,2016-08-25T18:00:00Z,Sparta Prague,Sønderjyske Fodbold,3.0,2.0,False
uefa.europa,2016-08-25T18:15:00Z,NK Maribor,FK Qabala,1.0,0.0,False
uefa.europa,2016-08-25T18:30:00Z,Hajduk Split,Maccabi Tel-Aviv,2.0,1.0,False
uefa.europa,2016-08-25T18:30:00Z,Red Star Belgrade,Sassuolo,1.0,1.0,False
uefa.europa,2016-08-25T18:45:00Z,Olympiacos,Arouca,2.0,1.0,False
uefa.europa,2016-08-25T18:45:00Z,Saint-Étienne,Beitar Jerusalem,0.0,0.0,False
uefa.europa,2016-08-25T18:45:00Z,West Ham United,FK Astra Giurgiu,0.0,1.0,False
uefa.europa,2016-08-25T19:00:00Z,Shakhtar Donetsk,Istanbul Basaksehir,2.0,0.0,False
uefa.europa,2016-08-25T19:05:00Z,Rapid Vienna,AS Trencin,0.0,2.0,False
concacaf.champions,2016-08-26T00:00:00Z,W Connection FC,Honduras Progreso,1.0,1.0,False
concacaf.champions,2016-08-26T02:00:00Z,CD Dragon,Saprissa,0.0,0.0,False
uefa.champions,2016-09-13T18:45:00Z,Barcelona,Celtic,7.0,0.0,False
uefa.champions,2016-09-13T18:45:00Z,Bayern Munich,Rostov,5.0,0.0,False
uefa.champions,2016-09-13T18:45:00Z,Benfica,Besiktas,1.0,1.0,False
uefa.champions,2016-09-13T18:45:00Z,Dynamo Kyiv,Napoli,1.0,2.0,False
uefa.champions,2016-09-13T18:45:00Z,FC Basel,Ludogorets Razgrad,1.0,1.0,False
uefa.champions,2016-09-13T18:45:00Z,PSV Eindhoven,Atlético Madrid,0.0,1.0,False
uefa.champions,2016-09-13T18:45:00Z,Paris Saint-Germain,Arsenal,1.0,1.0,False
concacaf.champions,2016-09-14T00:00:00Z,Police United,Pachuca,0.0,11.0,False
concacaf.champions,2016-09-14T00:00:00Z,Sporting Kansas City,Vancouver Whitecaps,1.0,2.0,False
concacaf.champions,2016-09-14T02:00:00Z,Real Estelí,Suchitepequez,1.0,1.0,False
uefa.champions,2016-09-14T18:45:00Z,Bayer Leverkusen,CSKA Moscow,2.0,2.0,False
uefa.champions,2016-09-14T18:45:00Z,Club Brugge,Leicester City,0.0,3.0,False
uefa.champions,2016-09-14T18:45:00Z,FC Porto,F.C. København,1.0,1.0,False
uefa.champions,2016-09-14T18:45:00Z,Juventus,Sevilla,0.0,0.0,False
uefa.champions,2016-09-14T18:45:00Z,Legia Warsaw,Borussia Dortmund,0.0,6.0,False
uefa.champions,2016-09-14T18:45:00Z,Lyon,Dinamo Zagreb,3.0,0.0,False
uefa.champions,2016-09-14T18:45:00Z,Manchester City,Borussia Mönchengladbach,4.0,0.0,False
uefa.champions,2016-09-14T18:45:00Z,Real Madrid,Sporting CP,2.0,1.0,False
uefa.champions,2016-09-14T18:45:00Z,Tottenham Hotspur,AS Monaco,1.0,2.0,False
concacaf.champions,2016-09-15T00:00:00Z,Arabe Unido,Monterrey,2.0,1.0,False
concacaf.champions,2016-09-15T02:00:00Z,Saprissa,Portland Timbers,4.0,2.0,False
uefa.europa,2016-09-15T15:00:00Z,FK Qarabag,Liberec,2.0,2.0,False
uefa.europa,2016-09-15T17:00:00Z,AZ Alkmaar,Dundalk,1.0,1.0,False
uefa.europa,2016-09-15T17:00:00Z,Anderlecht,FK Qabala,3.0,1.0,False
uefa.europa,2016-09-15T17:00:00Z,Apoel Nicosia,FC Astana,2.0,1.0,False
uefa.europa,2016-09-15T17:00:00Z,FC Zorya Luhansk,Fenerbahce,1.0,1.0,False
uefa.europa,2016-09-15T17:00:00Z,FK Astra Giurgiu,Austria Vienna,2.0,3.0,False
uefa.europa,2016-09-15T17:00:00Z,Feyenoord Rotterdam,Manchester United,1.0,0.0,False
uefa.europa,2016-09-15T17:00:00Z,Maccabi Tel-Aviv,Zenit St Petersburg,3.0,4.0,False
uefa.europa,2016-09-15T17:00:00Z,Mainz,Saint-Étienne,1.0,1.0,False
uefa.europa,2016-09-15T17:00:00Z,Rapid Vienna,Racing Genk,3.0,2.0,False
uefa.europa,2016-09-15T17:00:00Z,Sassuolo,Athletic Club,3.0,0.0,False
uefa.europa,2016-09-15T17:00:00Z,Viktoria Plzen,AS Roma,1.0,1.0,False
uefa.europa,2016-09-15T17:00:00Z,Young Boys,Olympiacos,0.0,1.0,False
uefa.europa,2016-09-15T19:05:00Z,Braga,KAA Gent,1.0,1.0,False
uefa.europa,2016-09-15T19:05:00Z,Internazionale,Hapoel Be'er,0.0,2.0,False
uefa.europa,2016-09-15T19:05:00Z,Konyaspor,Shakhtar Donetsk,0.0,1.0,False
uefa.europa,2016-09-15T19:05:00Z,Nice,Schalke 04,0.0,1.0,False
uefa.europa,2016-09-15T19:05:00Z,Osmanlispor,FCSB,2.0,0.0,False
uefa.europa,2016-09-15T19:05:00Z,PAOK,Fiorentina,0.0,0.0,False
uefa.europa,2016-09-15T19:05:00Z,Panathinaikos,Ajax Amsterdam,1.0,2.0,False
uefa.europa,2016-09-15T19:05:00Z,RB Salzburg,Krasnodar,0.0,1.0,False
uefa.europa,2016-09-15T19:05:00Z,Southampton,Sparta Prague,3.0,0.0,False
uefa.europa,2016-09-15T19:05:00Z,Standard Liege,Celta Vigo,1.0,1.0,False
uefa.europa,2016-09-15T19:05:00Z,Villarreal,FC Zürich,2.0,1.0,False
concacaf.champions,2016-09-16T00:00:00Z,Red Bull New York,Alianza FC,1.0,0.0,False
concacaf.champions,2016-09-16T02:00:00Z,Herediano,Plaza Amador,2.0,0.0,False
concacaf.champions,2016-09-16T02:00:00Z,Honduras Progreso,Pumas UNAM,2.0,1.0,False
uefa.champions,2016-09-27T18:45:00Z,AS Monaco,Bayer Leverkusen,1.0,1.0,False
uefa.champions,2016-09-27T18:45:00Z,Borussia Dortmund,Real Madrid,2.0,2.0,False
uefa.champions,2016-09-27T18:45:00Z,CSKA Moscow,Tottenham Hotspur,0.0,1.0,False
uefa.champions,2016-09-27T18:45:00Z,Dinamo Zagreb,Juventus,0.0,4.0,False
uefa.champions,2016-09-27T18:45:00Z,F.C. København,Club Brugge,4.0,0.0,False
uefa.champions,2016-09-27T18:45:00Z,Leicester City,FC Porto,1.0,0.0,False
uefa.champions,2016-09-27T18:45:00Z,Sevilla,Lyon,1.0,0.0,False
uefa.champions,2016-09-27T18:45:00Z,Sporting CP,Legia Warsaw,2.0,0.0,False
concacaf.champions,2016-09-28T00:00:00Z,Antigua GFC,Red Bull New York,0.0,0.0,False
concacaf.champions,2016-09-28T02:00:00Z,CD Dragon,Portland Timbers,1.0,2.0,False
uefa.champions,2016-09-28T18:45:00Z,Arsenal,FC Basel,2.0,0.0,False
uefa.champions,2016-09-28T18:45:00Z,Atlético Madrid,Bayern Munich,1.0,0.0,False
uefa.champions,2016-09-28T18:45:00Z,Besiktas,Dynamo Kyiv,1.0,1.0,False
uefa.champions,2016-09-28T18:45:00Z,Borussia Mönchengladbach,Barcelona,1.0,2.0,False
uefa.champions,2016-09-28T18:45:00Z,Celtic,Manchester City,3.0,3.0,False
uefa.champions,2016-09-28T18:45:00Z,Ludogorets Razgrad,Paris Saint-Germain,1.0,3.0,False
uefa.champions,2016-09-28T18:45:00Z,Napoli,Benfica,4.0,2.0,False
uefa.champions,2016-09-28T18:45:00Z,Rostov,PSV Eindhoven,2.0,2.0,False
concacaf.champions,2016-09-29T00:00:00Z,FC Dallas,Suchitepequez,0.0,0.0,False
concacaf.champions,2016-09-29T00:00:00Z,Plaza Amador,Tigres UANL,1.0,0.0,False
concacaf.champions,2016-09-29T02:00:00Z,Monterrey,Don Bosco,3.0,0.0,False
concacaf.champions,2016-09-29T02:00:00Z,Vancouver Whitecaps,Central FC,4.0,1.0,False
uefa.europa,2016-09-29T15:00:00Z,FC Astana,Young Boys,0.0,0.0,False
uefa.europa,2016-09-29T15:00:00Z,FK Qabala,Mainz,2.0,3.0,False
uefa.europa,2016-09-29T17:00:00Z,Ajax Amsterdam,Standard Liege,1.0,0.0,False
uefa.europa,2016-09-29T17:00:00Z,Celta Vigo,Panathinaikos,2.0,0.0,False
uefa.europa,2016-09-29T17:00:00Z,FC Zürich,Osmanlispor,2.0,1.0,False
uefa.europa,2016-09-29T17:00:00Z,FCSB,Villarreal,1.0,1.0,False
uefa.europa,2016-09-29T17:00:00Z,Fiorentina,FK Qarabag,5.0,1.0,False
uefa.europa,2016-09-29T17:00:00Z,Hapoel Be'er,Southampton,0.0,0.0,False
uefa.europa,2016-09-29T17:00:00Z,KAA Gent,Konyaspor,2.0,0.0,False
uefa.europa,2016-09-29T17:00:00Z,Krasnodar,Nice,5.0,2.0,False
uefa.europa,2016-09-29T17:00:00Z,Liberec,PAOK,1.0,2.0,False
uefa.europa,2016-09-29T17:00:00Z,Schalke 04,RB Salzburg,3.0,1.0,False
uefa.europa,2016-09-29T17:00:00Z,Shakhtar Donetsk,Braga,2.0,0.0,False
uefa.europa,2016-09-29T17:00:00Z,Sparta Prague,Internazionale,3.0,1.0,False
uefa.europa,2016-09-29T19:05:00Z,AS Roma,FK Astra Giurgiu,4.0,0.0,False
uefa.europa,2016-09-29T19:05:00Z,Athletic Club,Rapid Vienna,1.0,0.0,False
uefa.europa,2016-09-29T19:05:00Z,Austria Vienna,Viktoria Plzen,0.0,0.0,False
uefa.europa,2016-09-29T19:05:00Z,Dundalk,Maccabi Tel-Aviv,1.0,0.0,False
uefa.europa,2016-09-29T19:05:00Z,Fenerbahce,Feyenoord Rotterdam,1.0,0.0,False
uefa.europa,2016-09-29T19:05:00Z,Manchester United,FC Zorya Luhansk,1.0,0.0,False
uefa.europa,2016-09-29T19:05:00Z,Olympiacos,Apoel Nicosia,0.0,1.0,False
uefa.europa,2016-09-29T19:05:00Z,Racing Genk,Sassuolo,3.0,1.0,False
uefa.europa,2016-09-29T19:05:00Z,Saint-Étienne,Anderlecht,1.0,1.0,False
uefa.europa,2016-09-29T19:05:00Z,Zenit St Petersburg,AZ Alkmaar,5.0,0.0,False
concacaf.champions,2016-09-30T00:00:00Z,Police United,Club Deportivo Olimpia,1.0,5.0,False
concacaf.champions,2016-09-30T02:00:00Z,Honduras Progreso,W Connection FC,1.0,0.0,False
uefa.champions,2016-10-18T18:45:00Z,Bayer Leverkusen,Tottenham Hotspur,0.0,0.0,False
uefa.champions,2016-10-18T18:45:00Z,CSKA Moscow,AS Monaco,1.0,1.0,False
uefa.champions,2016-10-18T18:45:00Z,Club Brugge,FC Porto,1.0,2.0,False
uefa.champions,2016-10-18T18:45:00Z,Dinamo Zagreb,Sevilla,0.0,1.0,False
uefa.champions,2016-10-18T18:45:00Z,Leicester City,F.C. København,1.0,0.0,False
uefa.champions,2016-10-18T18:45:00Z,Lyon,Juventus,0.0,1.0,False
uefa.champions,2016-10-18T18:45:00Z,Real Madrid,Legia Warsaw,5.0,1.0,False
uefa.champions,2016-10-18T18:45:00Z,Sporting CP,Borussia Dortmund,1.0,2.0,False
concacaf.champions,2016-10-19T00:00:00Z,Arabe Unido,Don Bosco,2.0,0.0,False
concacaf.champions,2016-10-19T02:00:00Z,Antigua GFC,Alianza FC,1.0,3.0,False
concacaf.champions,2016-10-19T02:00:00Z,Tigres UANL,Herediano,3.0,0.0,False
uefa.champions,2016-10-19T18:45:00Z,Arsenal,Ludogorets Razgrad,6.0,0.0,False
uefa.champions,2016-10-19T18:45:00Z,Barcelona,Manchester City,4.0,0.0,False
uefa.champions,2016-10-19T18:45:00Z,Bayern Munich,PSV Eindhoven,4.0,1.0,False
uefa.champions,2016-10-19T18:45:00Z,Celtic,Borussia Mönchengladbach,0.0,2.0,False
uefa.champions,2016-10-19T18:45:00Z,Dynamo Kyiv,Benfica,0.0,2.0,False
uefa.champions,2016-10-19T18:45:00Z,Napoli,Besiktas,2.0,3.0,False
uefa.champions,2016-10-19T18:45:00Z,Paris Saint-Germain,FC Basel,3.0,0.0,False
uefa.champions,2016-10-19T18:45:00Z,Rostov,Atlético Madrid,0.0,1.0,False
concacaf.champions,2016-10-20T00:00:00Z,Sporting Kansas City,Central FC,3.0,1.0,False
concacaf.champions,2016-10-20T02:00:00Z,Club Deportivo Olimpia,Pachuca,4.0,4.0,False
concacaf.champions,2016-10-20T02:00:00Z,Portland Timbers,Saprissa,1.0,1.0,False
uefa.europa,2016-10-20T17:00:00Z,Celta Vigo,Ajax Amsterdam,2.0,2.0,False
uefa.europa,2016-10-20T17:00:00Z,FCSB,FC Zürich,1.0,1.0,False
uefa.europa,2016-10-20T17:00:00Z,FK Qarabag,PAOK,2.0,0.0,False
uefa.europa,2016-10-20T17:00:00Z,Hapoel Be'er,Sparta Prague,0.0,1.0,False
uefa.europa,2016-10-20T17:00:00Z,Internazionale,Southampton,1.0,0.0,False
uefa.europa,2016-10-20T17:00:00Z,Konyaspor,Braga,1.0,1.0,False
uefa.europa,2016-10-20T17:00:00Z,Krasnodar,Schalke 04,0.0,1.0,False
uefa.europa,2016-10-20T17:00:00Z,Liberec,Fiorentina,1.0,3.0,False
uefa.europa,2016-10-20T17:00:00Z,Osmanlispor,Villarreal,2.0,2.0,False
uefa.europa,2016-10-20T17:00:00Z,RB Salzburg,Nice,0.0,1.0,False
uefa.europa,2016-10-20T17:00:00Z,Shakhtar Donetsk,KAA Gent,5.0,0.0,False
uefa.europa,2016-10-20T17:00:00Z,Standard Liege,Panathinaikos,2.0,2.0,False
uefa.europa,2016-10-20T19:05:00Z,AS Roma,Austria Vienna,3.0,3.0,False
uefa.europa,2016-10-20T19:05:00Z,AZ Alkmaar,Maccabi Tel-Aviv,1.0,2.0,False
uefa.europa,2016-10-20T19:05:00Z,Dundalk,Zenit St Petersburg,1.0,2.0,False
uefa.europa,2016-10-20T19:05:00Z,Feyenoord Rotterdam,FC Zorya Luhansk,1.0,0.0,False
uefa.europa,2016-10-20T19:05:00Z,Mainz,Anderlecht,1.0,1.0,False
uefa.europa,2016-10-20T19:05:00Z,Manchester United,Fenerbahce,4.0,1.0,False
uefa.europa,2016-10-20T19:05:00Z,Olympiacos,FC Astana,4.0,1.0,False
uefa.europa,2016-10-20T19:05:00Z,Racing Genk,Athletic Club,2.0,0.0,False
uefa.europa,2016-10-20T19:05:00Z,Rapid Vienna,Sassuolo,1.0,1.0,False
uefa.europa,2016-10-20T19:05:00Z,Saint-Étienne,FK Qabala,1.0,0.0,False
uefa.europa,2016-10-20T19:05:00Z,Viktoria Plzen,FK Astra Giurgiu,1.0,2.0,False
uefa.europa,2016-10-20T19:05:00Z,Young Boys,Apoel Nicosia,3.0,1.0,False
concacaf.champions,2016-10-21T00:00:00Z,Suchitepequez,FC Dallas,2.0,5.0,False
concacaf.champions,2016-10-21T02:00:00Z,Pumas UNAM,W Connection FC,8.0,1.0,False
uefa.champions,2016-11-01T17:45:00Z,Besiktas,Napoli,1.0,1.0,False
uefa.champions,2016-11-01T19:45:00Z,Atlético Madrid,Rostov,2.0,1.0,False
uefa.champions,2016-11-01T19:45:00Z,Benfica,Dynamo Kyiv,1.0,0.0,False
uefa.champions,2016-11-01T19:45:00Z,Borussia Mönchengladbach,Celtic,1.0,1.0,False
uefa.champions,2016-11-01T19:45:00Z,FC Basel,Paris Saint-Germain,1.0,2.0,False
uefa.champions,2016-11-01T19:45:00Z,Ludogorets Razgrad,Arsenal,2.0,3.0,False
uefa.champions,2016-11-01T19:45:00Z,Manchester City,Barcelona,3.0,1.0,False
uefa.champions,2016-11-01T19:45:00Z,PSV Eindhoven,Bayern Munich,1.0,2.0,False
uefa.champions,2016-11-02T19:45:00Z,AS Monaco,CSKA Moscow,3.0,0.0,False
uefa.champions,2016-11-02T19:45:00Z,Borussia Dortmund,Sporting CP,1.0,0.0,False
uefa.champions,2016-11-02T19:45:00Z,F.C. København,Leicester City,0.0,0.0,False
uefa.champions,2016-11-02T19:45:00Z,FC Porto,Club Brugge,1.0,0.0,False
uefa.champions,2016-11-02T19:45:00Z,Juventus,Lyon,1.0,1.0,False
uefa.champions,2016-11-02T19:45:00Z,Legia Warsaw,Real Madrid,3.0,3.0,False
uefa.champions,2016-11-02T19:45:00Z,Sevilla,Dinamo Zagreb,4.0,0.0,False
uefa.champions,2016-11-02T19:45:00Z,Tottenham Hotspur,Bayer Leverkusen,0.0,1.0,False
uefa.europa,2016-11-03T16:00:00Z,FC Astana,Olympiacos,1.0,1.0,False
uefa.europa,2016-11-03T18:00:00Z,Anderlecht,Mainz,6.0,1.0,False
uefa.europa,2016-11-03T18:00:00Z,Apoel Nicosia,Young Boys,1.0,0.0,False
uefa.europa,2016-11-03T18:00:00Z,Athletic Club,Racing Genk,5.0,3.0,False
uefa.europa,2016-11-03T18:00:00Z,Austria Vienna,AS Roma,2.0,4.0,False
uefa.europa,2016-11-03T18:00:00Z,FC Zorya Luhansk,Feyenoord Rotterdam,1.0,1.0,False
uefa.europa,2016-11-03T18:00:00Z,FK Astra Giurgiu,Viktoria Plzen,1.0,1.0,False
uefa.europa,2016-11-03T18:00:00Z,FK Qabala,Saint-Étienne,1.0,2.0,False
uefa.europa,2016-11-03T18:00:00Z,Fenerbahce,Manchester United,2.0,1.0,False
uefa.europa,2016-11-03T18:00:00Z,Maccabi Tel-Aviv,AZ Alkmaar,0.0,0.0,False
uefa.europa,2016-11-03T18:00:00Z,Sassuolo,Rapid Vienna,2.0,2.0,False
uefa.europa,2016-11-03T18:00:00Z,Zenit St Petersburg,Dundalk,2.0,1.0,False
uefa.europa,2016-11-03T20:05:00Z,Ajax Amsterdam,Celta Vigo,3.0,2.0,False
uefa.europa,2016-11-03T20:05:00Z,Braga,Konyaspor,3.0,1.0,False
uefa.europa,2016-11-03T20:05:00Z,FC Zürich,FCSB,0.0,0.0,False
uefa.europa,2016-11-03T20:05:00Z,Fiorentina,Liberec,3.0,0.0,False
uefa.europa,2016-11-03T20:05:00Z,KAA Gent,Shakhtar Donetsk,3.0,5.0,False
uefa.europa,2016-11-03T20:05:00Z,Nice,RB Salzburg,0.0,2.0,False
uefa.europa,2016-11-03T20:05:00Z,PAOK,FK Qarabag,0.0,1.0,False
uefa.europa,2016-11-03T20:05:00Z,Panathinaikos,Standard Liege,0.0,3.0,False
uefa.europa,2016-11-03T20:05:00Z,Schalke 04,Krasnodar,2.0,0.0,False
uefa.europa,2016-11-03T20:05:00Z,Southampton,Internazionale,2.0,1.0,False
uefa.europa,2016-11-03T20:05:00Z,Sparta Prague,Hapoel Be'er,2.0,0.0,False
uefa.europa,2016-11-03T20:05:00Z,Villarreal,Osmanlispor,1.0,2.0,False
uefa.champions,2016-11-22T17:00:00Z,CSKA Moscow,Bayer Leverkusen,1.0,1.0,False
uefa.champions,2016-11-22T19:45:00Z,AS Monaco,Tottenham Hotspur,2.0,1.0,False
uefa.champions,2016-11-22T19:45:00Z,Borussia Dortmund,Legia Warsaw,8.0,4.0,False
uefa.champions,2016-11-22T19:45:00Z,Dinamo Zagreb,Lyon,0.0,1.0,False
uefa.champions,2016-11-22T19:45:00Z,F.C. København,FC Porto,0.0,0.0,False
uefa.champions,2016-11-22T19:45:00Z,Leicester City,Club Brugge,2.0,1.0,False
uefa.champions,2016-11-22T19:45:00Z,Sevilla,Juventus,1.0,3.0,False
uefa.champions,2016-11-22T19:45:00Z,Sporting CP,Real Madrid,1.0,2.0,False
uefa.champions,2016-11-23T17:00:00Z,Rostov,Bayern Munich,3.0,2.0,False
uefa.champions,2016-11-23T17:45:00Z,Besiktas,Benfica,3.0,3.0,False
uefa.champions,2016-11-23T19:45:00Z,Arsenal,Paris Saint-Germain,2.0,2.0,False
uefa.champions,2016-11-23T19:45:00Z,Atlético Madrid,PSV Eindhoven,2.0,0.0,False
uefa.champions,2016-11-23T19:45:00Z,Borussia Mönchengladbach,Manchester City,1.0,1.0,False
uefa.champions,2016-11-23T19:45:00Z,Celtic,Barcelona,0.0,2.0,False
uefa.champions,2016-11-23T19:45:00Z,Ludogorets Razgrad,FC Basel,0.0,0.0,False
uefa.champions,2016-11-23T19:45:00Z,Napoli,Dynamo Kyiv,0.0,0.0,False
uefa.europa,2016-11-24T16:00:00Z,FC Astana,Apoel Nicosia,2.0,1.0,False
uefa.europa,2016-11-24T16:00:00Z,FK Qabala,Anderlecht,1.0,3.0,False
uefa.europa,2016-11-24T16:00:00Z,Fenerbahce,FC Zorya Luhansk,2.0,0.0,False
uefa.europa,2016-11-24T16:00:00Z,Zenit St Petersburg,Maccabi Tel-Aviv,2.0,0.0,False
uefa.europa,2016-11-24T18:00:00Z,Ajax Amsterdam,Panathinaikos,2.0,0.0,False
uefa.europa,2016-11-24T18:00:00Z,Celta Vigo,Standard Liege,1.0,1.0,False
uefa.europa,2016-11-24T18:00:00Z,FC Zürich,Villarreal,1.0,1.0,False
uefa.europa,2016-11-24T18:00:00Z,FCSB,Osmanlispor,2.0,1.0,False
uefa.europa,2016-11-24T18:00:00Z,Fiorentina,PAOK,2.0,3.0,False
uefa.europa,2016-11-24T18:00:00Z,Hapoel Be'er,Internazionale,3.0,2.0,False
uefa.europa,2016-11-24T18:00:00Z,KAA Gent,Braga,2.0,2.0,False
uefa.europa,2016-11-24T18:00:00Z,Krasnodar,RB Salzburg,1.0,1.0,False
uefa.europa,2016-11-24T18:00:00Z,Liberec,FK Qarabag,3.0,0.0,False
uefa.europa,2016-11-24T18:00:00Z,Schalke 04,Nice,2.0,0.0,False
uefa.europa,2016-11-24T18:00:00Z,Shakhtar Donetsk,Konyaspor,4.0,0.0,False
uefa.europa,2016-11-24T18:00:00Z,Sparta Prague,Southampton,1.0,0.0,False
uefa.europa,2016-11-24T20:05:00Z,AS Roma,Viktoria Plzen,4.0,1.0,False
uefa.europa,2016-11-24T20:05:00Z,Athletic Club,Sassuolo,3.0,2.0,False
uefa.europa,2016-11-24T20:05:00Z,Austria Vienna,FK Astra Giurgiu,1.0,2.0,False
uefa.europa,2016-11-24T20:05:00Z,Dundalk,AZ Alkmaar,0.0,1.0,False
uefa.europa,2016-11-24T20:05:00Z,Manchester United,Feyenoord Rotterdam,4.0,0.0,False
uefa.europa,2016-11-24T20:05:00Z,Olympiacos,Young Boys,1.0,1.0,False
uefa.europa,2016-11-24T20:05:00Z,Racing Genk,Rapid Vienna,1.0,0.0,False
uefa.europa,2016-11-24T20:05:00Z,Saint-Étienne,Mainz,0.0,0.0,False
uefa.champions,2016-12-06T19:45:00Z,Barcelona,Borussia Mönchengladbach,4.0,0.0,False
uefa.champions,2016-12-06T19:45:00Z,Bayern Munich,Atlético Madrid,1.0,0.0,False
uefa.champions,2016-12-06T19:45:00Z,Benfica,Napoli,1.0,2.0,False
uefa.champions,2016-12-06T19:45:00Z,Dynamo Kyiv,Besiktas,6.0,0.0,False
uefa.champions,2016-12-06T19:45:00Z,FC Basel,Arsenal,1.0,4.0,False
uefa.champions,2016-12-06T19:45:00Z,Manchester City,Celtic,1.0,1.0,False
uefa.champions,2016-12-06T19:45:00Z,PSV Eindhoven,Rostov,0.0,0.0,False
uefa.champions,2016-12-06T19:45:00Z,Paris Saint-Germain,Ludogorets Razgrad,2.0,2.0,False
uefa.champions,2016-12-07T19:45:00Z,Bayer Leverkusen,AS Monaco,3.0,0.0,False
uefa.champions,2016-12-07T19:45:00Z,Club Brugge,F.C. København,0.0,2.0,False
uefa.champions,2016-12-07T19:45:00Z,FC Porto,Leicester City,5.0,0.0,False
uefa.champions,2016-12-07T19:45:00Z,Juventus,Dinamo Zagreb,2.0,0.0,False
uefa.champions,2016-12-07T19:45:00Z,Legia Warsaw,Sporting CP,1.0,0.0,False
uefa.champions,2016-12-07T19:45:00Z,Lyon,Sevilla,0.0,0.0,False
uefa.champions,2016-12-07T19:45:00Z,Real Madrid,Borussia Dortmund,2.0,2.0,False
uefa.champions,2016-12-07T19:45:00Z,Tottenham Hotspur,CSKA Moscow,3.0,1.0,False
uefa.europa,2016-12-08T16:00:00Z,Braga,Shakhtar Donetsk,2.0,4.0,False
uefa.europa,2016-12-08T16:00:00Z,FK Qarabag,Fiorentina,1.0,2.0,False
uefa.europa,2016-12-08T16:00:00Z,Konyaspor,KAA Gent,0.0,1.0,False
uefa.europa,2016-12-08T16:00:00Z,Osmanlispor,FC Zürich,2.0,0.0,False
uefa.europa,2016-12-08T16:00:00Z,PAOK,Liberec,2.0,0.0,False
uefa.europa,2016-12-08T16:00:00Z,Villarreal,FCSB,2.0,1.0,False
uefa.europa,2016-12-08T18:00:00Z,AZ Alkmaar,Zenit St Petersburg,3.0,2.0,False
uefa.europa,2016-12-08T18:00:00Z,Anderlecht,Saint-Étienne,2.0,3.0,False
uefa.europa,2016-12-08T18:00:00Z,Apoel Nicosia,Olympiacos,2.0,0.0,False
uefa.europa,2016-12-08T18:00:00Z,FC Zorya Luhansk,Manchester United,0.0,2.0,False
uefa.europa,2016-12-08T18:00:00Z,FK Astra Giurgiu,AS Roma,0.0,0.0,False
uefa.europa,2016-12-08T18:00:00Z,Feyenoord Rotterdam,Fenerbahce,0.0,1.0,False
uefa.europa,2016-12-08T18:00:00Z,Maccabi Tel-Aviv,Dundalk,2.0,1.0,False
uefa.europa,2016-12-08T18:00:00Z,Mainz,FK Qabala,2.0,0.0,False
uefa.europa,2016-12-08T18:00:00Z,Rapid Vienna,Athletic Club,1.0,1.0,False
uefa.europa,2016-12-08T18:00:00Z,Viktoria Plzen,Austria Vienna,3.0,2.0,False
uefa.europa,2016-12-08T18:00:00Z,Young Boys,FC Astana,3.0,0.0,False
uefa.europa,2016-12-08T20:05:00Z,Internazionale,Sparta Prague,2.0,1.0,False
uefa.europa,2016-12-08T20:05:00Z,Nice,Krasnodar,2.0,1.0,False
uefa.europa,2016-12-08T20:05:00Z,Panathinaikos,Celta Vigo,0.0,2.0,False
uefa.europa,2016-12-08T20:05:00Z,RB Salzburg,Schalke 04,2.0,0.0,False
uefa.europa,2016-12-08T20:05:00Z,Southampton,Hapoel Be'er,1.0,1.0,False
uefa.europa,2016-12-08T20:05:00Z,Standard Liege,Ajax Amsterdam,1.0,1.0,False
uefa.europa,2016-12-09T11:30:00Z,Sassuolo,Racing Genk,0.0,2.0,False
uefa.champions,2017-02-14T19:45:00Z,Benfica,Borussia Dortmund,1.0,0.0,False
uefa.champions,2017-02-14T19:45:00Z,Paris Saint-Germain,Barcelona,4.0,0.0,False
uefa.champions,2017-02-15T19:45:00Z,Bayern Munich,Arsenal,5.0,1.0,False
uefa.champions,2017-02-15T19:45:00Z,Real Madrid,Napoli,3.0,1.0,False
uefa.europa,2017-02-16T16:00:00Z,Krasnodar,Fenerbahce,1.0,0.0,False
uefa.europa,2017-02-16T18:00:00Z,AZ Alkmaar,Lyon,1.0,4.0,False
uefa.europa,2017-02-16T18:00:00Z,Borussia Mönchengladbach,Fiorentina,0.0,1.0,False
uefa.europa,2017-02-16T18:00:00Z,Celta Vigo,Shakhtar Donetsk,0.0,1.0,False
uefa.europa,2017-02-16T18:00:00Z,FK Astra Giurgiu,Racing Genk,2.0,2.0,False
uefa.europa,2017-02-16T18:00:00Z,KAA Gent,Tottenham Hotspur,1.0,0.0,False
uefa.europa,2017-02-16T18:00:00Z,Ludogorets Razgrad,F.C. København,1.0,2.0,False
uefa.europa,2017-02-16T18:00:00Z,Olympiacos,Osmanlispor,0.0,0.0,False
uefa.europa,2017-02-16T18:00:00Z,Rostov,Sparta Prague,4.0,0.0,False
uefa.europa,2017-02-16T20:05:00Z,Anderlecht,Zenit St Petersburg,2.0,0.0,False
uefa.europa,2017-02-16T20:05:00Z,Athletic Club,Apoel Nicosia,3.0,2.0,False
uefa.europa,2017-02-16T20:05:00Z,Hapoel Be'er,Besiktas,1.0,3.0,False
uefa.europa,2017-02-16T20:05:00Z,Legia Warsaw,Ajax Amsterdam,0.0,0.0,False
uefa.europa,2017-02-16T20:05:00Z,Manchester United,Saint-Étienne,3.0,0.0,False
uefa.europa,2017-02-16T20:05:00Z,PAOK,Schalke 04,0.0,3.0,False
uefa.europa,2017-02-16T20:05:00Z,Villarreal,AS Roma,0.0,4.0,False
uefa.champions,2017-02-21T19:45:00Z,Bayer Leverkusen,Atlético Madrid,2.0,4.0,False
uefa.champions,2017-02-21T19:45:00Z,Manchester City,AS Monaco,5.0,3.0,False
concacaf.champions,2017-02-22T02:00:00Z,Saprissa,Pachuca,0.0,0.0,False
uefa.europa,2017-02-22T17:00:00Z,Fenerbahce,Krasnodar,1.0,1.0,False
uefa.europa,2017-02-22T17:00:00Z,Saint-Étienne,Manchester United,0.0,1.0,False
uefa.europa,2017-02-22T17:00:00Z,Schalke 04,PAOK,1.0,1.0,False
uefa.champions,2017-02-22T19:45:00Z,FC Porto,Juventus,0.0,2.0,False
uefa.champions,2017-02-22T19:45:00Z,Sevilla,Leicester City,2.0,1.0,False
concacaf.champions,2017-02-23T01:00:00Z,Red Bull New York,Vancouver Whitecaps,1.0,1.0,False
concacaf.champions,2017-02-23T03:00:00Z,Tigres UANL,Pumas UNAM,1.0,1.0,False
uefa.europa,2017-02-23T16:00:00Z,Osmanlispor,Olympiacos,0.0,3.0,False
uefa.europa,2017-02-23T18:00:00Z,AS Roma,Villarreal,0.0,1.0,False
uefa.europa,2017-02-23T18:00:00Z,Ajax Amsterdam,Legia Warsaw,1.0,0.0,False
uefa.europa,2017-02-23T18:00:00Z,Apoel Nicosia,Athletic Club,2.0,0.0,False
uefa.europa,2017-02-23T18:00:00Z,Besiktas,Hapoel Be'er,2.0,1.0,False
uefa.europa,2017-02-23T18:00:00Z,Zenit St Petersburg,Anderlecht,3.0,1.0,False
uefa.europa,2017-02-23T20:05:00Z,F.C. København,Ludogorets Razgrad,0.0,0.0,False
uefa.europa,2017-02-23T20:05:00Z,Fiorentina,Borussia Mönchengladbach,2.0,4.0,False
uefa.europa,2017-02-23T20:05:00Z,Lyon,AZ Alkmaar,7.0,1.0,False
uefa.europa,2017-02-23T20:05:00Z,Racing Genk,FK Astra Giurgiu,1.0,0.0,False
uefa.europa,2017-02-23T20:05:00Z,Shakhtar Donetsk,Celta Vigo,0.0,2.0,False
uefa.europa,2017-02-23T20:05:00Z,Sparta Prague,Rostov,1.0,1.0,False
uefa.europa,2017-02-23T20:05:00Z,Tottenham Hotspur,KAA Gent,2.0,2.0,False
concacaf.champions,2017-02-24T01:00:00Z,FC Dallas,Arabe Unido,4.0,0.0,False
concacaf.champions,2017-03-01T03:00:00Z,Pachuca,Saprissa,4.0,0.0,False
concacaf.champions,2017-03-02T01:00:00Z,Arabe Unido,FC Dallas,2.0,1.0,False
concacaf.champions,2017-03-02T03:00:00Z,Pumas UNAM,Tigres UANL,0.0,3.0,False
concacaf.champions,2017-03-03T03:00:00Z,Vancouver Whitecaps,Red Bull New York,2.0,0.0,False
uefa.champions,2017-03-07T19:45:00Z,Arsenal,Bayern Munich,1.0,5.0,False
uefa.champions,2017-03-07T19:45:00Z,Napoli,Real Madrid,1.0,3.0,False
uefa.champions,2017-03-08T19:45:00Z,Barcelona,Paris Saint-Germain,6.0,1.0,False
uefa.champions,2017-03-08T19:45:00Z,Borussia Dortmund,Benfica,4.0,0.0,False
uefa.europa,2017-03-09T18:00:00Z,Apoel Nicosia,Anderlecht,0.0,1.0,False
uefa.europa,2017-03-09T18:00:00Z,F.C. København,Ajax Amsterdam,2.0,1.0,False
uefa.europa,2017-03-09T18:00:00Z,Rostov,Manchester United,1.0,1.0,False
uefa.europa,2017-03-09T20:05:00Z,Celta Vigo,Krasnodar,2.0,1.0,False
uefa.europa,2017-03-09T20:05:00Z,KAA Gent,Racing Genk,2.0,5.0,False
uefa.europa,2017-03-09T20:05:00Z,Lyon,AS Roma,4.0,2.0,False
uefa.europa,2017-03-09T20:05:00Z,Olympiacos,Besiktas,1.0,1.0,False
uefa.europa,2017-03-09T20:05:00Z,Schalke 04,Borussia Mönchengladbach,1.0,1.0,False
uefa.champions,2017-03-14T19:45:00Z,Juventus,FC Porto,1.0,0.0,False
uefa.champions,2017-03-14T19:45:00Z,Leicester City,Sevilla,2.0,0.0,False
concacaf.champions,2017-03-15T02:00:00Z,Tigres UANL,Vancouver Whitecaps,2.0,0.0,False
uefa.champions,2017-03-15T19:45:00Z,AS Monaco,Manchester City,3.0,1.0,False
uefa.champions,2017-03-15T19:45:00Z,Atlético Madrid,Bayer Leverkusen,0.0,0.0,False
concacaf.champions,2017-03-16T00:00:00Z,FC Dallas,Pachuca,2.0,1.0,False
uefa.europa,2017-03-16T18:00:00Z,Besiktas,Olympiacos,4.0,1.0,False
uefa.europa,2017-03-16T18:00:00Z,Krasnodar,Celta Vigo,0.0,2.0,False
uefa.europa,2017-03-16T18:00:00Z,Racing Genk,KAA Gent,1.0,1.0,False
uefa.europa,2017-03-16T20:05:00Z,AS Roma,Lyon,2.0,1.0,False
uefa.europa,2017-03-16T20:05:00Z,Ajax Amsterdam,F.C. København,2.0,0.0,False
uefa.europa,2017-03-16T20:05:00Z,Anderlecht,Apoel Nicosia,1.0,0.0,False
uefa.europa,2017-03-16T20:05:00Z,Borussia Mönchengladbach,Schalke 04,2.0,2.0,False
uefa.europa,2017-03-16T20:05:00Z,Manchester United,Rostov,1.0,0.0,False
concacaf.champions,2017-04-05T02:00:00Z,Pachuca,FC Dallas,3.0,1.0,False
concacaf.champions,2017-04-06T02:00:00Z,Vancouver Whitecaps,Tigres UANL,1.0,2.0,False
uefa.champions,2017-04-11T18:45:00Z,Juventus,Barcelona,3.0,0.0,False
uefa.champions,2017-04-12T16:45:00Z,Borussia Dortmund,AS Monaco,2.0,3.0,False
uefa.champions,2017-04-12T18:45:00Z,Atlético Madrid,Leicester City,1.0,0.0,False
uefa.champions,2017-04-12T18:45:00Z,Bayern Munich,Real Madrid,1.0,2.0,False
uefa.europa,2017-04-13T19:05:00Z,Ajax Amsterdam,Schalke 04,2.0,0.0,False
uefa.europa,2017-04-13T19:05:00Z,Anderlecht,Manchester United,1.0,1.0,False
uefa.europa,2017-04-13T19:05:00Z,Celta Vigo,Racing Genk,3.0,2.0,False
uefa.europa,2017-04-13T19:05:00Z,Lyon,Besiktas,2.0,1.0,False
uefa.champions,2017-04-18T18:45:00Z,Leicester City,Atlético Madrid,1.0,1.0,False
uefa.champions,2017-04-18T18:45:00Z,Real Madrid,Bayern Munich,4.0,2.0,False
concacaf.champions,2017-04-19T02:00:00Z,Tigres UANL,Pachuca,1.0,1.0,False
uefa.champions,2017-04-19T18:45:00Z,AS Monaco,Borussia Dortmund,3.0,1.0,False
uefa.champions,2017-04-19T18:45:00Z,Barcelona,Juventus,0.0,0.0,False
uefa.europa,2017-04-20T19:05:00Z,Besiktas,Lyon,2.0,1.0,False
uefa.europa,2017-04-20T19:05:00Z,Manchester United,Anderlecht,2.0,1.0,False
uefa.europa,2017-04-20T19:05:00Z,Racing Genk,Celta Vigo,1.0,1.0,False
uefa.europa,2017-04-20T19:05:00Z,Schalke 04,Ajax Amsterdam,3.0,2.0,False
concacaf.champions,2017-04-27T02:00:00Z,Pachuca,Tigres UANL,1.0,0.0,False
uefa.champions,2017-05-02T18:45:00Z,Real Madrid,Atlético Madrid,3.0,0.0,False
uefa.europa,2017-05-03T16:45:00Z,Ajax Amsterdam,Lyon,4.0,1.0,False
uefa.champions,2017-05-03T18:45:00Z,AS Monaco,Juventus,0.0,2.0,False
uefa.europa,2017-05-04T19:05:00Z,Celta Vigo,Manchester United,0.0,1.0,False
uefa.champions,2017-05-09T18:45:00Z,Juventus,AS Monaco,2.0,1.0,False
uefa.champions,2017-05-10T18:45:00Z,Atlético Madrid,Real Madrid,2.0,1.0,False
uefa.europa,2017-05-11T19:05:00Z,Lyon,Ajax Amsterdam,3.0,1.0,False
uefa.europa,2017-05-11T19:05:00Z,Manchester United,Celta Vigo,1.0,1.0,False
caf.champions,2017-05-12T15:00:00Z,Esperance Sportive de Tunis,AS Vita Club,3.0,1.0,False
caf.champions,2017-05-12T17:00:00Z,Etoile Sahel,Ferroviário Beira,5.0,0.0,False
caf.champions,2017-05-12T17:00:00Z,USM Alger,Al Ahli Tripoli,3.0,0.0,False
caf.confed,2017-05-12T17:00:00Z,SuperSport United,Horoya,2.0,2.0,False
caf.champions,2017-05-12T19:00:00Z,Al Hilal Omdurman,Al-Merrikh,1.0,1.0,False
caf.champions,2017-05-12T19:00:00Z,Zamalek,CAPS United,2.0,0.0,False
caf.champions,2017-05-12T20:00:00Z,Wydad AC,Coton Sport Garoua,2.0,0.0,False
caf.confed,2017-05-13T13:30:00Z,ZESCO United,Smouha Sporting Club,1.0,0.0,False
caf.champions,2017-05-13T15:00:00Z,Mamelodi Sundowns,Saint George,0.0,0.0,False
caf.champions,2017-05-13T17:00:00Z,Al Ahly,Zanaco,0.0,0.0,False
caf.confed,2017-05-13T19:00:00Z,Club Sportif Sfaxien,Mbabane Swallows,1.0,0.0,False
caf.confed,2017-05-13T21:00:00Z,FUS Rabat,KCCA FC,3.0,0.0,False
caf.confed,2017-05-14T13:30:00Z,TP Mazembe,CF Mounana,2.0,0.0,False
caf.confed,2017-05-14T14:00:00Z,Recreativo Libolo,Al Hilal Al Ubayyid,1.0,0.0,False
caf.confed,2017-05-14T15:00:00Z,Platinum Stars,MC Alger,1.0,1.0,False
caf.confed,2017-05-14T17:00:00Z,Club Africain,Rivers United FC,3.0,1.0,False
caf.champions,2017-05-23T13:00:00Z,Ferroviário Beira,Al Hilal Omdurman,0.0,0.0,False
caf.champions,2017-05-23T13:00:00Z,Saint George,Esperance Sportive de Tunis,0.0,0.0,False
caf.confed,2017-05-23T13:00:00Z,KCCA FC,Club Africain,2.0,1.0,False
caf.confed,2017-05-23T13:00:00Z,Mbabane Swallows,Platinum Stars,4.0,2.0,False
caf.champions,2017-05-23T15:00:00Z,Coton Sport Garoua,Al Ahly,0.0,2.0,False
caf.confed,2017-05-23T15:00:00Z,CF Mounana,SuperSport United,3.0,5.0,False
caf.champions,2017-05-23T18:00:00Z,Al Ahli Tripoli,Zamalek,0.0,0.0,False
caf.champions,2017-05-23T18:00:00Z,Al-Merrikh,Etoile Sahel,1.0,2.0,False
caf.confed,2017-05-23T20:00:00Z,MC Alger,Club Sportif Sfaxien,2.0,1.0,False
caf.champions,2017-05-24T13:00:00Z,CAPS United,USM Alger,2.0,1.0,False
caf.champions,2017-05-24T13:00:00Z,Zanaco,Wydad AC,1.0,0.0,False
caf.champions,2017-05-24T14:30:00Z,AS Vita Club,Mamelodi Sundowns,1.0,3.0,False
caf.confed,2017-05-24T15:00:00Z,Rivers United FC,FUS Rabat,1.0,0.0,False
caf.confed,2017-05-24T16:00:00Z,Horoya,TP Mazembe,1.0,1.0,False
caf.confed,2017-05-24T16:00:00Z,Smouha Sporting Club,Recreativo Libolo,2.0,0.0,False
caf.confed,2017-05-24T18:00:00Z,Al Hilal Al Ubayyid,ZESCO United,1.0,0.0,False
uefa.europa,2017-05-24T18:45:00Z,Ajax Amsterdam,Manchester United,0.0,2.0,False
caf.champions,2017-06-02T13:00:00Z,CAPS United,Al Ahli Tripoli,2.0,4.0,False
caf.confed,2017-06-02T13:00:00Z,Mbabane Swallows,MC Alger,0.0,0.0,False
caf.champions,2017-06-02T18:00:00Z,Mamelodi Sundowns,Esperance Sportive de Tunis,1.0,2.0,False
caf.champions,2017-06-02T20:00:00Z,Zamalek,USM Alger,1.0,1.0,False
caf.confed,2017-06-02T22:00:00Z,FUS Rabat,Club Africain,2.0,1.0,False
caf.champions,2017-06-03T13:00:00Z,Ferroviário Beira,Al-Merrikh,1.0,0.0,False
caf.champions,2017-06-03T13:00:00Z,Zanaco,Coton Sport Garoua,2.0,1.0,False
caf.confed,2017-06-03T13:00:00Z,KCCA FC,Rivers United FC,2.0,1.0,False
caf.confed,2017-06-03T14:30:00Z,CF Mounana,Horoya,0.0,1.0,False
uefa.champions,2017-06-03T18:45:00Z,Juventus,Real Madrid,1.0,4.0,False
caf.confed,2017-06-03T21:00:00Z,Smouha Sporting Club,Al Hilal Al Ubayyid,1.0,1.0,False
caf.champions,2017-06-03T21:45:00Z,Etoile Sahel,Al Hilal Omdurman,1.0,1.0,False
caf.champions,2017-06-04T13:00:00Z,Saint George,AS Vita Club,1.0,0.0,False
caf.confed,2017-06-04T13:00:00Z,ZESCO United,Recreativo Libolo,1.0,0.0,False
caf.confed,2017-06-04T13:30:00Z,TP Mazembe,SuperSport United,2.0,2.0,False
caf.champions,2017-06-04T21:00:00Z,Al Ahly,Wydad AC,2.0,0.0,False
caf.confed,2017-06-04T21:00:00Z,Club Sportif Sfaxien,Platinum Stars,3.0,0.0,False
caf.champions,2017-06-20T14:00:00Z,AS Vita Club,Saint George,2.0,1.0,False
caf.confed,2017-06-20T14:00:00Z,Recreativo Libolo,ZESCO United,3.0,0.0,False
caf.confed,2017-06-20T15:00:00Z,Rivers United FC,KCCA FC,2.0,1.0,False
caf.confed,2017-06-20T16:00:00Z,Horoya,CF Mounana,1.0,0.0,False
caf.confed,2017-06-20T17:00:00Z,SuperSport United,TP Mazembe,0.0,0.0,False
caf.champions,2017-06-20T20:00:00Z,Al-Merrikh,Ferroviário Beira,2.0,1.0,False
caf.confed,2017-06-20T20:00:00Z,Al Hilal Al Ubayyid,Smouha Sporting Club,2.0,1.0,False
caf.confed,2017-06-20T21:00:00Z,Club Africain,FUS Rabat,2.0,1.0,False
caf.confed,2017-06-20T22:00:00Z,MC Alger,Mbabane Swallows,2.0,1.0,False
caf.champions,2017-06-20T23:00:00Z,Wydad AC,Al Ahly,2.0,0.0,False
caf.champions,2017-06-21T14:00:00Z,Coton Sport Garoua,Zanaco,0.0,1.0,False
caf.confed,2017-06-21T17:00:00Z,Platinum Stars,Club Sportif Sfaxien,1.0,1.0,False
caf.champions,2017-06-21T19:00:00Z,Al Hilal Omdurman,Etoile Sahel,1.0,1.0,False
caf.champions,2017-06-21T21:00:00Z,Al Ahli Tripoli,CAPS United,4.0,2.0,False
caf.champions,2017-06-21T21:00:00Z,Esperance Sportive de Tunis,Mamelodi Sundowns,0.0,0.0,False
caf.champions,2017-06-21T22:00:00Z,USM Alger,Zamalek,2.0,0.0,False
uefa.champions,2017-06-27T16:00:00Z,Alashkert FC,Santa Coloma,1.0,0.0,False
uefa.champions,2017-06-27T18:00:00Z,Hibernians,FCI Tallinn,2.0,0.0,False
uefa.champions,2017-06-27T18:00:00Z,The New Saints,Europa FC,1.0,2.0,False
uefa.champions,2017-06-27T18:00:00Z,Víkingur,Trepca 89,2.0,1.0,False
uefa.champions,2017-06-28T18:45:00Z,Linfield,Fiorita,1.0,0.0,False
uefa.europa,2017-06-29T12:00:00Z,Shirak,ND Gorica,0.0,2.0,False
uefa.europa,2017-06-29T14:00:00Z,Irtysh Pavlodar,Dunav Ruse,1.0,0.0,False
uefa.europa,2017-06-29T14:45:00Z,Kairat Almaty,FK Atlantas,6.0,0.0,False
uefa.europa,2017-06-29T15:00:00Z,FK Ventspils,Valur Reykjavik,0.0,0.0,False
uefa.europa,2017-06-29T15:00:00Z,Partizani Tirana,Botev Plovdiv,1.0,3.0,False
uefa.europa,2017-06-29T15:00:00Z,Pyunik,Slovan Bratislava,1.0,4.0,False
uefa.europa,2017-06-29T15:20:00Z,AS Trencin,Torpedo Kutaisi,5.0,1.0,False
uefa.europa,2017-06-29T15:30:00Z,Dinamo Minsk,NSI Runavik,2.0,1.0,False
uefa.europa,2017-06-29T15:30:00Z,FC Levadia Tallinn,Cork,0.0,2.0,False
uefa.europa,2017-06-29T16:00:00Z,Chikhura Sachkhere,SC Rheindorf Altach,0.0,1.0,False
uefa.europa,2017-06-29T16:00:00Z,Dinamo Batumi,Jagiellonia Bialystok,0.0,1.0,False
uefa.europa,2017-06-29T16:00:00Z,KF Shkëndija,FC Dacia,3.0,0.0,False
uefa.europa,2017-06-29T16:00:00Z,Shakhter Soligorsk,FK Suduva,0.0,0.0,False
uefa.europa,2017-06-29T16:00:00Z,VPS Vaasa,Olimpija Ljubljana,1.0,0.0,False
uefa.europa,2017-06-29T16:30:00Z,Lyngby Boldklub,Bangor City,1.0,0.0,False
uefa.europa,2017-06-29T16:30:00Z,Nomme Kalju,B36 Torshavn,2.0,1.0,False
uefa.europa,2017-06-29T16:45:00Z,Beitar Jerusalem,Vasas,4.0,3.0,False
uefa.europa,2017-06-29T16:45:00Z,Ferencvaros,FK Jelgava,2.0,0.0,False
uefa.europa,2017-06-29T17:00:00Z,AEK Larnaca,Lincoln Red Imps,5.0,0.0,False
uefa.europa,2017-06-29T17:00:00Z,FC Zaria Balti,FK Sarajevo,2.0,1.0,False
uefa.europa,2017-06-29T17:00:00Z,Haugesund,Coleraine,7.0,0.0,False
uefa.europa,2017-06-29T17:00:00Z,Levski Sofia,FK Sutjeska,3.0,1.0,False
uefa.europa,2017-06-29T17:00:00Z,Odds BK,Ballymena,3.0,0.0,False
uefa.europa,2017-06-29T17:00:00Z,UE Santa Coloma,Osijek,0.0,2.0,False
uefa.europa,2017-06-29T17:00:00Z,Zira FK,FC Differdange 03,2.0,0.0,False
uefa.europa,2017-06-29T17:30:00Z,CS Fola Esch,FC Milsami,2.0,1.0,False
uefa.europa,2017-06-29T18:00:00Z,Bala Town,FC Vaduz,1.0,2.0,False
uefa.europa,2017-06-29T18:00:00Z,Connah's Quay,HJK Helsinki,1.0,0.0,False
uefa.europa,2017-06-29T18:00:00Z,FC Midtjylland,Derry City,6.0,1.0,False
uefa.europa,2017-06-29T18:00:00Z,IFK Norrköping,Prishtina,5.0,0.0,False
uefa.europa,2017-06-29T18:00:00Z,KI Klaksvik,AIK,0.0,0.0,False
uefa.europa,2017-06-29T18:00:00Z,Maccabi Tel-Aviv,SK Tirana,2.0,0.0,False
uefa.europa,2017-06-29T18:00:00Z,Skenderbeu Korce,UE Sant Julia,1.0,0.0,False
uefa.europa,2017-06-29T18:00:00Z,Vojvodina,MFK Ruzomberok,2.0,1.0,False
uefa.europa,2017-06-29T18:30:00Z,Mladost Lucani,Inter Baku,0.0,3.0,False
uefa.europa,2017-06-29T18:30:00Z,Mladost Pogorica,Gandzasar Kapan,1.0,0.0,False
uefa.europa,2017-06-29T18:30:00Z,NK Domzale,Flora,2.0,0.0,False
uefa.europa,2017-06-29T18:30:00Z,Red Star Belgrade,Floriana FC,3.0,0.0,False
uefa.europa,2017-06-29T18:30:00Z,Siroki Brijeg,Ordabasy Shymkent,2.0,0.0,False
uefa.europa,2017-06-29T18:30:00Z,Tre Penne,FK Rabotnicki,0.0,1.0,False
uefa.europa,2017-06-29T18:45:00Z,Crusaders,FK Liepaja,3.0,1.0,False
uefa.europa,2017-06-29T18:45:00Z,Fehérvár,Balzan FC,2.0,0.0,False
uefa.europa,2017-06-29T18:45:00Z,Lech Poznan,Pelister Bitola,4.0,0.0,False
uefa.europa,2017-06-29T18:45:00Z,Rangers,Progres Niederkorn,1.0,0.0,False
uefa.europa,2017-06-29T18:45:00Z,St Johnstone,Trakai,1.0,2.0,False
uefa.europa,2017-06-29T18:45:00Z,St. Joseph's,AEL,0.0,4.0,False
uefa.europa,2017-06-29T18:45:00Z,Valletta,SS Folgore Falciano,2.0,0.0,False
uefa.europa,2017-06-29T18:45:00Z,Zeljeznicar Sarajevo,FK Zeta,1.0,0.0,False
uefa.europa,2017-06-29T19:15:00Z,KR Reykjavik,SJK,0.0,0.0,False
uefa.europa,2017-06-29T19:15:00Z,Stjarnan,Shamrock Rovers,0.0,1.0,False
caf.confed,2017-06-30T16:00:00Z,Smouha Sporting Club,ZESCO United,1.0,1.0,False
caf.champions,2017-06-30T18:00:00Z,Al Ahli Tripoli,USM Alger,1.0,1.0,False
caf.champions,2017-06-30T18:00:00Z,Al-Merrikh,Al Hilal Omdurman,2.0,1.0,False
caf.confed,2017-06-30T20:00:00Z,MC Alger,Platinum Stars,2.0,0.0,False
caf.champions,2017-07-01T13:00:00Z,Ferroviário Beira,Etoile Sahel,1.0,1.0,False
caf.champions,2017-07-01T13:00:00Z,Saint George,Mamelodi Sundowns,0.0,1.0,False
caf.champions,2017-07-01T13:00:00Z,Zanaco,Al Ahly,0.0,0.0,False
caf.champions,2017-07-01T15:00:00Z,AS Vita Club,Esperance Sportive de Tunis,2.0,2.0,False
caf.champions,2017-07-01T15:00:00Z,Coton Sport Garoua,Wydad AC,0.0,2.0,False
caf.confed,2017-07-01T15:00:00Z,Horoya,SuperSport United,0.0,0.0,False
caf.confed,2017-07-01T18:00:00Z,Al Hilal Al Ubayyid,Recreativo Libolo,2.0,0.0,False
caf.champions,2017-07-02T13:00:00Z,CAPS United,Zamalek,3.0,1.0,False
caf.confed,2017-07-02T13:00:00Z,KCCA FC,FUS Rabat,3.0,1.0,False
caf.confed,2017-07-02T13:00:00Z,Mbabane Swallows,Club Sportif Sfaxien,1.0,3.0,False
caf.confed,2017-07-02T15:00:00Z,CF Mounana,TP Mazembe,0.0,1.0,False
caf.confed,2017-07-02T15:00:00Z,Rivers United FC,Club Africain,0.0,2.0,False
uefa.europa,2017-07-04T15:45:00Z,Balzan FC,Fehérvár,3.0,3.0,False
uefa.champions,2017-07-04T16:00:00Z,FCI Tallinn,Hibernians,0.0,1.0,False
uefa.champions,2017-07-04T16:00:00Z,Trepca 89,Víkingur,1.0,4.0,False
uefa.champions,2017-07-04T17:30:00Z,Europa FC,The New Saints,1.0,3.0,False
uefa.europa,2017-07-04T17:45:00Z,Progres Niederkorn,Rangers,2.0,0.0,False
uefa.champions,2017-07-04T18:30:00Z,Fiorita,Linfield,0.0,0.0,False
uefa.champions,2017-07-04T18:30:00Z,Santa Coloma,Alashkert FC,1.0,1.0,False
uefa.europa,2017-07-06T14:00:00Z,AEL,St. Joseph's,6.0,0.0,False
uefa.europa,2017-07-06T14:00:00Z,FC Dacia,KF Shkëndija,0.0,4.0,False
uefa.europa,2017-07-06T15:00:00Z,FC Milsami,CS Fola Esch,1.0,1.0,False
uefa.europa,2017-07-06T15:00:00Z,FK Suduva,Shakhter Soligorsk,2.0,1.0,False
uefa.europa,2017-07-06T15:00:00Z,Ordabasy Shymkent,Siroki Brijeg,0.0,0.0,False
uefa.europa,2017-07-06T15:00:00Z,Pelister Bitola,Lech Poznan,0.0,3.0,False
uefa.europa,2017-07-06T15:00:00Z,SK Tirana,Maccabi Tel-Aviv,0.0,3.0,False
uefa.europa,2017-07-06T15:30:00Z,FK Jelgava,Ferencvaros,0.0,1.0,False
uefa.europa,2017-07-06T15:30:00Z,FK Rabotnicki,Tre Penne,6.0,0.0,False
uefa.europa,2017-07-06T16:00:00Z,FK Atlantas,Kairat Almaty,1.0,2.0,False
uefa.europa,2017-07-06T16:00:00Z,Flora,NK Domzale,2.0,3.0,False
uefa.europa,2017-07-06T16:00:00Z,Gandzasar Kapan,Mladost Pogorica,0.0,3.0,False
uefa.europa,2017-07-06T16:00:00Z,HJK Helsinki,Connah's Quay,3.0,0.0,False
uefa.europa,2017-07-06T16:00:00Z,SJK,KR Reykjavik,0.0,2.0,False
uefa.europa,2017-07-06T16:00:00Z,Trakai,St Johnstone,1.0,0.0,False
uefa.europa,2017-07-06T16:45:00Z,FK Liepaja,Crusaders,2.0,0.0,False
uefa.europa,2017-07-06T17:00:00Z,AIK,KI Klaksvik,5.0,0.0,False
uefa.europa,2017-07-06T17:00:00Z,Botev Plovdiv,Partizani Tirana,1.0,0.0,False
uefa.europa,2017-07-06T17:00:00Z,Dunav Ruse,Irtysh Pavlodar,0.0,2.0,False
uefa.europa,2017-07-06T17:00:00Z,FC Differdange 03,Zira FK,1.0,2.0,False
uefa.europa,2017-07-06T17:00:00Z,FC Vaduz,Bala Town,3.0,0.0,False
uefa.europa,2017-07-06T17:00:00Z,Inter Baku,Mladost Lucani,2.0,0.0,False
uefa.europa,2017-07-06T17:00:00Z,MFK Ruzomberok,Vojvodina,2.0,0.0,False
uefa.europa,2017-07-06T17:00:00Z,Slovan Bratislava,Pyunik,5.0,0.0,False
uefa.europa,2017-07-06T17:00:00Z,Torpedo Kutaisi,AS Trencin,0.0,3.0,False
uefa.europa,2017-07-06T17:30:00Z,Bangor City,Lyngby Boldklub,0.0,3.0,False
uefa.europa,2017-07-06T17:30:00Z,NSI Runavik,Dinamo Minsk,0.0,2.0,False
uefa.europa,2017-07-06T18:00:00Z,B36 Torshavn,Nomme Kalju,1.0,2.0,False
uefa.europa,2017-07-06T18:00:00Z,FK Sarajevo,FC Zaria Balti,2.0,1.0,False
uefa.europa,2017-07-06T18:00:00Z,Prishtina,IFK Norrköping,0.0,1.0,False
uefa.europa,2017-07-06T18:15:00Z,Olimpija Ljubljana,VPS Vaasa,0.0,1.0,False
uefa.europa,2017-07-06T18:30:00Z,FK Sutjeska,Levski Sofia,0.0,0.0,False
uefa.europa,2017-07-06T18:30:00Z,FK Zeta,Zeljeznicar Sarajevo,2.0,2.0,False
uefa.europa,2017-07-06T18:30:00Z,Floriana FC,Red Star Belgrade,3.0,3.0,False
uefa.europa,2017-07-06T18:30:00Z,Jagiellonia Bialystok,Dinamo Batumi,4.0,0.0,False
uefa.europa,2017-07-06T18:30:00Z,ND Gorica,Shirak,2.0,2.0,False
uefa.europa,2017-07-06T18:30:00Z,SC Rheindorf Altach,Chikhura Sachkhere,1.0,1.0,False
uefa.europa,2017-07-06T18:30:00Z,SS Folgore Falciano,Valletta,0.0,1.0,False
uefa.europa,2017-07-06T18:30:00Z,UE Sant Julia,Skenderbeu Korce,0.0,5.0,False
uefa.europa,2017-07-06T18:30:00Z,Vasas,Beitar Jerusalem,0.0,3.0,False
uefa.europa,2017-07-06T18:45:00Z,Ballymena,Odds BK,0.0,2.0,False
uefa.europa,2017-07-06T18:45:00Z,Coleraine,Haugesund,0.0,0.0,False
uefa.europa,2017-07-06T18:45:00Z,Cork,FC Levadia Tallinn,4.0,2.0,False
uefa.europa,2017-07-06T18:45:00Z,Derry City,FC Midtjylland,1.0,4.0,False
uefa.europa,2017-07-06T18:45:00Z,Osijek,UE Santa Coloma,4.0,0.0,False
uefa.europa,2017-07-06T19:00:00Z,Shamrock Rovers,Stjarnan,1.0,0.0,False
uefa.europa,2017-07-06T20:00:00Z,Lincoln Red Imps,AEK Larnaca,1.0,1.0,False
uefa.europa,2017-07-06T20:00:00Z,Valur Reykjavik,FK Ventspils,1.0,0.0,False
caf.champions,2017-07-07T17:00:00Z,Al Hilal Omdurman,Ferroviário Beira,0.0,3.0,False
caf.champions,2017-07-07T17:00:00Z,Etoile Sahel,Al-Merrikh,3.0,0.0,False
caf.confed,2017-07-07T20:00:00Z,Club Africain,KCCA FC,4.0,0.0,False
caf.confed,2017-07-07T20:00:00Z,FUS Rabat,Rivers United FC,2.0,1.0,False
caf.confed,2017-07-08T13:30:00Z,SuperSport United,CF Mounana,4.0,1.0,False
caf.confed,2017-07-08T13:30:00Z,TP Mazembe,Horoya,2.0,1.0,False
caf.confed,2017-07-08T17:00:00Z,Club Sportif Sfaxien,MC Alger,4.0,0.0,False
caf.confed,2017-07-08T17:00:00Z,Platinum Stars,Mbabane Swallows,2.0,2.0,False
caf.champions,2017-07-08T19:00:00Z,Al Ahly,Coton Sport Garoua,3.0,1.0,False
caf.champions,2017-07-08T19:00:00Z,Wydad AC,Zanaco,1.0,0.0,False
caf.confed,2017-07-09T14:00:00Z,Recreativo Libolo,Smouha Sporting Club,0.0,0.0,False
caf.champions,2017-07-09T17:00:00Z,Esperance Sportive de Tunis,Saint George,4.0,0.0,False
caf.champions,2017-07-09T17:00:00Z,Mamelodi Sundowns,AS Vita Club,1.0,1.0,False
caf.champions,2017-07-09T19:00:00Z,USM Alger,CAPS United,4.0,1.0,False
caf.champions,2017-07-09T19:00:00Z,Zamalek,Al Ahli Tripoli,2.0,2.0,False
uefa.champions,2017-07-11T17:00:00Z,FK Qarabag,FC Samtredia,5.0,0.0,False
uefa.champions,2017-07-11T18:30:00Z,Hibernians,RB Salzburg,0.0,3.0,False
uefa.champions,2017-07-11T18:45:00Z,Partizan Belgrade,Buducnost Podgorica,2.0,0.0,False
uefa.champions,2017-07-11T18:45:00Z,Rijeka,The New Saints,2.0,0.0,False
uefa.champions,2017-07-12T16:00:00Z,FK Spartaks Jurmala,FC Astana,0.0,1.0,False
uefa.europa,2017-07-12T16:00:00Z,Inter Baku,CS Fola Esch,1.0,0.0,False
uefa.champions,2017-07-12T17:00:00Z,Apoel Nicosia,F91 Dudelange,1.0,0.0,False
uefa.champions,2017-07-12T17:00:00Z,Hapoel Be'er,Honvéd,2.0,1.0,False
uefa.champions,2017-07-12T17:00:00Z,Malmö FF,Vardar,1.0,1.0,False
uefa.champions,2017-07-12T17:00:00Z,Sheriff Tiraspol,FK Kukesi,1.0,0.0,False
uefa.champions,2017-07-12T17:00:00Z,Zrinjski Mostar,NK Maribor,1.0,2.0,False
uefa.champions,2017-07-12T17:30:00Z,BATE Borisov,Alashkert FC,1.0,1.0,False
uefa.champions,2017-07-12T18:00:00Z,IFK Mariehamn,Legia Warsaw,0.0,3.0,False
uefa.champions,2017-07-12T18:00:00Z,Zalgiris Vilnius,Ludogorets Razgrad,2.0,1.0,False
uefa.champions,2017-07-12T18:15:00Z,MSK Zilina,F.C. København,1.0,3.0,False
uefa.champions,2017-07-12T18:45:00Z,Dundalk,Rosenborg,1.0,1.0,False
uefa.champions,2017-07-12T19:15:00Z,FH Hafnarfjordur,Víkingur,1.0,1.0,False
uefa.europa,2017-07-13T14:00:00Z,Irtysh Pavlodar,Red Star Belgrade,1.0,1.0,False
uefa.europa,2017-07-13T14:45:00Z,Kairat Almaty,Skenderbeu Korce,1.0,1.0,False
uefa.europa,2017-07-13T15:00:00Z,Maccabi Tel-Aviv,KR Reykjavik,3.0,1.0,False
uefa.europa,2017-07-13T16:00:00Z,FK Rabotnicki,Dinamo Minsk,1.0,1.0,False
uefa.europa,2017-07-13T16:00:00Z,KF Shkëndija,HJK Helsinki,3.0,1.0,False
uefa.europa,2017-07-13T16:00:00Z,MFK Ruzomberok,SK Brann,0.0,1.0,False
uefa.europa,2017-07-13T16:15:00Z,Nomme Kalju,Fehérvár,0.0,3.0,False
uefa.europa,2017-07-13T16:30:00Z,Brøndby IF,VPS Vaasa,2.0,0.0,False
uefa.europa,2017-07-13T16:30:00Z,SC Rheindorf Altach,Dinamo Brest,1.0,1.0,False
uefa.europa,2017-07-13T16:45:00Z,FK Liepaja,FK Suduva,0.0,2.0,False
uefa.europa,2017-07-13T17:00:00Z,Apollon Limassol,FC Zaria Balti,3.0,0.0,False
uefa.europa,2017-07-13T17:00:00Z,FC Vaduz,Odds BK,0.0,1.0,False
uefa.europa,2017-07-13T17:00:00Z,FK Qabala,Jagiellonia Bialystok,1.0,1.0,False
uefa.europa,2017-07-13T17:00:00Z,Haugesund,Lech Poznan,3.0,2.0,False
uefa.europa,2017-07-13T17:00:00Z,Östersunds FK,Galatasaray,2.0,0.0,False
uefa.europa,2017-07-13T17:30:00Z,FK Astra Giurgiu,Zira FK,3.0,1.0,False
uefa.europa,2017-07-13T17:30:00Z,Valletta,FC Utrecht,0.0,0.0,False
uefa.europa,2017-07-13T17:45:00Z,Progres Niederkorn,AEL,0.0,1.0,False
uefa.europa,2017-07-13T18:00:00Z,Beitar Jerusalem,Botev Plovdiv,1.0,1.0,False
uefa.europa,2017-07-13T18:00:00Z,IFK Norrköping,Trakai,2.0,1.0,False
uefa.europa,2017-07-13T18:15:00Z,Slovan Bratislava,Lyngby Boldklub,0.0,1.0,False
uefa.europa,2017-07-13T18:30:00Z,AS Trencin,Bnei Yehuda,1.0,1.0,False
uefa.europa,2017-07-13T18:30:00Z,Hajduk Split,Levski Sofia,1.0,0.0,False
uefa.europa,2017-07-13T18:30:00Z,SK Sturm Graz,Mladost Pogorica,0.0,1.0,False
uefa.europa,2017-07-13T18:45:00Z,Aberdeen,Siroki Brijeg,1.0,1.0,False
uefa.europa,2017-07-13T18:45:00Z,Cork,AEK Larnaca,0.0,1.0,False
uefa.europa,2017-07-13T18:45:00Z,Osijek,FC Luzern,2.0,0.0,False
uefa.europa,2017-07-13T18:45:00Z,Zeljeznicar Sarajevo,AIK,0.0,0.0,False
uefa.europa,2017-07-13T19:00:00Z,Ferencvaros,FC Midtjylland,2.0,4.0,False
uefa.europa,2017-07-13T19:00:00Z,Panionios,ND Gorica,2.0,0.0,False
uefa.europa,2017-07-13T19:00:00Z,Shamrock Rovers,Mlada Boleslav,2.0,3.0,False
uefa.europa,2017-07-13T20:00:00Z,Valur Reykjavik,NK Domzale,1.0,2.0,False
uefa.champions,2017-07-14T16:00:00Z,Linfield,Celtic,0.0,2.0,False
uefa.champions,2017-07-18T14:00:00Z,FC Astana,FK Spartaks Jurmala,1.0,1.0,False
uefa.champions,2017-07-18T16:00:00Z,Alashkert FC,BATE Borisov,1.0,3.0,False
uefa.champions,2017-07-18T16:00:00Z,Vardar,Malmö FF,3.0,1.0,False
uefa.champions,2017-07-18T17:00:00Z,FC Samtredia,FK Qarabag,0.0,1.0,False
uefa.champions,2017-07-18T18:00:00Z,The New Saints,Rijeka,1.0,5.0,False
uefa.champions,2017-07-18T18:00:00Z,Víkingur,FH Hafnarfjordur,0.0,2.0,False
uefa.champions,2017-07-18T18:45:00Z,Buducnost Podgorica,Partizan Belgrade,0.0,0.0,False
uefa.champions,2017-07-19T16:00:00Z,F91 Dudelange,Apoel Nicosia,0.0,1.0,False
uefa.champions,2017-07-19T17:15:00Z,Rosenborg,Dundalk,2.0,1.0,False
uefa.champions,2017-07-19T17:30:00Z,F.C. København,MSK Zilina,1.0,2.0,False
uefa.champions,2017-07-19T17:30:00Z,FK Kukesi,Sheriff Tiraspol,2.0,1.0,False
uefa.champions,2017-07-19T18:00:00Z,Ludogorets Razgrad,Zalgiris Vilnius,4.0,1.0,False
uefa.champions,2017-07-19T18:15:00Z,NK Maribor,Zrinjski Mostar,1.0,1.0,False
uefa.champions,2017-07-19T18:30:00Z,RB Salzburg,Hibernians,3.0,0.0,False
uefa.champions,2017-07-19T18:45:00Z,Celtic,Linfield,4.0,0.0,False
uefa.champions,2017-07-19T18:45:00Z,Legia Warsaw,IFK Mariehamn,6.0,0.0,False
uefa.champions,2017-07-19T19:15:00Z,Honvéd,Hapoel Be'er,2.0,3.0,False
uefa.europa,2017-07-20T15:00:00Z,Dinamo Minsk,FK Rabotnicki,3.0,0.0,False
uefa.europa,2017-07-20T15:00:00Z,Lyngby Boldklub,Slovan Bratislava,2.0,1.0,False
uefa.europa,2017-07-20T16:00:00Z,FK Suduva,FK Liepaja,0.0,1.0,False
uefa.europa,2017-07-20T16:00:00Z,HJK Helsinki,KF Shkëndija,1.0,1.0,False
uefa.europa,2017-07-20T16:00:00Z,Mlada Boleslav,Shamrock Rovers,2.0,0.0,False
uefa.europa,2017-07-20T16:00:00Z,Trakai,IFK Norrköping,2.0,1.0,False
uefa.europa,2017-07-20T16:00:00Z,VPS Vaasa,Brøndby IF,2.0,1.0,False
uefa.europa,2017-07-20T16:30:00Z,Dinamo Brest,SC Rheindorf Altach,0.0,3.0,False
uefa.europa,2017-07-20T17:00:00Z,AEK Larnaca,Cork,1.0,0.0,False
uefa.europa,2017-07-20T17:00:00Z,AIK,Zeljeznicar Sarajevo,2.0,0.0,False
uefa.europa,2017-07-20T17:00:00Z,Bnei Yehuda,AS Trencin,2.0,0.0,False
uefa.europa,2017-07-20T17:00:00Z,FC Midtjylland,Ferencvaros,3.0,1.0,False
uefa.europa,2017-07-20T17:00:00Z,FC Zaria Balti,Apollon Limassol,1.0,2.0,False
uefa.europa,2017-07-20T17:00:00Z,Levski Sofia,Hajduk Split,1.0,2.0,False
uefa.europa,2017-07-20T17:00:00Z,Odds BK,FC Vaduz,1.0,0.0,False
uefa.europa,2017-07-20T17:00:00Z,SK Brann,MFK Ruzomberok,0.0,2.0,False
uefa.europa,2017-07-20T17:00:00Z,Zira FK,FK Astra Giurgiu,0.0,0.0,False
uefa.europa,2017-07-20T17:30:00Z,Botev Plovdiv,Beitar Jerusalem,4.0,0.0,False
uefa.europa,2017-07-20T17:30:00Z,CS Fola Esch,Inter Baku,4.0,1.0,False
uefa.europa,2017-07-20T17:30:00Z,FC Utrecht,Valletta,3.0,1.0,False
uefa.europa,2017-07-20T17:30:00Z,Galatasaray,Östersunds FK,1.0,1.0,False
uefa.europa,2017-07-20T17:45:00Z,FC Luzern,Osijek,2.0,1.0,False
uefa.europa,2017-07-20T18:00:00Z,AEL,Progres Niederkorn,2.0,1.0,False
uefa.europa,2017-07-20T18:00:00Z,Lech Poznan,Haugesund,2.0,0.0,False
uefa.europa,2017-07-20T18:00:00Z,NK Domzale,Valur Reykjavik,3.0,2.0,False
uefa.europa,2017-07-20T18:00:00Z,Skenderbeu Korce,Kairat Almaty,2.0,0.0,False
uefa.europa,2017-07-20T18:30:00Z,Jagiellonia Bialystok,FK Qabala,0.0,2.0,False
uefa.europa,2017-07-20T18:30:00Z,Mladost Pogorica,SK Sturm Graz,0.0,3.0,False
uefa.europa,2017-07-20T18:30:00Z,Red Star Belgrade,Irtysh Pavlodar,2.0,0.0,False
uefa.europa,2017-07-20T18:45:00Z,ND Gorica,Panionios,2.0,3.0,False
uefa.europa,2017-07-20T18:45:00Z,Siroki Brijeg,Aberdeen,0.0,2.0,False
uefa.europa,2017-07-20T19:00:00Z,Fehérvár,Nomme Kalju,1.0,1.0,False
uefa.europa,2017-07-20T19:15:00Z,KR Reykjavik,Maccabi Tel-Aviv,0.0,2.0,False
uefa.champions,2017-07-25T17:00:00Z,FK Qarabag,Sheriff Tiraspol,0.0,0.0,False
uefa.champions,2017-07-25T17:00:00Z,Slavia Prague,BATE Borisov,1.0,0.0,False
uefa.champions,2017-07-25T17:30:00Z,AEK Athens,CSKA Moscow,0.0,2.0,False
uefa.champions,2017-07-25T17:30:00Z,FCSB,Viktoria Plzen,2.0,2.0,False
uefa.champions,2017-07-25T18:00:00Z,Vardar,F.C. København,1.0,0.0,False
uefa.champions,2017-07-25T18:45:00Z,Partizan Belgrade,Olympiacos,1.0,3.0,False
uefa.champions,2017-07-26T14:00:00Z,FC Astana,Legia Warsaw,3.0,1.0,False
uefa.champions,2017-07-26T16:30:00Z,Dynamo Kyiv,Young Boys,3.0,1.0,False
uefa.champions,2017-07-26T16:45:00Z,RB Salzburg,Rijeka,1.0,1.0,False
uefa.champions,2017-07-26T17:00:00Z,Hapoel Be'er,Ludogorets Razgrad,2.0,0.0,False
uefa.champions,2017-07-26T18:00:00Z,Viitorul Constanta,Apoel Nicosia,1.0,0.0,False
uefa.champions,2017-07-26T18:20:00Z,NK Maribor,FH Hafnarfjordur,1.0,0.0,False
uefa.champions,2017-07-26T18:45:00Z,Celtic,Rosenborg,0.0,0.0,False
uefa.champions,2017-07-26T18:45:00Z,Nice,Ajax Amsterdam,1.0,1.0,False
uefa.champions,2017-07-26T19:00:00Z,Club Brugge,Istanbul Basaksehir,3.0,3.0,False
uefa.europa,2017-07-27T16:00:00Z,Mlada Boleslav,Skenderbeu Korce,2.0,1.0,False
uefa.europa,2017-07-27T16:30:00Z,FC Olimpik Donetsk,PAOK,1.0,1.0,False
uefa.europa,2017-07-27T16:30:00Z,Trakai,KF Shkëndija,2.0,1.0,False
uefa.europa,2017-07-27T16:45:00Z,Maccabi Tel-Aviv,Panionios,1.0,0.0,False
uefa.europa,2017-07-27T17:00:00Z,AEK Larnaca,Dinamo Minsk,2.0,0.0,False
uefa.europa,2017-07-27T17:00:00Z,AIK,Braga,1.0,1.0,False
uefa.europa,2017-07-27T17:00:00Z,FC Utrecht,Lech Poznan,0.0,0.0,False
uefa.europa,2017-07-27T17:00:00Z,FK Suduva,FC Sion,3.0,0.0,False
uefa.europa,2017-07-27T17:00:00Z,Krasnodar,Lyngby Boldklub,2.0,1.0,False
uefa.europa,2017-07-27T17:00:00Z,PSV Eindhoven,Osijek,0.0,1.0,False
uefa.europa,2017-07-27T17:00:00Z,SK Sturm Graz,Fenerbahce,1.0,2.0,False
uefa.europa,2017-07-27T17:00:00Z,Östersunds FK,CS Fola Esch,1.0,0.0,False
uefa.europa,2017-07-27T17:30:00Z,Bnei Yehuda,Zenit St Petersburg,0.0,2.0,False
uefa.europa,2017-07-27T17:30:00Z,Botev Plovdiv,Maritimo,0.0,0.0,False
uefa.europa,2017-07-27T17:30:00Z,Dinamo Bucuresti,Athletic Club,1.0,1.0,False
uefa.europa,2017-07-27T17:30:00Z,FK Astra Giurgiu,FC Olexandriya,0.0,0.0,False
uefa.europa,2017-07-27T18:00:00Z,Arka Gdynia,FC Midtjylland,3.0,2.0,False
uefa.europa,2017-07-27T18:00:00Z,Brøndby IF,Hajduk Split,0.0,0.0,False
uefa.europa,2017-07-27T18:00:00Z,CSU Craiova,AC Milan,0.0,1.0,False
uefa.europa,2017-07-27T18:30:00Z,Bordeaux,Fehérvár,2.0,1.0,False
uefa.europa,2017-07-27T18:30:00Z,KAA Gent,SC Rheindorf Altach,1.0,1.0,False
uefa.europa,2017-07-27T18:30:00Z,Panathinaikos,FK Qabala,1.0,0.0,False
uefa.europa,2017-07-27T18:30:00Z,Red Star Belgrade,Sparta Prague,2.0,0.0,False
uefa.europa,2017-07-27T18:45:00Z,Aberdeen,Apollon Limassol,2.0,1.0,False
uefa.europa,2017-07-27T18:45:00Z,Dinamo Zagreb,Odds BK,2.0,1.0,False
uefa.europa,2017-07-27T18:45:00Z,Marseille,KV Oostende,4.0,2.0,False
uefa.europa,2017-07-27T19:05:00Z,Austria Vienna,AEL,0.0,0.0,False
uefa.europa,2017-07-27T19:05:00Z,Everton,MFK Ruzomberok,1.0,0.0,False
uefa.europa,2017-07-27T19:05:00Z,SC Freiburg,NK Domzale,1.0,0.0,False
uefa.champions,2017-08-01T17:00:00Z,Sheriff Tiraspol,FK Qarabag,1.0,2.0,False
uefa.europa,2017-08-02T16:00:00Z,AEL,Austria Vienna,1.0,2.0,False
uefa.europa,2017-08-02T16:00:00Z,FC Sion,FK Suduva,1.0,1.0,False
uefa.champions,2017-08-02T17:00:00Z,Apoel Nicosia,Viitorul Constanta,4.0,0.0,False
uefa.champions,2017-08-02T17:00:00Z,BATE Borisov,Slavia Prague,2.0,1.0,False
uefa.champions,2017-08-02T17:00:00Z,CSKA Moscow,AEK Athens,1.0,0.0,False
uefa.champions,2017-08-02T17:45:00Z,Istanbul Basaksehir,Club Brugge,2.0,0.0,False
uefa.champions,2017-08-02T18:00:00Z,F.C. København,Vardar,4.0,1.0,False
uefa.champions,2017-08-02T18:15:00Z,Viktoria Plzen,FCSB,1.0,4.0,False
uefa.champions,2017-08-02T18:15:00Z,Young Boys,Dynamo Kyiv,2.0,0.0,False
uefa.champions,2017-08-02T18:30:00Z,FH Hafnarfjordur,NK Maribor,0.0,1.0,False
uefa.champions,2017-08-02T18:30:00Z,Ludogorets Razgrad,Hapoel Be'er,3.0,1.0,False
uefa.champions,2017-08-02T18:45:00Z,Ajax Amsterdam,Nice,2.0,2.0,False
uefa.champions,2017-08-02T18:45:00Z,Legia Warsaw,FC Astana,1.0,0.0,False
uefa.champions,2017-08-02T18:45:00Z,Olympiacos,Partizan Belgrade,2.0,2.0,False
uefa.champions,2017-08-02T18:45:00Z,Rijeka,RB Salzburg,0.0,0.0,False
uefa.champions,2017-08-02T18:45:00Z,Rosenborg,Celtic,0.0,1.0,False
uefa.europa,2017-08-03T15:00:00Z,Dinamo Minsk,AEK Larnaca,1.0,1.0,False
uefa.europa,2017-08-03T15:00:00Z,KF Shkëndija,Trakai,3.0,0.0,False
uefa.europa,2017-08-03T16:30:00Z,Odds BK,Dinamo Zagreb,0.0,0.0,False
uefa.europa,2017-08-03T17:00:00Z,Apollon Limassol,Aberdeen,2.0,0.0,False
uefa.europa,2017-08-03T17:00:00Z,FC Olexandriya,FK Astra Giurgiu,1.0,0.0,False
uefa.europa,2017-08-03T17:00:00Z,FK Qabala,Panathinaikos,1.0,2.0,False
uefa.europa,2017-08-03T17:00:00Z,Fehérvár,Bordeaux,1.0,0.0,False
uefa.europa,2017-08-03T17:00:00Z,Sparta Prague,Red Star Belgrade,0.0,1.0,False
uefa.europa,2017-08-03T17:00:00Z,Zenit St Petersburg,Bnei Yehuda,0.0,1.0,False
uefa.europa,2017-08-03T17:30:00Z,CS Fola Esch,Östersunds FK,1.0,2.0,False
uefa.europa,2017-08-03T17:30:00Z,Fenerbahce,SK Sturm Graz,1.0,1.0,False
uefa.europa,2017-08-03T17:45:00Z,Lyngby Boldklub,Krasnodar,1.0,3.0,False
uefa.europa,2017-08-03T18:00:00Z,Maritimo,Botev Plovdiv,2.0,0.0,False
uefa.europa,2017-08-03T18:00:00Z,PAOK,FC Olimpik Donetsk,2.0,0.0,False
uefa.europa,2017-08-03T18:00:00Z,Skenderbeu Korce,Mlada Boleslav,2.0,1.0,False
uefa.europa,2017-08-03T18:15:00Z,Lech Poznan,FC Utrecht,2.0,2.0,False
uefa.europa,2017-08-03T18:30:00Z,FC Midtjylland,Arka Gdynia,2.0,1.0,False
uefa.europa,2017-08-03T18:30:00Z,Hajduk Split,Brøndby IF,2.0,0.0,False
uefa.europa,2017-08-03T18:30:00Z,SC Rheindorf Altach,KAA Gent,3.0,1.0,False
uefa.europa,2017-08-03T18:45:00Z,AC Milan,CSU Craiova,2.0,0.0,False
uefa.europa,2017-08-03T18:45:00Z,Athletic Club,Dinamo Bucuresti,3.0,0.0,False
uefa.europa,2017-08-03T18:45:00Z,KV Oostende,Marseille,0.0,0.0,False
uefa.europa,2017-08-03T18:45:00Z,MFK Ruzomberok,Everton,0.0,1.0,False
uefa.europa,2017-08-03T18:45:00Z,Osijek,PSV Eindhoven,1.0,0.0,False
uefa.europa,2017-08-03T19:00:00Z,Panionios,Maccabi Tel-Aviv,0.0,1.0,False
uefa.europa,2017-08-03T19:05:00Z,NK Domzale,SC Freiburg,2.0,0.0,False
uefa.europa,2017-08-03T20:00:00Z,Braga,AIK,2.0,1.0,False
uefa.champions,2017-08-15T16:00:00Z,FK Qarabag,F.C. København,1.0,0.0,False
uefa.champions,2017-08-15T18:45:00Z,Apoel Nicosia,Slavia Prague,2.0,0.0,False
uefa.champions,2017-08-15T18:45:00Z,Sporting CP,FCSB,0.0,0.0,False
uefa.champions,2017-08-15T18:45:00Z,TSG Hoffenheim,Liverpool,1.0,2.0,False
uefa.champions,2017-08-15T18:45:00Z,Young Boys,CSKA Moscow,0.0,1.0,False
uefa.europa,2017-08-16T16:00:00Z,FC Utrecht,Zenit St Petersburg,1.0,0.0,False
uefa.champions,2017-08-16T18:45:00Z,Celtic,FC Astana,5.0,0.0,False
uefa.champions,2017-08-16T18:45:00Z,Hapoel Be'er,NK Maribor,2.0,1.0,False
uefa.champions,2017-08-16T18:45:00Z,Istanbul Basaksehir,Sevilla,1.0,2.0,False
uefa.champions,2017-08-16T18:45:00Z,Napoli,Nice,2.0,0.0,False
uefa.champions,2017-08-16T18:45:00Z,Olympiacos,Rijeka,2.0,1.0,False
uefa.europa,2017-08-17T17:00:00Z,Apollon Limassol,FC Midtjylland,3.0,2.0,False
uefa.europa,2017-08-17T17:00:00Z,BATE Borisov,FC Olexandriya,1.0,1.0,False
uefa.europa,2017-08-17T17:00:00Z,Dinamo Zagreb,Skenderbeu Korce,1.0,1.0,False
uefa.europa,2017-08-17T17:00:00Z,Krasnodar,Red Star Belgrade,3.0,2.0,False
uefa.europa,2017-08-17T17:45:00Z,FH Hafnarfjordur,Braga,1.0,2.0,False
uefa.europa,2017-08-17T18:00:00Z,PAOK,Östersunds FK,3.0,1.0,False
uefa.europa,2017-08-17T18:00:00Z,Vardar,Fenerbahce,2.0,0.0,False
uefa.europa,2017-08-17T18:15:00Z,Viktoria Plzen,AEK Larnaca,3.0,1.0,False
uefa.europa,2017-08-17T18:30:00Z,Ludogorets Razgrad,FK Suduva,2.0,0.0,False
uefa.europa,2017-08-17T18:30:00Z,Panathinaikos,Athletic Club,2.0,3.0,False
uefa.europa,2017-08-17T18:30:00Z,SC Rheindorf Altach,Maccabi Tel-Aviv,0.0,1.0,False
uefa.europa,2017-08-17T18:45:00Z,AC Milan,KF Shkëndija,6.0,0.0,False
uefa.europa,2017-08-17T18:45:00Z,Ajax Amsterdam,Rosenborg,0.0,1.0,False
uefa.europa,2017-08-17T18:45:00Z,Club Brugge,AEK Athens,0.0,0.0,False
uefa.europa,2017-08-17T18:45:00Z,Legia Warsaw,Sheriff Tiraspol,1.0,1.0,False
uefa.europa,2017-08-17T18:45:00Z,NK Domzale,Marseille,1.0,1.0,False
uefa.europa,2017-08-17T18:45:00Z,Osijek,Austria Vienna,1.0,2.0,False
uefa.europa,2017-08-17T18:45:00Z,Viitorul Constanta,RB Salzburg,1.0,3.0,False
uefa.europa,2017-08-17T19:00:00Z,Partizan Belgrade,Fehérvár,0.0,0.0,False
uefa.europa,2017-08-17T19:05:00Z,Everton,Hajduk Split,2.0,0.0,False
uefa.europa,2017-08-17T19:30:00Z,Maritimo,Dynamo Kyiv,0.0,0.0,False
uefa.champions,2017-08-22T15:30:00Z,FC Astana,Celtic,4.0,3.0,False
uefa.champions,2017-08-22T18:45:00Z,NK Maribor,Hapoel Be'er,1.0,0.0,False
uefa.champions,2017-08-22T18:45:00Z,Nice,Napoli,0.0,2.0,False
uefa.champions,2017-08-22T18:45:00Z,Rijeka,Olympiacos,0.0,1.0,False
uefa.champions,2017-08-22T18:45:00Z,Sevilla,Istanbul Basaksehir,2.0,2.0,False
uefa.champions,2017-08-23T18:45:00Z,CSKA Moscow,Young Boys,2.0,0.0,False
uefa.champions,2017-08-23T18:45:00Z,F.C. København,FK Qarabag,2.0,1.0,False
uefa.champions,2017-08-23T18:45:00Z,FCSB,Sporting CP,1.0,5.0,False
uefa.champions,2017-08-23T18:45:00Z,Liverpool,TSG Hoffenheim,4.0,2.0,False
uefa.champions,2017-08-23T18:45:00Z,Slavia Prague,Apoel Nicosia,0.0,0.0,False
uefa.europa,2017-08-24T16:00:00Z,AEK Larnaca,Viktoria Plzen,0.0,0.0,False
uefa.europa,2017-08-24T16:45:00Z,Dynamo Kyiv,Maritimo,3.0,1.0,False
uefa.europa,2017-08-24T17:00:00Z,FC Olexandriya,BATE Borisov,1.0,2.0,False
uefa.europa,2017-08-24T17:00:00Z,Maccabi Tel-Aviv,SC Rheindorf Altach,2.0,2.0,False
uefa.europa,2017-08-24T17:00:00Z,RB Salzburg,Viitorul Constanta,4.0,0.0,False
uefa.europa,2017-08-24T17:00:00Z,Sheriff Tiraspol,Legia Warsaw,0.0,0.0,False
uefa.europa,2017-08-24T17:00:00Z,Zenit St Petersburg,FC Utrecht,2.0,0.0,False
uefa.europa,2017-08-24T17:00:00Z,Östersunds FK,PAOK,2.0,0.0,False
uefa.europa,2017-08-24T17:30:00Z,FK Suduva,Ludogorets Razgrad,0.0,0.0,False
uefa.europa,2017-08-24T17:30:00Z,Fenerbahce,Vardar,1.0,2.0,False
uefa.europa,2017-08-24T18:00:00Z,AEK Athens,Club Brugge,3.0,0.0,False
uefa.europa,2017-08-24T18:00:00Z,FC Midtjylland,Apollon Limassol,1.0,1.0,False
uefa.europa,2017-08-24T18:00:00Z,Fehérvár,Partizan Belgrade,0.0,4.0,False
uefa.europa,2017-08-24T18:00:00Z,Skenderbeu Korce,Dinamo Zagreb,0.0,0.0,False
uefa.europa,2017-08-24T18:45:00Z,Athletic Club,Panathinaikos,1.0,0.0,False
uefa.europa,2017-08-24T18:45:00Z,Braga,FH Hafnarfjordur,3.0,2.0,False
uefa.europa,2017-08-24T18:45:00Z,KF Shkëndija,AC Milan,0.0,1.0,False
uefa.europa,2017-08-24T18:45:00Z,Marseille,NK Domzale,3.0,0.0,False
uefa.europa,2017-08-24T18:45:00Z,Rosenborg,Ajax Amsterdam,3.0,2.0,False
uefa.europa,2017-08-24T19:00:00Z,Hajduk Split,Everton,1.0,1.0,False
uefa.europa,2017-08-24T19:00:00Z,Red Star Belgrade,Krasnodar,2.0,1.0,False
uefa.europa,2017-08-24T19:05:00Z,Austria Vienna,Osijek,0.0,1.0,False
uefa.champions,2017-09-12T18:45:00Z,AS Roma,Atlético Madrid,0.0,0.0,False
uefa.champions,2017-09-12T18:45:00Z,Barcelona,Juventus,3.0,0.0,False
uefa.champions,2017-09-12T18:45:00Z,Bayern Munich,Anderlecht,3.0,0.0,False
uefa.champions,2017-09-12T18:45:00Z,Benfica,CSKA Moscow,1.0,2.0,False
uefa.champions,2017-09-12T18:45:00Z,Celtic,Paris Saint-Germain,0.0,5.0,False
uefa.champions,2017-09-12T18:45:00Z,Chelsea,FK Qarabag,6.0,0.0,False
uefa.champions,2017-09-12T18:45:00Z,Manchester United,FC Basel,3.0,0.0,False
uefa.champions,2017-09-12T18:45:00Z,Olympiacos,Sporting CP,2.0,3.0,False
uefa.champions,2017-09-13T18:45:00Z,FC Porto,Besiktas,1.0,3.0,False
uefa.champions,2017-09-13T18:45:00Z,Feyenoord Rotterdam,Manchester City,0.0,4.0,False
uefa.champions,2017-09-13T18:45:00Z,Liverpool,Sevilla,2.0,2.0,False
uefa.champions,2017-09-13T18:45:00Z,NK Maribor,Spartak Moscow,1.0,1.0,False
uefa.champions,2017-09-13T18:45:00Z,RB Leipzig,AS Monaco,1.0,1.0,False
uefa.champions,2017-09-13T18:45:00Z,Real Madrid,Apoel Nicosia,3.0,0.0,False
uefa.champions,2017-09-13T18:45:00Z,Shakhtar Donetsk,Napoli,2.0,1.0,False
uefa.champions,2017-09-13T18:45:00Z,Tottenham Hotspur,Borussia Dortmund,3.0,1.0,False
uefa.europa,2017-09-14T17:00:00Z,Apollon Limassol,Lyon,1.0,1.0,False
uefa.europa,2017-09-14T17:00:00Z,Atalanta,Everton,3.0,0.0,False
uefa.europa,2017-09-14T17:00:00Z,Austria Vienna,AC Milan,1.0,5.0,False
uefa.europa,2017-09-14T17:00:00Z,Dynamo Kyiv,Skenderbeu Korce,3.0,1.0,False
uefa.europa,2017-09-14T17:00:00Z,F.C. København,Lokomotiv Moscow,0.0,0.0,False
uefa.europa,2017-09-14T17:00:00Z,FC Zlín,Sheriff Tiraspol,0.0,0.0,False
uefa.europa,2017-09-14T17:00:00Z,Istanbul Basaksehir,Ludogorets Razgrad,0.0,0.0,False
uefa.europa,2017-09-14T17:00:00Z,Rijeka,AEK Athens,1.0,2.0,False
uefa.europa,2017-09-14T17:00:00Z,Slavia Prague,Maccabi Tel-Aviv,1.0,0.0,False
uefa.europa,2017-09-14T17:00:00Z,TSG Hoffenheim,Braga,1.0,2.0,False
uefa.europa,2017-09-14T17:00:00Z,Villarreal,FC Astana,3.0,1.0,False
uefa.europa,2017-09-14T17:00:00Z,Young Boys,Partizan Belgrade,1.0,1.0,False
uefa.europa,2017-09-14T19:05:00Z,FC Zorya Luhansk,Östersunds FK,0.0,2.0,False
uefa.europa,2017-09-14T19:05:00Z,FCSB,Viktoria Plzen,3.0,0.0,False
uefa.europa,2017-09-14T19:05:00Z,Hapoel Be'er,FC Lugano,2.0,1.0,False
uefa.europa,2017-09-14T19:05:00Z,Hertha Berlin,Athletic Club,0.0,0.0,False
uefa.europa,2017-09-14T19:05:00Z,Marseille,Konyaspor,1.0,0.0,False
uefa.europa,2017-09-14T19:05:00Z,Real Sociedad,Rosenborg,4.0,0.0,False
uefa.europa,2017-09-14T19:05:00Z,Red Star Belgrade,BATE Borisov,1.0,1.0,False
uefa.europa,2017-09-14T19:05:00Z,Vardar,Zenit St Petersburg,0.0,5.0,False
uefa.europa,2017-09-14T19:05:00Z,Vitesse,Lazio,2.0,3.0,False
uefa.europa,2017-09-14T19:05:00Z,Vitória de Guimaraes,RB Salzburg,1.0,1.0,False
uefa.europa,2017-09-14T19:05:00Z,Zulte-Waregem,Nice,1.0,5.0,False
uefa.europa,2017-09-14T20:05:00Z,Arsenal,FC Cologne,3.0,1.0,False
caf.confed,2017-09-15T17:00:00Z,SuperSport United,ZESCO United,0.0,0.0,False
caf.champions,2017-09-16T13:00:00Z,Ferroviário Beira,USM Alger,1.0,1.0,False
caf.champions,2017-09-16T17:00:00Z,Al Ahly,Esperance Sportive de Tunis,2.0,2.0,False
caf.confed,2017-09-16T17:00:00Z,Al Hilal Al Ubayyid,TP Mazembe,1.0,2.0,False
caf.confed,2017-09-16T19:30:00Z,FUS Rabat,Club Sportif Sfaxien,1.0,0.0,False
caf.confed,2017-09-16T19:45:00Z,MC Alger,Club Africain,1.0,0.0,False
caf.champions,2017-09-17T13:00:00Z,Mamelodi Sundowns,Wydad AC,1.0,0.0,False
caf.champions,2017-09-17T18:00:00Z,Al Ahli Tripoli,Etoile Sahel,0.0,0.0,False
caf.confed,2017-09-22T18:00:00Z,Club Sportif Sfaxien,FUS Rabat,1.0,0.0,False
caf.confed,2017-09-23T13:00:00Z,ZESCO United,SuperSport United,2.0,2.0,False
caf.champions,2017-09-23T17:30:00Z,USM Alger,Ferroviário Beira,0.0,0.0,False
caf.champions,2017-09-23T18:00:00Z,Esperance Sportive de Tunis,Al Ahly,1.0,2.0,False
caf.champions,2017-09-23T20:00:00Z,Wydad AC,Mamelodi Sundowns,1.0,0.0,False
caf.confed,2017-09-24T14:30:00Z,TP Mazembe,Al Hilal Al Ubayyid,5.0,0.0,False
caf.champions,2017-09-24T17:30:00Z,Etoile Sahel,Al Ahli Tripoli,2.0,0.0,False
caf.confed,2017-09-24T18:00:00Z,Club Africain,MC Alger,2.0,0.0,False
uefa.champions,2017-09-26T18:45:00Z,AS Monaco,FC Porto,0.0,3.0,False
uefa.champions,2017-09-26T18:45:00Z,Apoel Nicosia,Tottenham Hotspur,0.0,3.0,False
uefa.champions,2017-09-26T18:45:00Z,Besiktas,RB Leipzig,2.0,0.0,False
uefa.champions,2017-09-26T18:45:00Z,Borussia Dortmund,Real Madrid,1.0,3.0,False
uefa.champions,2017-09-26T18:45:00Z,Manchester City,Shakhtar Donetsk,2.0,0.0,False
uefa.champions,2017-09-26T18:45:00Z,Napoli,Feyenoord Rotterdam,3.0,1.0,False
uefa.champions,2017-09-26T18:45:00Z,Sevilla,NK Maribor,3.0,0.0,False
uefa.champions,2017-09-26T18:45:00Z,Spartak Moscow,Liverpool,1.0,1.0,False
uefa.champions,2017-09-27T16:00:00Z,FK Qarabag,AS Roma,1.0,2.0,False
uefa.champions,2017-09-27T18:45:00Z,Anderlecht,Celtic,0.0,3.0,False
uefa.champions,2017-09-27T18:45:00Z,Atlético Madrid,Chelsea,1.0,2.0,False
uefa.champions,2017-09-27T18:45:00Z,CSKA Moscow,Manchester United,1.0,4.0,False
uefa.champions,2017-09-27T18:45:00Z,FC Basel,Benfica,5.0,0.0,False
uefa.champions,2017-09-27T18:45:00Z,Juventus,Olympiacos,2.0,0.0,False
uefa.champions,2017-09-27T18:45:00Z,Paris Saint-Germain,Bayern Munich,3.0,0.0,False
uefa.champions,2017-09-27T18:45:00Z,Sporting CP,Barcelona,0.0,1.0,False
uefa.europa,2017-09-28T15:00:00Z,FC Astana,Slavia Prague,1.0,1.0,False
uefa.europa,2017-09-28T17:00:00Z,Athletic Club,FC Zorya Luhansk,0.0,1.0,False
uefa.europa,2017-09-28T17:00:00Z,BATE Borisov,Arsenal,2.0,4.0,False
uefa.europa,2017-09-28T17:00:00Z,FC Cologne,Red Star Belgrade,0.0,1.0,False
uefa.europa,2017-09-28T17:00:00Z,FC Lugano,FCSB,1.0,2.0,False
uefa.europa,2017-09-28T17:00:00Z,Konyaspor,Vitória de Guimaraes,2.0,1.0,False
uefa.europa,2017-09-28T17:00:00Z,Lazio,Zulte-Waregem,2.0,0.0,False
uefa.europa,2017-09-28T17:00:00Z,Nice,Vitesse,3.0,0.0,False
uefa.europa,2017-09-28T17:00:00Z,RB Salzburg,Marseille,1.0,0.0,False
uefa.europa,2017-09-28T17:00:00Z,Rosenborg,Vardar,3.0,1.0,False
uefa.europa,2017-09-28T17:00:00Z,Viktoria Plzen,Hapoel Be'er,3.0,1.0,False
uefa.europa,2017-09-28T17:00:00Z,Zenit St Petersburg,Real Sociedad,3.0,1.0,False
uefa.europa,2017-09-28T17:00:00Z,Östersunds FK,Hertha Berlin,1.0,0.0,False
uefa.europa,2017-09-28T19:05:00Z,AC Milan,Rijeka,3.0,2.0,False
uefa.europa,2017-09-28T19:05:00Z,AEK Athens,Austria Vienna,2.0,2.0,False
uefa.europa,2017-09-28T19:05:00Z,Braga,Istanbul Basaksehir,2.0,1.0,False
uefa.europa,2017-09-28T19:05:00Z,Everton,Apollon Limassol,2.0,2.0,False
uefa.europa,2017-09-28T19:05:00Z,Lokomotiv Moscow,FC Zlín,3.0,0.0,False
uefa.europa,2017-09-28T19:05:00Z,Ludogorets Razgrad,TSG Hoffenheim,2.0,1.0,False
uefa.europa,2017-09-28T19:05:00Z,Lyon,Atalanta,1.0,1.0,False
uefa.europa,2017-09-28T19:05:00Z,Maccabi Tel-Aviv,Villarreal,0.0,0.0,False
uefa.europa,2017-09-28T19:05:00Z,Partizan Belgrade,Dynamo Kyiv,2.0,3.0,False
uefa.europa,2017-09-28T19:05:00Z,Sheriff Tiraspol,F.C. København,0.0,0.0,False
uefa.europa,2017-09-28T19:05:00Z,Skenderbeu Korce,Young Boys,1.0,1.0,False
caf.champions,2017-09-29T17:00:00Z,USM Alger,Wydad AC,1.0,0.0,False
caf.confed,2017-10-01T13:00:00Z,SuperSport United,Club Africain,1.0,1.0,False
caf.champions,2017-10-01T17:30:00Z,Etoile Sahel,Al Ahly,2.0,1.0,False
uefa.champions,2017-10-17T18:45:00Z,AS Monaco,Besiktas,1.0,2.0,False
uefa.champions,2017-10-17T18:45:00Z,Apoel Nicosia,Borussia Dortmund,1.0,1.0,False
uefa.champions,2017-10-17T18:45:00Z,Feyenoord Rotterdam,Shakhtar Donetsk,1.0,2.0,False
uefa.champions,2017-10-17T18:45:00Z,Manchester City,Napoli,2.0,1.0,False
uefa.champions,2017-10-17T18:45:00Z,NK Maribor,Liverpool,0.0,7.0,False
uefa.champions,2017-10-17T18:45:00Z,RB Leipzig,FC Porto,3.0,2.0,False
uefa.champions,2017-10-17T18:45:00Z,Real Madrid,Tottenham Hotspur,1.0,1.0,False
uefa.champions,2017-10-17T18:45:00Z,Spartak Moscow,Sevilla,5.0,1.0,False
uefa.champions,2017-10-18T16:00:00Z,FK Qarabag,Atlético Madrid,0.0,0.0,False
uefa.champions,2017-10-18T18:45:00Z,Anderlecht,Paris Saint-Germain,0.0,4.0,False
uefa.champions,2017-10-18T18:45:00Z,Barcelona,Olympiacos,3.0,1.0,False
uefa.champions,2017-10-18T18:45:00Z,Bayern Munich,Celtic,3.0,0.0,False
uefa.champions,2017-10-18T18:45:00Z,Benfica,Manchester United,0.0,1.0,False
uefa.champions,2017-10-18T18:45:00Z,CSKA Moscow,FC Basel,0.0,2.0,False
uefa.champions,2017-10-18T18:45:00Z,Chelsea,AS Roma,3.0,3.0,False
uefa.champions,2017-10-18T18:45:00Z,Juventus,Sporting CP,2.0,1.0,False
uefa.europa,2017-10-19T15:00:00Z,FC Astana,Maccabi Tel-Aviv,4.0,0.0,False
uefa.europa,2017-10-19T17:00:00Z,BATE Borisov,FC Cologne,1.0,0.0,False
uefa.europa,2017-10-19T17:00:00Z,FC Lugano,Viktoria Plzen,3.0,2.0,False
uefa.europa,2017-10-19T17:00:00Z,FC Zorya Luhansk,Hertha Berlin,2.0,1.0,False
uefa.europa,2017-10-19T17:00:00Z,Hapoel Be'er,FCSB,1.0,2.0,False
uefa.europa,2017-10-19T17:00:00Z,Konyaspor,RB Salzburg,0.0,2.0,False
uefa.europa,2017-10-19T17:00:00Z,Marseille,Vitória de Guimaraes,2.0,1.0,False
uefa.europa,2017-10-19T17:00:00Z,Nice,Lazio,1.0,3.0,False
uefa.europa,2017-10-19T17:00:00Z,Red Star Belgrade,Arsenal,0.0,1.0,False
uefa.europa,2017-10-19T17:00:00Z,Vardar,Real Sociedad,0.0,6.0,False
uefa.europa,2017-10-19T17:00:00Z,Zenit St Petersburg,Rosenborg,3.0,1.0,False
uefa.europa,2017-10-19T17:00:00Z,Zulte-Waregem,Vitesse,1.0,1.0,False
uefa.europa,2017-10-19T17:00:00Z,Östersunds FK,Athletic Club,2.0,2.0,False
uefa.europa,2017-10-19T19:05:00Z,AC Milan,AEK Athens,0.0,0.0,False
uefa.europa,2017-10-19T19:05:00Z,Atalanta,Apollon Limassol,3.0,1.0,False
uefa.europa,2017-10-19T19:05:00Z,Austria Vienna,Rijeka,1.0,3.0,False
uefa.europa,2017-10-19T19:05:00Z,Braga,Ludogorets Razgrad,0.0,2.0,False
uefa.europa,2017-10-19T19:05:00Z,Dynamo Kyiv,Young Boys,2.0,2.0,False
uefa.europa,2017-10-19T19:05:00Z,Everton,Lyon,1.0,2.0,False
uefa.europa,2017-10-19T19:05:00Z,FC Zlín,F.C. København,1.0,1.0,False
uefa.europa,2017-10-19T19:05:00Z,Sheriff Tiraspol,Lokomotiv Moscow,1.0,1.0,False
uefa.europa,2017-10-19T19:05:00Z,Skenderbeu Korce,Partizan Belgrade,0.0,0.0,False
uefa.europa,2017-10-19T19:05:00Z,TSG Hoffenheim,Istanbul Basaksehir,3.0,1.0,False
uefa.europa,2017-10-19T19:05:00Z,Villarreal,Slavia Prague,2.0,2.0,False
caf.champions,2017-10-21T19:00:00Z,Wydad AC,USM Alger,0.0,0.0,False
caf.champions,2017-10-22T17:00:00Z,Al Ahly,Etoile Sahel,6.0,2.0,False
caf.confed,2017-10-22T18:00:00Z,Club Africain,SuperSport United,1.0,3.0,False
caf.champions,2017-10-28T17:00:00Z,Al Ahly,Wydad AC,1.0,1.0,False
uefa.champions,2017-10-31T19:45:00Z,AS Roma,Chelsea,3.0,0.0,False
uefa.champions,2017-10-31T19:45:00Z,Atlético Madrid,FK Qarabag,1.0,1.0,False
uefa.champions,2017-10-31T19:45:00Z,Celtic,Bayern Munich,1.0,2.0,False
uefa.champions,2017-10-31T19:45:00Z,FC Basel,CSKA Moscow,1.0,2.0,False
uefa.champions,2017-10-31T19:45:00Z,Manchester United,Benfica,2.0,0.0,False
uefa.champions,2017-10-31T19:45:00Z,Olympiacos,Barcelona,0.0,0.0,False
uefa.champions,2017-10-31T19:45:00Z,Paris Saint-Germain,Anderlecht,5.0,0.0,False
uefa.champions,2017-10-31T19:45:00Z,Sporting CP,Juventus,1.0,1.0,False
uefa.champions,2017-11-01T17:00:00Z,Besiktas,AS Monaco,1.0,1.0,False
uefa.champions,2017-11-01T19:45:00Z,Borussia Dortmund,Apoel Nicosia,1.0,1.0,False
uefa.champions,2017-11-01T19:45:00Z,FC Porto,RB Leipzig,3.0,1.0,False
uefa.champions,2017-11-01T19:45:00Z,Liverpool,NK Maribor,3.0,0.0,False
uefa.champions,2017-11-01T19:45:00Z,Napoli,Manchester City,2.0,4.0,False
uefa.champions,2017-11-01T19:45:00Z,Sevilla,Spartak Moscow,2.0,1.0,False
uefa.champions,2017-11-01T19:45:00Z,Shakhtar Donetsk,Feyenoord Rotterdam,3.0,1.0,False
uefa.champions,2017-11-01T19:45:00Z,Tottenham Hotspur,Real Madrid,3.0,1.0,False
uefa.europa,2017-11-02T18:00:00Z,AEK Athens,AC Milan,0.0,0.0,False
uefa.europa,2017-11-02T18:00:00Z,Apollon Limassol,Atalanta,1.0,1.0,False
uefa.europa,2017-11-02T18:00:00Z,F.C. København,FC Zlín,3.0,0.0,False
uefa.europa,2017-11-02T18:00:00Z,Istanbul Basaksehir,TSG Hoffenheim,1.0,1.0,False
uefa.europa,2017-11-02T18:00:00Z,Lokomotiv Moscow,Sheriff Tiraspol,1.0,2.0,False
uefa.europa,2017-11-02T18:00:00Z,Ludogorets Razgrad,Braga,1.0,1.0,False
uefa.europa,2017-11-02T18:00:00Z,Lyon,Everton,3.0,0.0,False
uefa.europa,2017-11-02T18:00:00Z,Maccabi Tel-Aviv,FC Astana,0.0,1.0,False
uefa.europa,2017-11-02T18:00:00Z,Partizan Belgrade,Skenderbeu Korce,2.0,0.0,False
uefa.europa,2017-11-02T18:00:00Z,Rijeka,Austria Vienna,1.0,4.0,False
uefa.europa,2017-11-02T18:00:00Z,Slavia Prague,Villarreal,0.0,2.0,False
uefa.europa,2017-11-02T18:00:00Z,Young Boys,Dynamo Kyiv,0.0,1.0,False
uefa.europa,2017-11-02T20:05:00Z,Arsenal,Red Star Belgrade,0.0,0.0,False
uefa.europa,2017-11-02T20:05:00Z,Athletic Club,Östersunds FK,1.0,0.0,False
uefa.europa,2017-11-02T20:05:00Z,FC Cologne,BATE Borisov,5.0,2.0,False
uefa.europa,2017-11-02T20:05:00Z,FCSB,Hapoel Be'er,1.0,1.0,False
uefa.europa,2017-11-02T20:05:00Z,Hertha Berlin,FC Zorya Luhansk,2.0,0.0,False
uefa.europa,2017-11-02T20:05:00Z,Lazio,Nice,1.0,0.0,False
uefa.europa,2017-11-02T20:05:00Z,RB Salzburg,Konyaspor,0.0,0.0,False
uefa.europa,2017-11-02T20:05:00Z,Real Sociedad,Vardar,3.0,0.0,False
uefa.europa,2017-11-02T20:05:00Z,Rosenborg,Zenit St Petersburg,1.0,1.0,False
uefa.europa,2017-11-02T20:05:00Z,Viktoria Plzen,FC Lugano,4.0,1.0,False
uefa.europa,2017-11-02T20:05:00Z,Vitesse,Zulte-Waregem,0.0,2.0,False
uefa.europa,2017-11-02T20:05:00Z,Vitória de Guimaraes,Marseille,1.0,0.0,False
caf.champions,2017-11-04T20:00:00Z,Wydad AC,Al Ahly,1.0,0.0,False
caf.confed,2017-11-19T13:30:00Z,TP Mazembe,SuperSport United,2.0,1.0,False
uefa.champions,2017-11-21T17:00:00Z,Besiktas,FC Porto,1.0,1.0,False
uefa.champions,2017-11-21T17:00:00Z,Spartak Moscow,NK Maribor,1.0,1.0,False
uefa.champions,2017-11-21T19:45:00Z,AS Monaco,RB Leipzig,1.0,4.0,False
uefa.champions,2017-11-21T19:45:00Z,Apoel Nicosia,Real Madrid,0.0,6.0,False
uefa.champions,2017-11-21T19:45:00Z,Borussia Dortmund,Tottenham Hotspur,1.0,2.0,False
uefa.champions,2017-11-21T19:45:00Z,Manchester City,Feyenoord Rotterdam,1.0,0.0,False
uefa.champions,2017-11-21T19:45:00Z,Napoli,Shakhtar Donetsk,3.0,0.0,False
uefa.champions,2017-11-21T19:45:00Z,Sevilla,Liverpool,3.0,3.0,False
uefa.champions,2017-11-22T17:00:00Z,CSKA Moscow,Benfica,2.0,0.0,False
uefa.champions,2017-11-22T17:00:00Z,FK Qarabag,Chelsea,0.0,4.0,False
uefa.champions,2017-11-22T19:45:00Z,Anderlecht,Bayern Munich,1.0,2.0,False
uefa.champions,2017-11-22T19:45:00Z,Atlético Madrid,AS Roma,2.0,0.0,False
uefa.champions,2017-11-22T19:45:00Z,FC Basel,Manchester United,1.0,0.0,False
uefa.champions,2017-11-22T19:45:00Z,Juventus,Barcelona,0.0,0.0,False
uefa.champions,2017-11-22T19:45:00Z,Paris Saint-Germain,Celtic,7.0,1.0,False
uefa.champions,2017-11-22T19:45:00Z,Sporting CP,Olympiacos,3.0,1.0,False
uefa.europa,2017-11-23T16:00:00Z,FC Astana,Villarreal,2.0,3.0,False
uefa.europa,2017-11-23T18:00:00Z,Athletic Club,Hertha Berlin,3.0,2.0,False
uefa.europa,2017-11-23T18:00:00Z,BATE Borisov,Red Star Belgrade,0.0,0.0,False
uefa.europa,2017-11-23T18:00:00Z,FC Cologne,Arsenal,1.0,0.0,False
uefa.europa,2017-11-23T18:00:00Z,FC Lugano,Hapoel Be'er,1.0,0.0,False
uefa.europa,2017-11-23T18:00:00Z,Konyaspor,Marseille,1.0,1.0,False
uefa.europa,2017-11-23T18:00:00Z,Lazio,Vitesse,1.0,1.0,False
uefa.europa,2017-11-23T18:00:00Z,Lokomotiv Moscow,F.C. København,2.0,1.0,False
uefa.europa,2017-11-23T18:00:00Z,Nice,Zulte-Waregem,3.0,1.0,False
uefa.europa,2017-11-23T18:00:00Z,RB Salzburg,Vitória de Guimaraes,3.0,0.0,False
uefa.europa,2017-11-23T18:00:00Z,Rosenborg,Real Sociedad,0.0,1.0,False
uefa.europa,2017-11-23T18:00:00Z,Viktoria Plzen,FCSB,2.0,0.0,False
uefa.europa,2017-11-23T18:00:00Z,Zenit St Petersburg,Vardar,2.0,1.0,False
uefa.europa,2017-11-23T18:00:00Z,Östersunds FK,FC Zorya Luhansk,2.0,0.0,False
uefa.europa,2017-11-23T20:05:00Z,AC Milan,Austria Vienna,5.0,1.0,False
uefa.europa,2017-11-23T20:05:00Z,AEK Athens,Rijeka,2.0,2.0,False
uefa.europa,2017-11-23T20:05:00Z,Braga,TSG Hoffenheim,3.0,1.0,False
uefa.europa,2017-11-23T20:05:00Z,Everton,Atalanta,1.0,5.0,False
uefa.europa,2017-11-23T20:05:00Z,Ludogorets Razgrad,Istanbul Basaksehir,1.0,2.0,False
uefa.europa,2017-11-23T20:05:00Z,Lyon,Apollon Limassol,4.0,0.0,False
uefa.europa,2017-11-23T20:05:00Z,Maccabi Tel-Aviv,Slavia Prague,0.0,2.0,False
uefa.europa,2017-11-23T20:05:00Z,Partizan Belgrade,Young Boys,2.0,1.0,False
uefa.europa,2017-11-23T20:05:00Z,Sheriff Tiraspol,FC Zlín,1.0,0.0,False
uefa.europa,2017-11-23T20:05:00Z,Skenderbeu Korce,Dynamo Kyiv,3.0,2.0,False
caf.confed,2017-11-25T18:15:00Z,SuperSport United,TP Mazembe,0.0,0.0,False
uefa.champions,2017-12-05T19:45:00Z,AS Roma,FK Qarabag,1.0,0.0,False
uefa.champions,2017-12-05T19:45:00Z,Barcelona,Sporting CP,2.0,0.0,False
uefa.champions,2017-12-05T19:45:00Z,Bayern Munich,Paris Saint-Germain,3.0,1.0,False
uefa.champions,2017-12-05T19:45:00Z,Benfica,FC Basel,0.0,2.0,False
uefa.champions,2017-12-05T19:45:00Z,Celtic,Anderlecht,0.0,1.0,False
uefa.champions,2017-12-05T19:45:00Z,Chelsea,Atlético Madrid,1.0,1.0,False
uefa.champions,2017-12-05T19:45:00Z,Manchester United,CSKA Moscow,2.0,1.0,False
uefa.champions,2017-12-05T19:45:00Z,Olympiacos,Juventus,0.0,2.0,False
uefa.champions,2017-12-06T19:45:00Z,FC Porto,AS Monaco,5.0,2.0,False
uefa.champions,2017-12-06T19:45:00Z,Feyenoord Rotterdam,Napoli,2.0,1.0,False
uefa.champions,2017-12-06T19:45:00Z,Liverpool,Spartak Moscow,7.0,0.0,False
uefa.champions,2017-12-06T19:45:00Z,NK Maribor,Sevilla,1.0,1.0,False
uefa.champions,2017-12-06T19:45:00Z,RB Leipzig,Besiktas,1.0,2.0,False
uefa.champions,2017-12-06T19:45:00Z,Real Madrid,Borussia Dortmund,3.0,2.0,False
uefa.champions,2017-12-06T19:45:00Z,Shakhtar Donetsk,Manchester City,2.0,1.0,False
uefa.champions,2017-12-06T19:45:00Z,Tottenham Hotspur,Apoel Nicosia,3.0,0.0,False
uefa.europa,2017-12-07T18:00:00Z,Apollon Limassol,Everton,0.0,3.0,False
uefa.europa,2017-12-07T18:00:00Z,Atalanta,Lyon,1.0,0.0,False
uefa.europa,2017-12-07T18:00:00Z,Austria Vienna,AEK Athens,0.0,0.0,False
uefa.europa,2017-12-07T18:00:00Z,Dynamo Kyiv,Partizan Belgrade,4.0,1.0,False
uefa.europa,2017-12-07T18:00:00Z,F.C. København,Sheriff Tiraspol,2.0,0.0,False
uefa.europa,2017-12-07T18:00:00Z,FC Zlín,Lokomotiv Moscow,0.0,2.0,False
uefa.europa,2017-12-07T18:00:00Z,Istanbul Basaksehir,Braga,2.0,1.0,False
uefa.europa,2017-12-07T18:00:00Z,Rijeka,AC Milan,2.0,0.0,False
uefa.europa,2017-12-07T18:00:00Z,Slavia Prague,FC Astana,0.0,1.0,False
uefa.europa,2017-12-07T18:00:00Z,TSG Hoffenheim,Ludogorets Razgrad,1.0,1.0,False
uefa.europa,2017-12-07T18:00:00Z,Villarreal,Maccabi Tel-Aviv,0.0,1.0,False
uefa.europa,2017-12-07T18:00:00Z,Young Boys,Skenderbeu Korce,2.0,1.0,False
uefa.europa,2017-12-07T20:05:00Z,Arsenal,BATE Borisov,6.0,0.0,False
uefa.europa,2017-12-07T20:05:00Z,FC Zorya Luhansk,Athletic Club,0.0,2.0,False
uefa.europa,2017-12-07T20:05:00Z,FCSB,FC Lugano,1.0,2.0,False
uefa.europa,2017-12-07T20:05:00Z,Hapoel Be'er,Viktoria Plzen,0.0,2.0,False
uefa.europa,2017-12-07T20:05:00Z,Hertha Berlin,Östersunds FK,1.0,1.0,False
uefa.europa,2017-12-07T20:05:00Z,Marseille,RB Salzburg,0.0,0.0,False
uefa.europa,2017-12-07T20:05:00Z,Real Sociedad,Zenit St Petersburg,1.0,3.0,False
uefa.europa,2017-12-07T20:05:00Z,Red Star Belgrade,FC Cologne,1.0,0.0,False
uefa.europa,2017-12-07T20:05:00Z,Vardar,Rosenborg,1.0,1.0,False
uefa.europa,2017-12-07T20:05:00Z,Vitesse,Nice,1.0,0.0,False
uefa.europa,2017-12-07T20:05:00Z,Vitória de Guimaraes,Konyaspor,1.0,1.0,False
uefa.europa,2017-12-07T20:05:00Z,Zulte-Waregem,Lazio,3.0,2.0,False
uefa.europa,2018-02-13T17:00:00Z,Red Star Belgrade,CSKA Moscow,0.0,0.0,False
uefa.champions,2018-02-13T19:45:00Z,FC Basel,Manchester City,0.0,4.0,False
uefa.champions,2018-02-13T19:45:00Z,Juventus,Tottenham Hotspur,2.0,2.0,False
uefa.champions,2018-02-14T19:45:00Z,FC Porto,Liverpool,0.0,5.0,False
uefa.champions,2018-02-14T19:45:00Z,Real Madrid,Paris Saint-Germain,3.0,1.0,False
uefa.europa,2018-02-15T16:00:00Z,FC Astana,Sporting CP,1.0,3.0,False
uefa.europa,2018-02-15T18:00:00Z,Borussia Dortmund,Atalanta,3.0,2.0,False
uefa.europa,2018-02-15T18:00:00Z,Ludogorets Razgrad,AC Milan,0.0,3.0,False
uefa.europa,2018-02-15T18:00:00Z,Marseille,Braga,3.0,0.0,False
uefa.europa,2018-02-15T18:00:00Z,Nice,Lokomotiv Moscow,2.0,3.0,False
uefa.europa,2018-02-15T18:00:00Z,Real Sociedad,RB Salzburg,2.0,2.0,False
uefa.europa,2018-02-15T18:00:00Z,Spartak Moscow,Athletic Club,1.0,3.0,False
uefa.europa,2018-02-15T18:00:00Z,Östersunds FK,Arsenal,0.0,3.0,False
uefa.europa,2018-02-15T20:05:00Z,AEK Athens,Dynamo Kyiv,1.0,1.0,False
uefa.europa,2018-02-15T20:05:00Z,Celtic,Zenit St Petersburg,1.0,0.0,False
uefa.europa,2018-02-15T20:05:00Z,F.C. København,Atlético Madrid,1.0,4.0,False
uefa.europa,2018-02-15T20:05:00Z,FCSB,Lazio,1.0,0.0,False
uefa.europa,2018-02-15T20:05:00Z,Lyon,Villarreal,3.0,1.0,False
uefa.europa,2018-02-15T20:05:00Z,Napoli,RB Leipzig,1.0,3.0,False
uefa.europa,2018-02-15T20:05:00Z,Partizan Belgrade,Viktoria Plzen,1.0,1.0,False
uefa.champions,2018-02-20T19:45:00Z,Bayern Munich,Besiktas,5.0,0.0,False
uefa.champions,2018-02-20T19:45:00Z,Chelsea,Barcelona,1.0,1.0,False
concacaf.champions,2018-02-21T01:00:00Z,Herediano,Tigres UANL,2.0,2.0,False
concacaf.champions,2018-02-21T03:00:00Z,Colorado Rapids,Toronto FC,0.0,2.0,False
uefa.europa,2018-02-21T17:00:00Z,CSKA Moscow,Red Star Belgrade,1.0,0.0,False
uefa.champions,2018-02-21T19:45:00Z,Sevilla,Manchester United,0.0,0.0,False
uefa.champions,2018-02-21T19:45:00Z,Shakhtar Donetsk,AS Roma,2.0,1.0,False
concacaf.champions,2018-02-22T01:00:00Z,Saprissa,América,1.0,5.0,False
concacaf.champions,2018-02-22T01:00:00Z,Tauro FC,FC Dallas,1.0,0.0,False
concacaf.champions,2018-02-22T03:00:00Z,FC Motagua,Tijuana,0.0,1.0,False
uefa.europa,2018-02-22T16:00:00Z,Lokomotiv Moscow,Nice,1.0,0.0,False
uefa.europa,2018-02-22T18:00:00Z,Atlético Madrid,F.C. København,1.0,0.0,False
uefa.europa,2018-02-22T18:00:00Z,Dynamo Kyiv,AEK Athens,0.0,0.0,False
uefa.europa,2018-02-22T18:00:00Z,Lazio,FCSB,5.0,1.0,False
uefa.europa,2018-02-22T18:00:00Z,RB Leipzig,Napoli,0.0,2.0,False
uefa.europa,2018-02-22T18:00:00Z,Sporting CP,FC Astana,3.0,3.0,False
uefa.europa,2018-02-22T18:00:00Z,Viktoria Plzen,Partizan Belgrade,2.0,0.0,False
uefa.europa,2018-02-22T18:00:00Z,Villarreal,Lyon,0.0,1.0,False
uefa.europa,2018-02-22T18:00:00Z,Zenit St Petersburg,Celtic,3.0,0.0,False
uefa.europa,2018-02-22T20:05:00Z,AC Milan,Ludogorets Razgrad,1.0,0.0,False
uefa.europa,2018-02-22T20:05:00Z,Arsenal,Östersunds FK,1.0,2.0,False
uefa.europa,2018-02-22T20:05:00Z,Atalanta,Borussia Dortmund,1.0,1.0,False
uefa.europa,2018-02-22T20:05:00Z,Athletic Club,Spartak Moscow,1.0,2.0,False
uefa.europa,2018-02-22T20:05:00Z,Braga,Marseille,1.0,0.0,False
uefa.europa,2018-02-22T20:05:00Z,RB Salzburg,Real Sociedad,2.0,1.0,False
concacaf.champions,2018-02-23T01:00:00Z,Cibao FC,Guadalajara,0.0,2.0,False
concacaf.champions,2018-02-23T03:00:00Z,Club Deportivo Olimpia,Red Bull New York,1.0,1.0,False
concacaf.champions,2018-02-23T03:00:00Z,Santa Tecla,Seattle Sounders FC,2.0,1.0,False
concacaf.champions,2018-02-28T01:00:00Z,Tigres UANL,Herediano,3.0,1.0,False
concacaf.champions,2018-02-28T01:00:00Z,Toronto FC,Colorado Rapids,0.0,0.0,False
concacaf.champions,2018-02-28T03:00:00Z,Tijuana,FC Motagua,1.0,1.0,False
concacaf.champions,2018-03-01T01:00:00Z,FC Dallas,Tauro FC,3.0,2.0,False
concacaf.champions,2018-03-01T01:00:00Z,Guadalajara,Cibao FC,5.0,0.0,False
concacaf.champions,2018-03-01T03:00:00Z,América,Saprissa,1.0,1.0,False
concacaf.champions,2018-03-02T01:00:00Z,Red Bull New York,Club Deportivo Olimpia,2.0,0.0,False
concacaf.champions,2018-03-02T03:00:00Z,Seattle Sounders FC,Santa Tecla,4.0,0.0,False
uefa.champions,2018-03-06T19:45:00Z,Liverpool,FC Porto,0.0,0.0,False
uefa.champions,2018-03-06T19:45:00Z,Paris Saint-Germain,Real Madrid,1.0,2.0,False
concacaf.champions,2018-03-07T01:00:00Z,América,Tauro FC,4.0,0.0,False
concacaf.champions,2018-03-07T03:00:00Z,Tijuana,Red Bull New York,0.0,2.0,False
uefa.champions,2018-03-07T19:45:00Z,Manchester City,FC Basel,1.0,2.0,False
uefa.champions,2018-03-07T19:45:00Z,Tottenham Hotspur,Juventus,1.0,2.0,False
concacaf.champions,2018-03-08T01:00:00Z,Toronto FC,Tigres UANL,2.0,1.0,False
concacaf.champions,2018-03-08T03:00:00Z,Seattle Sounders FC,Guadalajara,1.0,0.0,False
uefa.europa,2018-03-08T18:00:00Z,AC Milan,Arsenal,0.0,2.0,False
uefa.europa,2018-03-08T18:00:00Z,Atlético Madrid,Lokomotiv Moscow,3.0,0.0,False
uefa.europa,2018-03-08T18:00:00Z,Borussia Dortmund,RB Salzburg,1.0,2.0,False
uefa.europa,2018-03-08T18:00:00Z,CSKA Moscow,Lyon,0.0,1.0,False
uefa.europa,2018-03-08T20:05:00Z,Lazio,Dynamo Kyiv,2.0,2.0,False
uefa.europa,2018-03-08T20:05:00Z,Marseille,Athletic Club,3.0,1.0,False
uefa.europa,2018-03-08T20:05:00Z,RB Leipzig,Zenit St Petersburg,2.0,1.0,False
uefa.europa,2018-03-08T20:05:00Z,Sporting CP,Viktoria Plzen,2.0,0.0,False
uefa.champions,2018-03-13T19:45:00Z,AS Roma,Shakhtar Donetsk,1.0,0.0,False
uefa.champions,2018-03-13T19:45:00Z,Manchester United,Sevilla,1.0,2.0,False
concacaf.champions,2018-03-14T00:00:00Z,Red Bull New York,Tijuana,3.0,1.0,False
concacaf.champions,2018-03-14T02:00:00Z,Tigres UANL,Toronto FC,3.0,2.0,False
uefa.champions,2018-03-14T17:00:00Z,Besiktas,Bayern Munich,1.0,3.0,False
uefa.champions,2018-03-14T19:45:00Z,Barcelona,Chelsea,3.0,0.0,False
concacaf.champions,2018-03-15T00:00:00Z,Tauro FC,América,1.0,3.0,False
concacaf.champions,2018-03-15T02:00:00Z,Guadalajara,Seattle Sounders FC,3.0,0.0,False
uefa.europa,2018-03-15T16:00:00Z,Lokomotiv Moscow,Atlético Madrid,1.0,5.0,False
uefa.europa,2018-03-15T18:00:00Z,Athletic Club,Marseille,1.0,2.0,False
uefa.europa,2018-03-15T18:00:00Z,Dynamo Kyiv,Lazio,0.0,2.0,False
uefa.europa,2018-03-15T18:00:00Z,Viktoria Plzen,Sporting CP,2.0,1.0,False
uefa.europa,2018-03-15T18:00:00Z,Zenit St Petersburg,RB Leipzig,1.0,1.0,False
uefa.europa,2018-03-15T20:05:00Z,Arsenal,AC Milan,3.0,1.0,False
uefa.europa,2018-03-15T20:05:00Z,Lyon,CSKA Moscow,2.0,3.0,False
uefa.europa,2018-03-15T20:05:00Z,RB Salzburg,Borussia Dortmund,0.0,0.0,False
uefa.champions,2018-04-03T18:45:00Z,Juventus,Real Madrid,0.0,3.0,False
uefa.champions,2018-04-03T18:45:00Z,Sevilla,Bayern Munich,1.0,2.0,False
concacaf.champions,2018-04-04T00:00:00Z,Toronto FC,América,3.0,1.0,False
uefa.champions,2018-04-04T18:45:00Z,Barcelona,AS Roma,4.0,1.0,False
uefa.champions,2018-04-04T18:45:00Z,Liverpool,Manchester City,3.0,0.0,False
concacaf.champions,2018-04-05T02:00:00Z,Guadalajara,Red Bull New York,1.0,0.0,False
uefa.europa,2018-04-05T19:05:00Z,Arsenal,CSKA Moscow,4.0,1.0,False
uefa.europa,2018-04-05T19:05:00Z,Atlético Madrid,Sporting CP,2.0,0.0,False
uefa.europa,2018-04-05T19:05:00Z,Lazio,RB Salzburg,4.0,2.0,False
uefa.europa,2018-04-05T19:05:00Z,RB Leipzig,Marseille,1.0,0.0,False
uefa.champions,2018-04-10T18:45:00Z,AS Roma,Barcelona,3.0,0.0,False
uefa.champions,2018-04-10T18:45:00Z,Manchester City,Liverpool,1.0,2.0,False
concacaf.champions,2018-04-11T00:00:00Z,Red Bull New York,Guadalajara,0.0,0.0,False
concacaf.champions,2018-04-11T02:00:00Z,América,Toronto FC,1.0,1.0,False
uefa.champions,2018-04-11T18:45:00Z,Bayern Munich,Sevilla,0.0,0.0,False
uefa.champions,2018-04-11T18:45:00Z,Real Madrid,Juventus,1.0,3.0,False
uefa.europa,2018-04-12T19:05:00Z,CSKA Moscow,Arsenal,2.0,2.0,False
uefa.europa,2018-04-12T19:05:00Z,Marseille,RB Leipzig,5.0,2.0,False
uefa.europa,2018-04-12T19:05:00Z,RB Salzburg,Lazio,4.0,1.0,False
uefa.europa,2018-04-12T19:05:00Z,Sporting CP,Atlético Madrid,1.0,0.0,False
concacaf.champions,2018-04-18T00:15:00Z,Toronto FC,Guadalajara,1.0,2.0,False
uefa.champions,2018-04-24T18:45:00Z,Liverpool,AS Roma,5.0,2.0,False
uefa.champions,2018-04-25T18:45:00Z,Bayern Munich,Real Madrid,1.0,2.0,False
concacaf.champions,2018-04-26T01:30:00Z,Guadalajara,Toronto FC,1.0,2.0,False
uefa.europa,2018-04-26T19:05:00Z,Arsenal,Atlético Madrid,1.0,1.0,False
uefa.europa,2018-04-26T19:05:00Z,Marseille,RB Salzburg,2.0,0.0,False
uefa.champions,2018-05-01T18:45:00Z,Real Madrid,Bayern Munich,2.0,2.0,False
uefa.champions,2018-05-02T18:45:00Z,AS Roma,Liverpool,4.0,2.0,False
uefa.europa,2018-05-03T19:05:00Z,Atlético Madrid,Arsenal,1.0,0.0,False
uefa.europa,2018-05-03T19:05:00Z,RB Salzburg,Marseille,2.0,1.0,False
caf.champions,2018-05-04T19:00:00Z,Al Ahly,Esperance Sportive de Tunis,0.0,0.0,False
caf.champions,2018-05-04T19:00:00Z,MC Alger,Difaa El Jadidi,1.0,1.0,False
caf.champions,2018-05-04T19:00:00Z,Township Rollers,KCCA FC,1.0,0.0,False
caf.champions,2018-05-05T13:00:00Z,TP Mazembe,ES Setif,4.0,1.0,False
caf.champions,2018-05-05T13:00:00Z,ZESCO United,Mbabane Swallows,1.0,1.0,False
caf.champions,2018-05-05T16:00:00Z,AS Togo-Port,Horoya,1.0,2.0,False
caf.champions,2018-05-05T16:00:00Z,CD Primeiro de Agosto,Etoile Sahel,1.0,1.0,False
caf.champions,2018-05-05T19:00:00Z,Mamelodi Sundowns,Wydad AC,1.0,1.0,False
caf.confed,2018-05-06T16:00:00Z,ASEC Mimosas,Aduana Stars,1.0,0.0,False
caf.confed,2018-05-06T16:00:00Z,Enyimba,Djoliba,2.0,0.0,False
caf.confed,2018-05-06T16:00:00Z,RSB Berkane,Al Hilal Omdurman,1.0,0.0,False
caf.confed,2018-05-06T16:00:00Z,Rayon Sport,Gor Mahia,1.0,1.0,False
caf.confed,2018-05-06T19:00:00Z,Al-Masry,UD Songo,2.0,0.0,False
caf.confed,2018-05-06T19:00:00Z,Raja Casablanca,AS Vita Club,0.0,0.0,False
caf.confed,2018-05-06T19:00:00Z,USM Alger,Young Africans,4.0,0.0,False
caf.confed,2018-05-06T19:00:00Z,Williamsville AC,CARA Brazzaville,1.0,0.0,False
caf.champions,2018-05-15T13:00:00Z,KCCA FC,Al Ahly,2.0,0.0,False
caf.champions,2018-05-15T13:00:00Z,Mbabane Swallows,CD Primeiro de Agosto,1.0,0.0,False
caf.champions,2018-05-15T19:00:00Z,Difaa El Jadidi,TP Mazembe,0.0,2.0,False
caf.champions,2018-05-15T19:00:00Z,ES Setif,MC Alger,0.0,1.0,False
caf.champions,2018-05-15T19:00:00Z,Esperance Sportive de Tunis,Township Rollers,4.0,1.0,False
caf.champions,2018-05-15T19:00:00Z,Wydad AC,AS Togo-Port,3.0,0.0,False
caf.confed,2018-05-16T13:00:00Z,AS Vita Club,ASEC Mimosas,3.0,1.0,False
caf.confed,2018-05-16T13:00:00Z,Aduana Stars,Raja Casablanca,3.0,3.0,False
caf.confed,2018-05-16T13:00:00Z,CARA Brazzaville,Enyimba,3.0,0.0,False
caf.confed,2018-05-16T13:00:00Z,UD Songo,RSB Berkane,0.0,2.0,False
caf.confed,2018-05-16T16:00:00Z,Gor Mahia,USM Alger,0.0,0.0,False
caf.confed,2018-05-16T16:00:00Z,Young Africans,Rayon Sport,0.0,0.0,False
uefa.europa,2018-05-16T18:45:00Z,Marseille,Atlético Madrid,0.0,3.0,False
caf.champions,2018-05-16T19:00:00Z,Etoile Sahel,ZESCO United,2.0,1.0,False
caf.confed,2018-05-16T19:00:00Z,Al Hilal Omdurman,Al-Masry,1.0,1.0,False
caf.confed,2018-05-16T19:00:00Z,Djoliba,Williamsville AC,1.0,1.0,False
caf.champions,2018-05-22T16:00:00Z,Horoya,Mamelodi Sundowns,2.0,2.0,False
uefa.champions,2018-05-26T18:45:00Z,Real Madrid,Liverpool,3.0,1.0,False
uefa.champions,2018-06-26T15:00:00Z,Santa Coloma,Drita Gjilan,0.0,2.0,False
uefa.europa,2018-06-26T18:00:00Z,UE Sant Julia,Gzira United,0.0,2.0,False
uefa.champions,2018-06-26T19:00:00Z,Fiorita,Lincoln Red Imps,0.0,2.0,False
uefa.europa,2018-06-28T16:00:00Z,Europa FC,Prishtina,1.0,1.0,False
uefa.europa,2018-06-28T17:00:00Z,Birkirkara,KI Klaksvik,1.0,1.0,False
uefa.europa,2018-06-28T18:00:00Z,B36 Torshavn,St. Joseph's,1.0,1.0,False
uefa.europa,2018-06-28T18:00:00Z,Cefn Druids,Trakai,1.0,1.0,False
uefa.europa,2018-06-28T18:00:00Z,UE Engordany,SS Folgore Falciano,2.0,1.0,False
uefa.europa,2018-06-28T18:45:00Z,Tre Fiori,Bala Town,3.0,0.0,False
uefa.champions,2018-06-29T18:30:00Z,Lincoln Red Imps,Drita Gjilan,1.0,4.0,False
uefa.europa,2018-07-05T16:00:00Z,St. Joseph's,B36 Torshavn,1.0,1.0,False
uefa.europa,2018-07-05T16:30:00Z,Trakai,Cefn Druids,1.0,0.0,False
uefa.europa,2018-07-05T17:00:00Z,Gzira United,UE Sant Julia,2.0,1.0,False
uefa.europa,2018-07-05T17:00:00Z,Prishtina,Europa FC,5.0,0.0,False
uefa.europa,2018-07-05T17:30:00Z,Bala Town,Tre Fiori,1.0,0.0,False
uefa.europa,2018-07-05T18:00:00Z,KI Klaksvik,Birkirkara,2.0,1.0,False
uefa.europa,2018-07-05T18:45:00Z,SS Folgore Falciano,UE Engordany,1.0,1.0,False
uefa.champions,2018-07-10T15:30:00Z,Flora,Hapoel Be'er,1.0,4.0,False
uefa.champions,2018-07-10T15:30:00Z,Torpedo Kutaisi,Sheriff Tiraspol,2.0,1.0,False
uefa.champions,2018-07-10T16:00:00Z,Alashkert FC,Celtic,0.0,3.0,False
uefa.champions,2018-07-10T16:00:00Z,F91 Dudelange,Fehérvár,1.0,1.0,False
uefa.europa,2018-07-10T16:00:00Z,FC Samtredia,Tobol Kostanay,0.0,1.0,False
uefa.champions,2018-07-10T18:00:00Z,Víkingur,HJK Helsinki,1.0,2.0,False
uefa.champions,2018-07-10T18:15:00Z,KF Shkëndija,The New Saints,5.0,0.0,False
uefa.champions,2018-07-10T18:45:00Z,Cork,Legia Warsaw,0.0,1.0,False
uefa.champions,2018-07-10T18:45:00Z,Drita Gjilan,Malmö FF,0.0,3.0,False
uefa.europa,2018-07-11T13:30:00Z,FC Urartu,FK Sarajevo,1.0,2.0,False
uefa.champions,2018-07-11T14:00:00Z,FC Astana,FK Sutjeska,1.0,0.0,False
uefa.europa,2018-07-11T15:30:00Z,FK Rabotnicki,Honvéd,2.0,1.0,False
uefa.europa,2018-07-11T15:45:00Z,FC Vaduz,Levski Sofia,1.0,0.0,False
uefa.champions,2018-07-11T16:00:00Z,FC Spartak Trnava,Zrinjski Mostar,1.0,0.0,False
uefa.champions,2018-07-11T16:00:00Z,FK Spartaks Jurmala,Red Star Belgrade,0.0,0.0,False
uefa.champions,2018-07-11T16:00:00Z,FK Suduva,Apoel Nicosia,3.0,1.0,False
uefa.europa,2018-07-11T16:00:00Z,CS Fola Esch,Prishtina,0.0,0.0,False
uefa.europa,2018-07-11T16:00:00Z,KI Klaksvik,Zalgiris Vilnius,1.0,2.0,False
uefa.champions,2018-07-11T17:00:00Z,FK Kukesi,Valletta,0.0,0.0,False
uefa.champions,2018-07-11T17:00:00Z,Ludogorets Razgrad,Crusaders,7.0,0.0,False
uefa.champions,2018-07-11T18:00:00Z,Olimpija Ljubljana,FK Qarabag,0.0,1.0,False
uefa.europa,2018-07-11T18:45:00Z,Glenavon,Molde,2.0,1.0,False
uefa.champions,2018-07-11T20:00:00Z,Valur Reykjavik,Rosenborg,1.0,0.0,False
uefa.europa,2018-07-12T14:00:00Z,Pyunik,Vardar,1.0,0.0,False
uefa.europa,2018-07-12T14:45:00Z,FK Ventspils,Luftëtari Gjirokastër,5.0,0.0,False
uefa.europa,2018-07-12T15:00:00Z,Chikhura Sachkhere,Beitar Jerusalem,0.0,0.0,False
uefa.europa,2018-07-12T15:30:00Z,Partizani Tirana,NK Maribor,0.0,1.0,False
uefa.europa,2018-07-12T15:30:00Z,Rudar Velenje,Tre Fiori,7.0,0.0,False
uefa.europa,2018-07-12T16:00:00Z,Balzan FC,Inter Baku,4.0,1.0,False
uefa.europa,2018-07-12T16:00:00Z,FC Ilves,Slavia Sofia,0.0,1.0,False
uefa.europa,2018-07-12T16:00:00Z,FC Lahti,FH Hafnarfjordur,0.0,3.0,False
uefa.europa,2018-07-12T16:00:00Z,FC Levadia Tallinn,Dundalk,0.0,1.0,False
uefa.europa,2018-07-12T16:00:00Z,FK Qabala,Progres Niederkorn,0.0,2.0,False
uefa.europa,2018-07-12T16:00:00Z,JK Narva Trans,Zeljeznicar Sarajevo,0.0,2.0,False
uefa.europa,2018-07-12T16:00:00Z,KuPS Kuopio,F.C. København,0.0,1.0,False
uefa.europa,2018-07-12T16:00:00Z,Trakai,Irtysh Pavlodar,0.0,0.0,False
uefa.europa,2018-07-12T16:05:00Z,FK Liepaja,BK Häcken,0.0,3.0,False
uefa.europa,2018-07-12T17:00:00Z,Anorthosis,KF Laci,2.0,1.0,False
uefa.europa,2018-07-12T17:00:00Z,Connah's Quay,Shakhter Soligorsk,1.0,3.0,False
uefa.europa,2018-07-12T17:00:00Z,Derry City,Dinamo Minsk,0.0,2.0,False
uefa.europa,2018-07-12T17:00:00Z,FC Milsami,Slovan Bratislava,2.0,4.0,False
uefa.europa,2018-07-12T17:00:00Z,FC Stumbras,Apollon Limassol,1.0,0.0,False
uefa.europa,2018-07-12T17:00:00Z,Ferencvaros,Maccabi Tel-Aviv,1.0,1.0,False
uefa.europa,2018-07-12T17:00:00Z,Neftchi,Ujpesti,3.0,1.0,False
uefa.europa,2018-07-12T17:00:00Z,Petrocub,Osijek,1.0,1.0,False
uefa.europa,2018-07-12T17:45:00Z,CSKA Sofia,Riga FC,1.0,0.0,False
uefa.europa,2018-07-12T18:00:00Z,B36 Torshavn,Mladost Pogorica,0.0,0.0,False
uefa.europa,2018-07-12T18:00:00Z,Gornik Zabrze,FC Zaria Balti,1.0,0.0,False
uefa.europa,2018-07-12T18:00:00Z,IBV,Sarpsborg FK,0.0,4.0,False
uefa.europa,2018-07-12T18:00:00Z,Racing Luxembourg,Viitorul Constanta,0.0,2.0,False
uefa.europa,2018-07-12T18:00:00Z,Siroki Brijeg,NK Domzale,2.0,2.0,False
uefa.europa,2018-07-12T18:00:00Z,UE Engordany,Kairat Almaty,0.0,3.0,False
uefa.europa,2018-07-12T18:05:00Z,Shamrock Rovers,AIK,0.0,1.0,False
uefa.europa,2018-07-12T18:15:00Z,Rudar Pljevlja,Partizan Belgrade,0.0,3.0,False
uefa.europa,2018-07-12T18:30:00Z,Buducnost Podgorica,AS Trencin,0.0,2.0,False
uefa.europa,2018-07-12T18:45:00Z,Cliftonville,FC Nordsjælland,0.0,1.0,False
uefa.europa,2018-07-12T18:45:00Z,Hibernian,NSI Runavik,6.0,1.0,False
uefa.europa,2018-07-12T18:45:00Z,Lech Poznan,Gandzasar Kapan,2.0,0.0,False
uefa.europa,2018-07-12T18:45:00Z,Rangers,Shkupi,2.0,0.0,False
uefa.europa,2018-07-12T18:45:00Z,Spartak Zlatibor Voda,Coleraine,1.0,1.0,False
uefa.europa,2018-07-12T19:00:00Z,Dunajska Streda,Dinamo Tbilisi,1.0,1.0,False
uefa.europa,2018-07-12T19:00:00Z,Radnicki Nis,Gzira United,4.0,0.0,False
uefa.europa,2018-07-12T20:00:00Z,Stjarnan,Nomme Kalju,3.0,0.0,False
caf.champions,2018-07-17T13:00:00Z,AS Togo-Port,Mamelodi Sundowns,1.0,0.0,False
caf.champions,2018-07-17T13:00:00Z,Mbabane Swallows,Etoile Sahel,0.0,3.0,False
caf.champions,2018-07-17T13:00:00Z,TP Mazembe,MC Alger,1.0,0.0,False
caf.champions,2018-07-17T13:00:00Z,ZESCO United,CD Primeiro de Agosto,0.0,0.0,False
uefa.europa,2018-07-17T15:45:00Z,Levski Sofia,FC Vaduz,3.0,2.0,False
uefa.europa,2018-07-17T15:55:00Z,Shkupi,Rangers,0.0,0.0,False
caf.champions,2018-07-17T16:00:00Z,Horoya,Wydad AC,1.0,1.0,False
uefa.champions,2018-07-17T16:00:00Z,HJK Helsinki,Víkingur,3.0,1.0,False
uefa.champions,2018-07-17T16:00:00Z,Valletta,FK Kukesi,1.0,1.0,False
uefa.europa,2018-07-17T16:00:00Z,Honvéd,FK Rabotnicki,4.0,0.0,False
uefa.champions,2018-07-17T17:00:00Z,Apoel Nicosia,FK Suduva,1.0,0.0,False
uefa.champions,2018-07-17T17:00:00Z,Hapoel Be'er,Flora,3.0,1.0,False
uefa.champions,2018-07-17T17:00:00Z,Malmö FF,Drita Gjilan,2.0,0.0,False
uefa.champions,2018-07-17T18:00:00Z,The New Saints,KF Shkëndija,4.0,0.0,False
uefa.champions,2018-07-17T18:15:00Z,Fehérvár,F91 Dudelange,2.0,1.0,False
uefa.champions,2018-07-17T18:30:00Z,Red Star Belgrade,FK Spartaks Jurmala,2.0,0.0,False
caf.champions,2018-07-17T19:00:00Z,Al Ahly,Township Rollers,3.0,0.0,False
caf.champions,2018-07-17T19:00:00Z,ES Setif,Difaa El Jadidi,2.0,1.0,False
caf.champions,2018-07-17T19:00:00Z,Esperance Sportive de Tunis,KCCA FC,3.0,2.0,False
uefa.champions,2018-07-17T19:00:00Z,Crusaders,Ludogorets Razgrad,0.0,2.0,False
uefa.champions,2018-07-17T19:00:00Z,Legia Warsaw,Cork,3.0,0.0,False
caf.confed,2018-07-18T13:00:00Z,Aduana Stars,AS Vita Club,2.0,1.0,False
caf.confed,2018-07-18T13:00:00Z,Enyimba,Williamsville AC,1.0,0.0,False
caf.confed,2018-07-18T16:00:00Z,ASEC Mimosas,Raja Casablanca,0.0,1.0,False
caf.confed,2018-07-18T16:00:00Z,Gor Mahia,Young Africans,4.0,0.0,False
caf.confed,2018-07-18T16:00:00Z,Rayon Sport,USM Alger,1.0,2.0,False
uefa.europa,2018-07-18T16:00:00Z,Zeljeznicar Sarajevo,JK Narva Trans,3.0,1.0,False
uefa.champions,2018-07-18T17:00:00Z,FK Qarabag,Olimpija Ljubljana,0.0,0.0,False
uefa.champions,2018-07-18T17:00:00Z,Sheriff Tiraspol,Torpedo Kutaisi,3.0,0.0,False
uefa.champions,2018-07-18T17:00:00Z,Zrinjski Mostar,FC Spartak Trnava,1.0,1.0,False
uefa.champions,2018-07-18T17:45:00Z,Rosenborg,Valur Reykjavik,3.0,1.0,False
uefa.champions,2018-07-18T18:00:00Z,FK Sutjeska,FC Astana,0.0,2.0,False
uefa.champions,2018-07-18T18:45:00Z,Celtic,Alashkert FC,3.0,0.0,False
caf.confed,2018-07-18T19:00:00Z,Al Hilal Omdurman,UD Songo,2.0,2.0,False
caf.confed,2018-07-18T19:00:00Z,Djoliba,CARA Brazzaville,2.0,0.0,False
caf.confed,2018-07-18T19:00:00Z,RSB Berkane,Al-Masry,0.0,0.0,False
uefa.europa,2018-07-19T13:00:00Z,Kairat Almaty,UE Engordany,7.0,1.0,False
uefa.europa,2018-07-19T13:00:00Z,Tobol Kostanay,FC Samtredia,2.0,0.0,False
uefa.europa,2018-07-19T15:00:00Z,Dinamo Minsk,Derry City,1.0,2.0,False
uefa.europa,2018-07-19T15:00:00Z,Gandzasar Kapan,Lech Poznan,2.0,1.0,False
uefa.europa,2018-07-19T15:00:00Z,Irtysh Pavlodar,Trakai,0.0,1.0,False
uefa.europa,2018-07-19T15:00:00Z,KF Laci,Anorthosis,1.0,0.0,False
uefa.europa,2018-07-19T15:00:00Z,Viitorul Constanta,Racing Luxembourg,0.0,0.0,False
uefa.europa,2018-07-19T16:00:00Z,Gzira United,Radnicki Nis,0.0,1.0,False
uefa.europa,2018-07-19T16:00:00Z,Molde,Glenavon,5.0,1.0,False
uefa.europa,2018-07-19T16:00:00Z,Nomme Kalju,Stjarnan,1.0,0.0,False
uefa.europa,2018-07-19T16:00:00Z,Slavia Sofia,FC Ilves,2.0,1.0,False
uefa.europa,2018-07-19T16:30:00Z,Riga FC,CSKA Sofia,1.0,0.0,False
uefa.europa,2018-07-19T16:30:00Z,Slovan Bratislava,FC Milsami,5.0,0.0,False
uefa.europa,2018-07-19T17:00:00Z,AIK,Shamrock Rovers,1.0,1.0,False
uefa.europa,2018-07-19T17:00:00Z,Apollon Limassol,FC Stumbras,2.0,0.0,False
uefa.europa,2018-07-19T17:00:00Z,BK Häcken,FK Liepaja,1.0,2.0,False
uefa.europa,2018-07-19T17:00:00Z,Dinamo Tbilisi,Dunajska Streda,1.0,2.0,False
uefa.europa,2018-07-19T17:00:00Z,FC Zaria Balti,Gornik Zabrze,1.0,1.0,False
uefa.europa,2018-07-19T17:00:00Z,Inter Baku,Balzan FC,2.0,1.0,False
uefa.europa,2018-07-19T17:00:00Z,Maccabi Tel-Aviv,Ferencvaros,1.0,0.0,False
uefa.europa,2018-07-19T17:00:00Z,Prishtina,CS Fola Esch,0.0,0.0,False
uefa.europa,2018-07-19T17:00:00Z,Sarpsborg FK,IBV,2.0,0.0,False
uefa.europa,2018-07-19T17:00:00Z,Shakhter Soligorsk,Connah's Quay,2.0,0.0,False
uefa.europa,2018-07-19T17:00:00Z,Vardar,Pyunik,0.0,2.0,False
uefa.europa,2018-07-19T17:00:00Z,Zalgiris Vilnius,KI Klaksvik,1.0,1.0,False
uefa.europa,2018-07-19T17:30:00Z,FC Nordsjælland,Cliftonville,2.0,1.0,False
uefa.europa,2018-07-19T17:30:00Z,Progres Niederkorn,FK Qabala,0.0,1.0,False
uefa.europa,2018-07-19T17:45:00Z,Beitar Jerusalem,Chikhura Sachkhere,1.0,2.0,False
uefa.europa,2018-07-19T18:00:00Z,F.C. København,KuPS Kuopio,1.0,1.0,False
uefa.europa,2018-07-19T18:00:00Z,Luftëtari Gjirokastër,FK Ventspils,3.0,3.0,False
uefa.europa,2018-07-19T18:15:00Z,FK Sarajevo,FC Urartu,3.0,0.0,False
uefa.europa,2018-07-19T18:15:00Z,NK Maribor,Partizani Tirana,2.0,0.0,False
uefa.europa,2018-07-19T18:30:00Z,AS Trencin,Buducnost Podgorica,1.0,1.0,False
uefa.europa,2018-07-19T18:30:00Z,Mladost Pogorica,B36 Torshavn,1.0,2.0,False
uefa.europa,2018-07-19T18:30:00Z,Partizan Belgrade,Rudar Pljevlja,3.0,0.0,False
uefa.europa,2018-07-19T18:45:00Z,Coleraine,Spartak Zlatibor Voda,0.0,2.0,False
uefa.europa,2018-07-19T18:45:00Z,Dundalk,FC Levadia Tallinn,2.0,1.0,False
uefa.europa,2018-07-19T18:45:00Z,NSI Runavik,Hibernian,4.0,6.0,False
uefa.europa,2018-07-19T18:45:00Z,Osijek,Petrocub,2.0,1.0,False
uefa.europa,2018-07-19T18:45:00Z,Tre Fiori,Rudar Velenje,0.0,3.0,False
uefa.europa,2018-07-19T19:00:00Z,NK Domzale,Siroki Brijeg,1.0,1.0,False
uefa.europa,2018-07-19T19:00:00Z,Ujpesti,Neftchi,4.0,0.0,False
uefa.europa,2018-07-19T19:15:00Z,FH Hafnarfjordur,FC Lahti,0.0,0.0,False
uefa.champions,2018-07-24T14:00:00Z,FC Astana,FC Midtjylland,2.0,1.0,False
uefa.champions,2018-07-24T16:00:00Z,CFR Cluj-Napoca,Malmö FF,0.0,1.0,False
uefa.champions,2018-07-24T17:30:00Z,PAOK,FC Basel,2.0,1.0,False
uefa.champions,2018-07-24T18:00:00Z,Dinamo Zagreb,Hapoel Be'er,5.0,0.0,False
uefa.champions,2018-07-24T18:15:00Z,KF Shkëndija,Sheriff Tiraspol,1.0,0.0,False
uefa.champions,2018-07-24T18:30:00Z,Red Star Belgrade,FK Suduva,3.0,0.0,False
uefa.champions,2018-07-24T19:00:00Z,Legia Warsaw,FC Spartak Trnava,0.0,2.0,False
uefa.champions,2018-07-25T17:00:00Z,BATE Borisov,HJK Helsinki,0.0,0.0,False
uefa.champions,2018-07-25T17:00:00Z,FK Kukesi,FK Qarabag,0.0,0.0,False
uefa.champions,2018-07-25T17:00:00Z,Ludogorets Razgrad,Fehérvár,0.0,0.0,False
uefa.champions,2018-07-25T18:30:00Z,Ajax Amsterdam,SK Sturm Graz,2.0,0.0,False
uefa.champions,2018-07-25T18:45:00Z,Celtic,Rosenborg,3.0,1.0,False
uefa.europa,2018-07-26T14:00:00Z,FC Ufa,NK Domzale,0.0,0.0,False
uefa.europa,2018-07-26T14:45:00Z,FK Ventspils,Bordeaux,0.0,1.0,False
uefa.europa,2018-07-26T15:00:00Z,FK Spartaks Jurmala,Fiorita,6.0,0.0,False
uefa.europa,2018-07-26T15:00:00Z,Kairat Almaty,AZ Alkmaar,2.0,0.0,False
uefa.europa,2018-07-26T15:00:00Z,Tobol Kostanay,Pyunik,2.0,1.0,False
uefa.europa,2018-07-26T15:00:00Z,Viitorul Constanta,Vitesse,2.0,2.0,False
uefa.europa,2018-07-26T15:30:00Z,Rudar Velenje,FCSB,0.0,2.0,False
uefa.europa,2018-07-26T16:00:00Z,Balzan FC,Slovan Bratislava,2.0,1.0,False
uefa.europa,2018-07-26T16:00:00Z,Chikhura Sachkhere,NK Maribor,0.0,0.0,False
uefa.europa,2018-07-26T16:00:00Z,Hapoel Haifa,FH Hafnarfjordur,1.0,1.0,False
uefa.europa,2018-07-26T16:00:00Z,Torpedo Kutaisi,Víkingur,3.0,0.0,False
uefa.europa,2018-07-26T16:30:00Z,F91 Dudelange,Drita Gjilan,2.0,1.0,False
uefa.europa,2018-07-26T16:30:00Z,RB Leipzig,BK Häcken,4.0,0.0,False
uefa.europa,2018-07-26T17:00:00Z,Apoel Nicosia,Flora,5.0,0.0,False
uefa.europa,2018-07-26T17:00:00Z,CSKA Sofia,FC Admira Wacker Modling,3.0,0.0,False
uefa.europa,2018-07-26T17:00:00Z,Djurgården,FC Mariupol,1.0,1.0,False
uefa.europa,2018-07-26T17:00:00Z,Honvéd,Progres Niederkorn,1.0,0.0,False
uefa.europa,2018-07-26T17:00:00Z,Maccabi Tel-Aviv,Radnicki Nis,2.0,0.0,False
uefa.europa,2018-07-26T17:00:00Z,Molde,KF Laci,3.0,0.0,False
uefa.europa,2018-07-26T17:00:00Z,Zalgiris Vilnius,FC Vaduz,1.0,0.0,False
uefa.europa,2018-07-26T17:00:00Z,Zrinjski Mostar,Valletta,1.0,1.0,False
uefa.europa,2018-07-26T17:20:00Z,Jagiellonia Bialystok,Rio Ave,1.0,0.0,False
uefa.europa,2018-07-26T17:30:00Z,Shakhter Soligorsk,Lech Poznan,1.0,1.0,False
uefa.europa,2018-07-26T17:45:00Z,Dinamo Brest,Atromitos,4.0,3.0,False
uefa.europa,2018-07-26T17:45:00Z,FC Nordsjælland,AIK,1.0,0.0,False
uefa.europa,2018-07-26T17:45:00Z,LASK Linz,Lillestrom,4.0,0.0,False
uefa.europa,2018-07-26T18:00:00Z,B36 Torshavn,Besiktas,0.0,2.0,False
uefa.europa,2018-07-26T18:00:00Z,FK Sutjeska,Alashkert FC,0.0,1.0,False
uefa.europa,2018-07-26T18:00:00Z,Gornik Zabrze,AS Trencin,0.0,1.0,False
uefa.europa,2018-07-26T18:00:00Z,Hajduk Split,Slavia Sofia,1.0,0.0,False
uefa.europa,2018-07-26T18:00:00Z,Olimpija Ljubljana,Crusaders,5.0,1.0,False
uefa.europa,2018-07-26T18:00:00Z,Racing Genk,CS Fola Esch,5.0,0.0,False
uefa.europa,2018-07-26T18:00:00Z,Santa Coloma,Valur Reykjavik,1.0,0.0,False
uefa.europa,2018-07-26T18:00:00Z,The New Saints,Lincoln Red Imps,2.0,1.0,False
uefa.europa,2018-07-26T18:15:00Z,St. Gallen,Sarpsborg FK,2.0,1.0,False
uefa.europa,2018-07-26T18:30:00Z,Atalanta,FK Sarajevo,2.0,2.0,False
uefa.europa,2018-07-26T18:30:00Z,Partizan Belgrade,Trakai,1.0,0.0,False
uefa.europa,2018-07-26T18:30:00Z,Zeljeznicar Sarajevo,Apollon Limassol,1.0,2.0,False
uefa.europa,2018-07-26T18:45:00Z,Aberdeen,Burnley,1.0,1.0,False
uefa.europa,2018-07-26T18:45:00Z,Dundalk,AEK Larnaca,0.0,0.0,False
uefa.europa,2018-07-26T18:45:00Z,Hibernian,Asteras Tripoli,3.0,2.0,False
uefa.europa,2018-07-26T18:45:00Z,Osijek,Rangers,0.0,1.0,False
uefa.europa,2018-07-26T18:45:00Z,Spartak Zlatibor Voda,Sparta Prague,2.0,0.0,False
uefa.europa,2018-07-26T19:00:00Z,Dunajska Streda,Dinamo Minsk,1.0,3.0,False
uefa.europa,2018-07-26T19:00:00Z,Stjarnan,F.C. København,0.0,2.0,False
uefa.europa,2018-07-26T19:45:00Z,Sevilla,Ujpesti,4.0,0.0,False
caf.champions,2018-07-27T16:00:00Z,CD Primeiro de Agosto,ZESCO United,2.0,1.0,False
caf.champions,2018-07-27T19:00:00Z,Difaa El Jadidi,ES Setif,1.0,1.0,False
caf.champions,2018-07-27T19:00:00Z,Etoile Sahel,Mbabane Swallows,2.0,0.0,False
caf.champions,2018-07-27T19:00:00Z,Mamelodi Sundowns,AS Togo-Port,2.0,1.0,False
caf.champions,2018-07-28T13:00:00Z,KCCA FC,Esperance Sportive de Tunis,0.0,1.0,False
caf.champions,2018-07-28T16:00:00Z,Township Rollers,Al Ahly,0.0,1.0,False
caf.champions,2018-07-28T18:00:00Z,Wydad AC,Horoya,2.0,0.0,False
caf.champions,2018-07-28T19:00:00Z,MC Alger,TP Mazembe,1.0,1.0,False
caf.confed,2018-07-29T13:00:00Z,AS Vita Club,Aduana Stars,2.0,0.0,False
caf.confed,2018-07-29T13:00:00Z,CARA Brazzaville,Djoliba,1.0,0.0,False
caf.confed,2018-07-29T13:00:00Z,UD Songo,Al Hilal Omdurman,1.0,1.0,False
caf.confed,2018-07-29T16:00:00Z,Williamsville AC,Enyimba,2.0,0.0,False
caf.confed,2018-07-29T16:00:00Z,Young Africans,Gor Mahia,2.0,3.0,False
caf.confed,2018-07-29T19:00:00Z,Al-Masry,RSB Berkane,1.0,0.0,False
caf.confed,2018-07-29T19:00:00Z,Raja Casablanca,ASEC Mimosas,4.0,0.0,False
caf.confed,2018-07-29T19:00:00Z,USM Alger,Rayon Sport,1.0,1.0,False
uefa.europa,2018-07-31T16:00:00Z,Pyunik,Tobol Kostanay,1.0,0.0,False
uefa.champions,2018-07-31T17:00:00Z,Hapoel Be'er,Dinamo Zagreb,2.0,2.0,False
uefa.champions,2018-07-31T17:00:00Z,Sheriff Tiraspol,KF Shkëndija,0.0,0.0,False
uefa.champions,2018-07-31T18:30:00Z,FC Spartak Trnava,Legia Warsaw,0.0,1.0,False
uefa.champions,2018-08-01T16:00:00Z,HJK Helsinki,BATE Borisov,1.0,2.0,False
uefa.europa,2018-08-01T16:00:00Z,CS Fola Esch,Racing Genk,1.0,4.0,False
uefa.champions,2018-08-01T17:00:00Z,FC Midtjylland,FC Astana,0.0,0.0,False
uefa.champions,2018-08-01T17:00:00Z,FK Qarabag,FK Kukesi,3.0,0.0,False
uefa.champions,2018-08-01T17:15:00Z,Malmö FF,CFR Cluj-Napoca,1.0,1.0,False
uefa.champions,2018-08-01T17:30:00Z,FK Suduva,Red Star Belgrade,0.0,2.0,False
uefa.champions,2018-08-01T18:00:00Z,FC Basel,PAOK,0.0,3.0,False
uefa.champions,2018-08-01T18:00:00Z,Fehérvár,Ludogorets Razgrad,1.0,0.0,False
uefa.champions,2018-08-01T18:30:00Z,SK Sturm Graz,Ajax Amsterdam,1.0,3.0,False
uefa.champions,2018-08-01T18:45:00Z,Rosenborg,Celtic,0.0,0.0,False
uefa.europa,2018-08-02T15:00:00Z,Alashkert FC,FK Sutjeska,0.0,0.0,False
uefa.europa,2018-08-02T15:00:00Z,KF Laci,Molde,0.0,2.0,False
uefa.europa,2018-08-02T15:30:00Z,AEK Larnaca,Dundalk,4.0,0.0,False
uefa.europa,2018-08-02T15:30:00Z,AS Trencin,Gornik Zabrze,4.0,1.0,False
uefa.europa,2018-08-02T16:00:00Z,Dinamo Minsk,Dunajska Streda,4.0,1.0,False
uefa.europa,2018-08-02T16:00:00Z,Flora,Apoel Nicosia,2.0,0.0,False
uefa.europa,2018-08-02T16:00:00Z,Slavia Sofia,Hajduk Split,2.0,3.0,False
uefa.europa,2018-08-02T16:00:00Z,Trakai,Partizan Belgrade,1.0,1.0,False
uefa.europa,2018-08-02T16:00:00Z,Valletta,Zrinjski Mostar,1.0,2.0,False
uefa.europa,2018-08-02T16:30:00Z,BK Häcken,RB Leipzig,1.0,1.0,False
uefa.europa,2018-08-02T16:30:00Z,Lillestrom,LASK Linz,1.0,2.0,False
uefa.europa,2018-08-02T17:00:00Z,AIK,FC Nordsjælland,0.0,1.0,False
uefa.europa,2018-08-02T17:00:00Z,Apollon Limassol,Zeljeznicar Sarajevo,3.0,1.0,False
uefa.europa,2018-08-02T17:00:00Z,FC Admira Wacker Modling,CSKA Sofia,1.0,3.0,False
uefa.europa,2018-08-02T17:00:00Z,FC Mariupol,Djurgården,2.0,1.0,False
uefa.europa,2018-08-02T17:00:00Z,FC Vaduz,Zalgiris Vilnius,1.0,1.0,False
uefa.europa,2018-08-02T17:00:00Z,Lincoln Red Imps,The New Saints,1.0,1.0,False
uefa.europa,2018-08-02T17:00:00Z,Progres Niederkorn,Honvéd,2.0,0.0,False
uefa.europa,2018-08-02T17:00:00Z,Sparta Prague,Spartak Zlatibor Voda,2.0,1.0,False
uefa.europa,2018-08-02T17:15:00Z,Atromitos,Dinamo Brest,1.0,1.0,False
uefa.europa,2018-08-02T17:30:00Z,Slovan Bratislava,Balzan FC,3.0,1.0,False
uefa.europa,2018-08-02T18:00:00Z,Asteras Tripoli,Hibernian,1.0,1.0,False
uefa.europa,2018-08-02T18:00:00Z,Besiktas,B36 Torshavn,6.0,0.0,False
uefa.europa,2018-08-02T18:00:00Z,F.C. København,Stjarnan,5.0,0.0,False
uefa.europa,2018-08-02T18:00:00Z,Vitesse,Viitorul Constanta,3.0,1.0,False
uefa.europa,2018-08-02T18:00:00Z,Víkingur,Torpedo Kutaisi,0.0,4.0,False
uefa.europa,2018-08-02T18:15:00Z,FK Sarajevo,Atalanta,0.0,8.0,False
uefa.europa,2018-08-02T18:15:00Z,NK Maribor,Chikhura Sachkhere,2.0,0.0,False
uefa.europa,2018-08-02T18:30:00Z,FCSB,Rudar Velenje,4.0,0.0,False
uefa.europa,2018-08-02T18:30:00Z,NK Domzale,FC Ufa,1.0,1.0,False
uefa.europa,2018-08-02T18:45:00Z,AZ Alkmaar,Kairat Almaty,2.0,1.0,False
uefa.europa,2018-08-02T18:45:00Z,Bordeaux,FK Ventspils,2.0,1.0,False
uefa.europa,2018-08-02T18:45:00Z,Burnley,Aberdeen,3.0,1.0,False
uefa.europa,2018-08-02T18:45:00Z,Drita Gjilan,F91 Dudelange,1.0,1.0,False
uefa.europa,2018-08-02T18:45:00Z,Fiorita,FK Spartaks Jurmala,0.0,3.0,False
uefa.europa,2018-08-02T18:45:00Z,Lech Poznan,Shakhter Soligorsk,3.0,1.0,False
uefa.europa,2018-08-02T18:45:00Z,Rangers,Osijek,1.0,1.0,False
uefa.europa,2018-08-02T18:45:00Z,Sarpsborg FK,St. Gallen,1.0,0.0,False
uefa.europa,2018-08-02T19:00:00Z,Crusaders,Olimpija Ljubljana,1.0,1.0,False
uefa.europa,2018-08-02T19:00:00Z,Radnicki Nis,Maccabi Tel-Aviv,2.0,2.0,False
uefa.europa,2018-08-02T19:00:00Z,Rio Ave,Jagiellonia Bialystok,4.0,4.0,False
uefa.europa,2018-08-02T19:00:00Z,Ujpesti,Sevilla,1.0,3.0,False
uefa.europa,2018-08-02T19:15:00Z,FH Hafnarfjordur,Hapoel Haifa,0.0,1.0,False
uefa.europa,2018-08-02T20:00:00Z,Valur Reykjavik,Santa Coloma,3.0,0.0,False
uefa.champions,2018-08-07T14:00:00Z,FC Astana,Dinamo Zagreb,0.0,2.0,False
uefa.europa,2018-08-07T16:00:00Z,Pyunik,Maccabi Tel-Aviv,0.0,0.0,False
uefa.champions,2018-08-07T17:00:00Z,FK Qarabag,BATE Borisov,0.0,1.0,False
uefa.champions,2018-08-07T17:15:00Z,Malmö FF,Fehérvár,1.0,1.0,False
uefa.champions,2018-08-07T17:30:00Z,Slavia Prague,Dynamo Kyiv,1.0,1.0,False
uefa.champions,2018-08-07T18:00:00Z,Standard Liege,Ajax Amsterdam,2.0,2.0,False
uefa.champions,2018-08-07T18:30:00Z,Red Star Belgrade,FC Spartak Trnava,1.0,1.0,False
uefa.champions,2018-08-07T19:00:00Z,Benfica,Fenerbahce,1.0,0.0,False
uefa.champions,2018-08-08T17:00:00Z,PAOK,Spartak Moscow,3.0,2.0,False
uefa.champions,2018-08-08T17:00:00Z,RB Salzburg,KF Shkëndija,3.0,0.0,False
uefa.champions,2018-08-08T18:45:00Z,Celtic,AEK Athens,1.0,1.0,False
uefa.europa,2018-08-09T14:00:00Z,FC Ufa,Progres Niederkorn,2.0,1.0,False
uefa.europa,2018-08-09T16:00:00Z,Alashkert FC,CFR Cluj-Napoca,0.0,2.0,False
uefa.europa,2018-08-09T16:00:00Z,FK Spartaks Jurmala,FK Suduva,0.0,1.0,False
uefa.europa,2018-08-09T16:00:00Z,Hapoel Haifa,Atalanta,1.0,4.0,False
uefa.europa,2018-08-09T16:30:00Z,RB Leipzig,CSU Craiova,3.0,1.0,False
uefa.europa,2018-08-09T17:00:00Z,AS Trencin,Feyenoord Rotterdam,4.0,0.0,False
uefa.europa,2018-08-09T17:00:00Z,Apollon Limassol,Dinamo Brest,4.0,0.0,False
uefa.europa,2018-08-09T17:00:00Z,Dinamo Minsk,Zenit St Petersburg,4.0,0.0,False
uefa.europa,2018-08-09T17:00:00Z,FC Mariupol,Bordeaux,1.0,3.0,False
uefa.europa,2018-08-09T17:00:00Z,Hapoel Be'er,Apoel Nicosia,2.0,2.0,False
uefa.europa,2018-08-09T17:00:00Z,Ludogorets Razgrad,Zrinjski Mostar,1.0,0.0,False
uefa.europa,2018-08-09T17:00:00Z,SK Sturm Graz,AEK Larnaca,0.0,2.0,False
uefa.europa,2018-08-09T17:00:00Z,Sheriff Tiraspol,Valur Reykjavik,1.0,0.0,False
uefa.europa,2018-08-09T17:00:00Z,Sigma Olomouc,Kairat Almaty,2.0,0.0,False
uefa.europa,2018-08-09T17:00:00Z,Torpedo Kutaisi,FK Kukesi,5.0,2.0,False
uefa.europa,2018-08-09T17:20:00Z,Jagiellonia Bialystok,KAA Gent,0.0,1.0,False
uefa.europa,2018-08-09T17:45:00Z,CSKA Sofia,F.C. København,1.0,2.0,False
uefa.europa,2018-08-09T17:45:00Z,FC Nordsjælland,Partizan Belgrade,1.0,2.0,False
uefa.europa,2018-08-09T18:00:00Z,Besiktas,LASK Linz,1.0,0.0,False
uefa.europa,2018-08-09T18:00:00Z,Istanbul Basaksehir,Burnley,0.0,0.0,False
uefa.europa,2018-08-09T18:00:00Z,Olimpija Ljubljana,HJK Helsinki,3.0,0.0,False
uefa.europa,2018-08-09T18:00:00Z,Olympiacos,FC Luzern,4.0,0.0,False
uefa.europa,2018-08-09T18:00:00Z,Racing Genk,Lech Poznan,2.0,0.0,False
uefa.europa,2018-08-09T18:00:00Z,Vitesse,FC Basel,0.0,1.0,False
uefa.europa,2018-08-09T18:30:00Z,FC Zorya Luhansk,Braga,1.0,1.0,False
uefa.europa,2018-08-09T18:45:00Z,Cork,Rosenborg,0.0,2.0,False
uefa.europa,2018-08-09T18:45:00Z,Hajduk Split,FCSB,0.0,0.0,False
uefa.europa,2018-08-09T18:45:00Z,Hibernian,Molde,0.0,0.0,False
uefa.europa,2018-08-09T18:45:00Z,Rangers,NK Maribor,3.0,1.0,False
uefa.europa,2018-08-09T18:45:00Z,Sarpsborg FK,Rijeka,1.0,1.0,False
uefa.europa,2018-08-09T18:45:00Z,Spartak Zlatibor Voda,Brøndby IF,0.0,2.0,False
uefa.europa,2018-08-09T18:45:00Z,The New Saints,FC Midtjylland,0.0,2.0,False
uefa.europa,2018-08-09T19:00:00Z,Legia Warsaw,F91 Dudelange,1.0,2.0,False
uefa.europa,2018-08-09T19:05:00Z,Slovan Bratislava,Rapid Vienna,2.0,1.0,False
uefa.europa,2018-08-09T19:45:00Z,Sevilla,Zalgiris Vilnius,1.0,0.0,False
uefa.champions,2018-08-14T16:30:00Z,Dynamo Kyiv,Slavia Prague,2.0,0.0,False
uefa.champions,2018-08-14T17:00:00Z,BATE Borisov,FK Qarabag,1.0,1.0,False
uefa.champions,2018-08-14T17:30:00Z,Spartak Moscow,PAOK,0.0,0.0,False
uefa.champions,2018-08-14T18:00:00Z,AEK Athens,Celtic,2.0,1.0,False
uefa.champions,2018-08-14T18:00:00Z,Dinamo Zagreb,FC Astana,1.0,0.0,False
uefa.champions,2018-08-14T18:00:00Z,Fehérvár,Malmö FF,0.0,0.0,False
uefa.champions,2018-08-14T18:00:00Z,Fenerbahce,Benfica,1.0,1.0,False
uefa.champions,2018-08-14T18:15:00Z,KF Shkëndija,RB Salzburg,0.0,1.0,False
uefa.champions,2018-08-14T18:30:00Z,Ajax Amsterdam,Standard Liege,3.0,0.0,False
uefa.champions,2018-08-14T18:30:00Z,FC Spartak Trnava,Red Star Belgrade,1.0,2.0,False
uefa.europa,2018-08-16T14:00:00Z,Kairat Almaty,Sigma Olomouc,1.0,2.0,False
uefa.europa,2018-08-16T15:00:00Z,Progres Niederkorn,FC Ufa,2.0,2.0,False
uefa.europa,2018-08-16T15:30:00Z,AEK Larnaca,SK Sturm Graz,5.0,0.0,False
uefa.europa,2018-08-16T16:00:00Z,HJK Helsinki,Olimpija Ljubljana,1.0,4.0,False
uefa.europa,2018-08-16T16:30:00Z,CSU Craiova,RB Leipzig,1.0,1.0,False
uefa.europa,2018-08-16T16:30:00Z,F.C. København,CSKA Sofia,2.0,1.0,False
uefa.europa,2018-08-16T17:00:00Z,Apoel Nicosia,Hapoel Be'er,3.0,1.0,False
uefa.europa,2018-08-16T17:00:00Z,CFR Cluj-Napoca,Alashkert FC,5.0,0.0,False
uefa.europa,2018-08-16T17:00:00Z,FC Midtjylland,The New Saints,3.0,1.0,False
uefa.europa,2018-08-16T17:00:00Z,FK Kukesi,Torpedo Kutaisi,2.0,0.0,False
uefa.europa,2018-08-16T17:00:00Z,FK Suduva,FK Spartaks Jurmala,0.0,0.0,False
uefa.europa,2018-08-16T17:00:00Z,Molde,Hibernian,3.0,0.0,False
uefa.europa,2018-08-16T17:00:00Z,Zalgiris Vilnius,Sevilla,0.0,5.0,False
uefa.europa,2018-08-16T17:00:00Z,Zenit St Petersburg,Dinamo Minsk,8.0,1.0,False
uefa.europa,2018-08-16T17:30:00Z,FC Luzern,Olympiacos,1.0,3.0,False
uefa.europa,2018-08-16T17:30:00Z,Maccabi Tel-Aviv,Pyunik,2.0,1.0,False
uefa.europa,2018-08-16T17:45:00Z,Dinamo Brest,Apollon Limassol,1.0,0.0,False
uefa.europa,2018-08-16T17:45:00Z,LASK Linz,Besiktas,2.0,1.0,False
uefa.europa,2018-08-16T18:00:00Z,Atalanta,Hapoel Haifa,2.0,0.0,False
uefa.europa,2018-08-16T18:00:00Z,Brøndby IF,Spartak Zlatibor Voda,2.0,1.0,False
uefa.europa,2018-08-16T18:00:00Z,F91 Dudelange,Legia Warsaw,2.0,2.0,False
uefa.europa,2018-08-16T18:00:00Z,FC Basel,Vitesse,1.0,0.0,False
uefa.europa,2018-08-16T18:00:00Z,Zrinjski Mostar,Ludogorets Razgrad,1.0,1.0,False
uefa.europa,2018-08-16T18:15:00Z,Lech Poznan,Racing Genk,1.0,2.0,False
uefa.europa,2018-08-16T18:15:00Z,NK Maribor,Rangers,0.0,0.0,False
uefa.europa,2018-08-16T18:30:00Z,FCSB,Hajduk Split,2.0,1.0,False
uefa.europa,2018-08-16T18:30:00Z,Feyenoord Rotterdam,AS Trencin,1.0,1.0,False
uefa.europa,2018-08-16T18:30:00Z,KAA Gent,Jagiellonia Bialystok,3.0,1.0,False
uefa.europa,2018-08-16T18:30:00Z,Partizan Belgrade,FC Nordsjælland,3.0,2.0,False
uefa.europa,2018-08-16T18:30:00Z,Rapid Vienna,Slovan Bratislava,4.0,0.0,False
uefa.europa,2018-08-16T18:45:00Z,Bordeaux,FC Mariupol,2.0,1.0,False
uefa.europa,2018-08-16T18:45:00Z,Burnley,Istanbul Basaksehir,1.0,0.0,False
uefa.europa,2018-08-16T18:45:00Z,Rijeka,Sarpsborg FK,0.0,1.0,False
uefa.europa,2018-08-16T18:45:00Z,Rosenborg,Cork,3.0,0.0,False
uefa.europa,2018-08-16T19:00:00Z,Valur Reykjavik,Sheriff Tiraspol,2.0,1.0,False
uefa.europa,2018-08-16T19:30:00Z,Braga,FC Zorya Luhansk,2.0,2.0,False
caf.champions,2018-08-17T16:00:00Z,Horoya,AS Togo-Port,2.0,1.0,False
caf.champions,2018-08-17T19:00:00Z,ES Setif,TP Mazembe,1.0,1.0,False
caf.champions,2018-08-17T19:00:00Z,Esperance Sportive de Tunis,Al Ahly,0.0,1.0,False
caf.champions,2018-08-17T19:00:00Z,Wydad AC,Mamelodi Sundowns,1.0,0.0,False
caf.champions,2018-08-18T13:00:00Z,KCCA FC,Township Rollers,1.0,0.0,False
caf.champions,2018-08-18T13:00:00Z,Mbabane Swallows,ZESCO United,0.0,3.0,False
caf.champions,2018-08-18T19:00:00Z,Difaa El Jadidi,MC Alger,2.0,0.0,False
caf.champions,2018-08-18T19:00:00Z,Etoile Sahel,CD Primeiro de Agosto,1.0,1.0,False
caf.confed,2018-08-19T13:00:00Z,AS Vita Club,Raja Casablanca,2.0,0.0,False
caf.confed,2018-08-19T13:00:00Z,Aduana Stars,ASEC Mimosas,0.0,2.0,False
caf.confed,2018-08-19T13:00:00Z,CARA Brazzaville,Williamsville AC,3.0,1.0,False
caf.confed,2018-08-19T13:00:00Z,UD Songo,Al-Masry,1.0,1.0,False
caf.confed,2018-08-19T16:00:00Z,Gor Mahia,Rayon Sport,1.0,2.0,False
caf.confed,2018-08-19T16:00:00Z,Young Africans,USM Alger,2.0,1.0,False
caf.confed,2018-08-19T19:00:00Z,Al Hilal Omdurman,RSB Berkane,0.0,2.0,False
caf.confed,2018-08-19T19:00:00Z,Djoliba,Enyimba,0.0,1.0,False
uefa.champions,2018-08-21T19:00:00Z,BATE Borisov,PSV Eindhoven,2.0,3.0,False
uefa.champions,2018-08-21T19:00:00Z,Benfica,PAOK,1.0,1.0,False
uefa.champions,2018-08-21T19:00:00Z,Red Star Belgrade,RB Salzburg,0.0,0.0,False
uefa.champions,2018-08-22T19:00:00Z,Ajax Amsterdam,Dynamo Kyiv,3.0,1.0,False
uefa.champions,2018-08-22T19:00:00Z,Fehérvár,AEK Athens,1.0,2.0,False
uefa.champions,2018-08-22T19:00:00Z,Young Boys,Dinamo Zagreb,1.0,1.0,False
uefa.europa,2018-08-23T16:00:00Z,Torpedo Kutaisi,Ludogorets Razgrad,0.0,1.0,False
uefa.europa,2018-08-23T16:00:00Z,Zenit St Petersburg,Molde,3.0,1.0,False
uefa.europa,2018-08-23T16:30:00Z,AS Trencin,AEK Larnaca,1.0,1.0,False
uefa.europa,2018-08-23T17:00:00Z,Apoel Nicosia,FC Astana,1.0,0.0,False
uefa.europa,2018-08-23T17:00:00Z,FK Suduva,Celtic,1.0,1.0,False
uefa.europa,2018-08-23T17:00:00Z,Sheriff Tiraspol,FK Qarabag,1.0,0.0,False
uefa.europa,2018-08-23T17:00:00Z,Sigma Olomouc,Sevilla,0.0,1.0,False
uefa.europa,2018-08-23T17:05:00Z,Sarpsborg FK,Maccabi Tel-Aviv,3.0,1.0,False
uefa.europa,2018-08-23T17:15:00Z,Malmö FF,FC Midtjylland,2.0,2.0,False
uefa.europa,2018-08-23T18:00:00Z,Atalanta,F.C. København,0.0,0.0,False
uefa.europa,2018-08-23T18:00:00Z,F91 Dudelange,CFR Cluj-Napoca,2.0,0.0,False
uefa.europa,2018-08-23T18:00:00Z,FC Basel,Apollon Limassol,3.0,2.0,False
uefa.europa,2018-08-23T18:00:00Z,Olympiacos,Burnley,3.0,1.0,False
uefa.europa,2018-08-23T18:30:00Z,FC Zorya Luhansk,RB Leipzig,0.0,0.0,False
uefa.europa,2018-08-23T18:30:00Z,Olimpija Ljubljana,FC Spartak Trnava,0.0,2.0,False
uefa.europa,2018-08-23T18:30:00Z,Partizan Belgrade,Besiktas,1.0,1.0,False
uefa.europa,2018-08-23T18:30:00Z,Racing Genk,Brøndby IF,5.0,2.0,False
uefa.europa,2018-08-23T18:30:00Z,Rapid Vienna,FCSB,3.0,1.0,False
uefa.europa,2018-08-23T18:45:00Z,KAA Gent,Bordeaux,0.0,0.0,False
uefa.europa,2018-08-23T18:45:00Z,Rangers,FC Ufa,1.0,0.0,False
uefa.europa,2018-08-23T18:45:00Z,Rosenborg,KF Shkëndija,3.0,1.0,False
caf.champions,2018-08-28T13:00:00Z,CD Primeiro de Agosto,Mbabane Swallows,2.0,1.0,False
caf.champions,2018-08-28T13:00:00Z,MC Alger,ES Setif,1.0,2.0,False
caf.champions,2018-08-28T13:00:00Z,TP Mazembe,Difaa El Jadidi,1.0,1.0,False
caf.champions,2018-08-28T13:00:00Z,ZESCO United,Etoile Sahel,1.0,1.0,False
caf.champions,2018-08-28T16:00:00Z,AS Togo-Port,Wydad AC,0.0,0.0,False
caf.champions,2018-08-28T16:00:00Z,Mamelodi Sundowns,Horoya,0.0,0.0,False
caf.champions,2018-08-28T19:00:00Z,Al Ahly,KCCA FC,4.0,3.0,False
caf.champions,2018-08-28T19:00:00Z,Township Rollers,Esperance Sportive de Tunis,0.0,0.0,False
uefa.champions,2018-08-28T19:00:00Z,AEK Athens,Fehérvár,1.0,1.0,False
uefa.champions,2018-08-28T19:00:00Z,Dinamo Zagreb,Young Boys,1.0,2.0,False
uefa.champions,2018-08-28T19:00:00Z,Dynamo Kyiv,Ajax Amsterdam,0.0,0.0,False
caf.confed,2018-08-29T13:00:00Z,Rayon Sport,Young Africans,1.0,0.0,False
caf.confed,2018-08-29T13:00:00Z,USM Alger,Gor Mahia,2.0,1.0,False
caf.confed,2018-08-29T16:00:00Z,Enyimba,CARA Brazzaville,1.0,0.0,False
caf.confed,2018-08-29T16:00:00Z,Williamsville AC,Djoliba,0.0,0.0,False
caf.confed,2018-08-29T19:00:00Z,ASEC Mimosas,AS Vita Club,2.0,0.0,False
caf.confed,2018-08-29T19:00:00Z,Al-Masry,Al Hilal Omdurman,2.0,0.0,False
caf.confed,2018-08-29T19:00:00Z,RSB Berkane,UD Songo,2.0,1.0,False
caf.confed,2018-08-29T19:00:00Z,Raja Casablanca,Aduana Stars,6.0,0.0,False
uefa.champions,2018-08-29T19:00:00Z,PAOK,Benfica,1.0,4.0,False
uefa.champions,2018-08-29T19:00:00Z,PSV Eindhoven,BATE Borisov,3.0,0.0,False
uefa.champions,2018-08-29T19:00:00Z,RB Salzburg,Red Star Belgrade,2.0,2.0,False
uefa.europa,2018-08-30T14:00:00Z,FC Astana,Apoel Nicosia,1.0,0.0,False
uefa.europa,2018-08-30T14:00:00Z,FC Ufa,Rangers,1.0,1.0,False
uefa.europa,2018-08-30T15:30:00Z,AEK Larnaca,AS Trencin,3.0,0.0,False
uefa.europa,2018-08-30T16:30:00Z,F.C. København,Atalanta,0.0,0.0,False
uefa.europa,2018-08-30T16:30:00Z,RB Leipzig,FC Zorya Luhansk,3.0,2.0,False
uefa.europa,2018-08-30T17:00:00Z,Apollon Limassol,FC Basel,1.0,0.0,False
uefa.europa,2018-08-30T17:00:00Z,CFR Cluj-Napoca,F91 Dudelange,2.0,3.0,False
uefa.europa,2018-08-30T17:00:00Z,FK Qarabag,Sheriff Tiraspol,3.0,0.0,False
uefa.europa,2018-08-30T17:00:00Z,Ludogorets Razgrad,Torpedo Kutaisi,4.0,0.0,False
uefa.europa,2018-08-30T17:00:00Z,Maccabi Tel-Aviv,Sarpsborg FK,2.0,1.0,False
uefa.europa,2018-08-30T17:00:00Z,Molde,Zenit St Petersburg,2.0,1.0,False
uefa.europa,2018-08-30T17:15:00Z,FC Midtjylland,Malmö FF,0.0,2.0,False
uefa.europa,2018-08-30T18:00:00Z,Besiktas,Partizan Belgrade,3.0,0.0,False
uefa.europa,2018-08-30T18:15:00Z,KF Shkëndija,Rosenborg,0.0,2.0,False
uefa.europa,2018-08-30T18:30:00Z,Brøndby IF,Racing Genk,2.0,4.0,False
uefa.europa,2018-08-30T18:30:00Z,FC Spartak Trnava,Olimpija Ljubljana,1.0,1.0,False
uefa.europa,2018-08-30T18:30:00Z,FCSB,Rapid Vienna,2.0,1.0,False
uefa.europa,2018-08-30T18:45:00Z,Bordeaux,KAA Gent,2.0,0.0,False
uefa.europa,2018-08-30T18:45:00Z,Burnley,Olympiacos,1.0,1.0,False
uefa.europa,2018-08-30T19:00:00Z,Celtic,FK Suduva,3.0,0.0,False
uefa.europa,2018-08-30T19:45:00Z,Sevilla,Sigma Olomouc,3.0,0.0,False
caf.champions,2018-09-14T16:00:00Z,Horoya,Al Ahly,0.0,0.0,False
caf.champions,2018-09-14T19:00:00Z,ES Setif,Wydad AC,1.0,0.0,False
caf.champions,2018-09-15T16:00:00Z,CD Primeiro de Agosto,TP Mazembe,0.0,0.0,False
caf.champions,2018-09-15T19:00:00Z,Esperance Sportive de Tunis,Etoile Sahel,2.0,1.0,False
caf.confed,2018-09-16T13:00:00Z,CARA Brazzaville,Raja Casablanca,1.0,2.0,False
caf.confed,2018-09-16T13:00:00Z,Rayon Sport,Enyimba,0.0,0.0,False
caf.confed,2018-09-16T16:00:00Z,AS Vita Club,RSB Berkane,3.0,1.0,False
caf.confed,2018-09-16T19:00:00Z,Al-Masry,USM Alger,1.0,0.0,False
uefa.champions,2018-09-18T16:55:00Z,Barcelona,PSV Eindhoven,4.0,0.0,False
uefa.champions,2018-09-18T16:55:00Z,Internazionale,Tottenham Hotspur,2.0,1.0,False
uefa.champions,2018-09-18T19:00:00Z,AS Monaco,Atlético Madrid,1.0,2.0,False
uefa.champions,2018-09-18T19:00:00Z,Club Brugge,Borussia Dortmund,0.0,1.0,False
uefa.champions,2018-09-18T19:00:00Z,Galatasaray,Lokomotiv Moscow,3.0,0.0,False
uefa.champions,2018-09-18T19:00:00Z,Liverpool,Paris Saint-Germain,3.0,2.0,False
uefa.champions,2018-09-18T19:00:00Z,Red Star Belgrade,Napoli,0.0,0.0,False
uefa.champions,2018-09-18T19:00:00Z,Schalke 04,FC Porto,1.0,1.0,False
uefa.champions,2018-09-19T16:55:00Z,Ajax Amsterdam,AEK Athens,3.0,0.0,False
uefa.champions,2018-09-19T16:55:00Z,Shakhtar Donetsk,TSG Hoffenheim,2.0,2.0,False
uefa.champions,2018-09-19T19:00:00Z,Benfica,Bayern Munich,0.0,2.0,False
uefa.champions,2018-09-19T19:00:00Z,Manchester City,Lyon,1.0,2.0,False
uefa.champions,2018-09-19T19:00:00Z,Real Madrid,AS Roma,3.0,0.0,False
uefa.champions,2018-09-19T19:00:00Z,Valencia,Juventus,0.0,2.0,False
uefa.champions,2018-09-19T19:00:00Z,Viktoria Plzen,CSKA Moscow,2.0,2.0,False
uefa.champions,2018-09-19T19:00:00Z,Young Boys,Manchester United,0.0,3.0,False
uefa.europa,2018-09-20T16:55:00Z,Akhisar Belediyespor,Krasnodar,0.0,1.0,False
uefa.europa,2018-09-20T16:55:00Z,Besiktas,Sarpsborg FK,3.0,1.0,False
uefa.europa,2018-09-20T16:55:00Z,Dynamo Kyiv,FC Astana,2.0,2.0,False
uefa.europa,2018-09-20T16:55:00Z,Fehérvár,BATE Borisov,0.0,2.0,False
uefa.europa,2018-09-20T16:55:00Z,Lazio,Apollon Limassol,2.0,1.0,False
uefa.europa,2018-09-20T16:55:00Z,Marseille,Eintracht Frankfurt,1.0,2.0,False
uefa.europa,2018-09-20T16:55:00Z,PAOK,Chelsea,0.0,1.0,False
uefa.europa,2018-09-20T16:55:00Z,Racing Genk,Malmö FF,2.0,0.0,False
uefa.europa,2018-09-20T16:55:00Z,Rapid Vienna,Spartak Moscow,2.0,0.0,False
uefa.europa,2018-09-20T16:55:00Z,Sevilla,Standard Liege,5.0,1.0,False
uefa.europa,2018-09-20T16:55:00Z,Stade Rennais,Jablonec,2.0,1.0,False
uefa.europa,2018-09-20T16:55:00Z,Villarreal,Rangers,2.0,2.0,False
uefa.europa,2018-09-20T19:00:00Z,AEK Larnaca,FC Zürich,0.0,1.0,False
uefa.europa,2018-09-20T19:00:00Z,Arsenal,Vorskla,4.0,2.0,False
uefa.europa,2018-09-20T19:00:00Z,Celtic,Rosenborg,1.0,0.0,False
uefa.europa,2018-09-20T19:00:00Z,Dinamo Zagreb,Fenerbahce,4.0,1.0,False
uefa.europa,2018-09-20T19:00:00Z,F.C. København,Zenit St Petersburg,1.0,1.0,False
uefa.europa,2018-09-20T19:00:00Z,F91 Dudelange,AC Milan,0.0,1.0,False
uefa.europa,2018-09-20T19:00:00Z,FC Spartak Trnava,Anderlecht,1.0,0.0,False
uefa.europa,2018-09-20T19:00:00Z,Ludogorets Razgrad,Bayer Leverkusen,2.0,3.0,False
uefa.europa,2018-09-20T19:00:00Z,Olympiacos,Real Betis,0.0,0.0,False
uefa.europa,2018-09-20T19:00:00Z,RB Leipzig,RB Salzburg,2.0,3.0,False
uefa.europa,2018-09-20T19:00:00Z,Slavia Prague,Bordeaux,1.0,0.0,False
uefa.europa,2018-09-20T19:00:00Z,Sporting CP,FK Qarabag,2.0,0.0,False
caf.champions,2018-09-21T13:00:00Z,TP Mazembe,CD Primeiro de Agosto,1.0,1.0,False
caf.champions,2018-09-21T16:00:00Z,Etoile Sahel,Esperance Sportive de Tunis,0.0,1.0,False
caf.champions,2018-09-21T19:00:00Z,Wydad AC,ES Setif,0.0,0.0,False
caf.champions,2018-09-22T19:00:00Z,Al Ahly,Horoya,4.0,0.0,False
caf.confed,2018-09-23T13:00:00Z,Enyimba,Rayon Sport,5.0,1.0,False
caf.confed,2018-09-23T16:00:00Z,Raja Casablanca,CARA Brazzaville,1.0,0.0,False
caf.confed,2018-09-23T19:00:00Z,RSB Berkane,AS Vita Club,1.0,1.0,False
caf.confed,2018-09-23T19:00:00Z,USM Alger,Al-Masry,0.0,1.0,False
caf.champions,2018-10-02T16:00:00Z,CD Primeiro de Agosto,Esperance Sportive de Tunis,1.0,0.0,False
uefa.champions,2018-10-02T16:55:00Z,Juventus,Young Boys,3.0,0.0,False
uefa.champions,2018-10-02T16:55:00Z,TSG Hoffenheim,Manchester City,1.0,2.0,False
caf.champions,2018-10-02T19:00:00Z,Al Ahly,ES Setif,2.0,0.0,False
uefa.champions,2018-10-02T19:00:00Z,AEK Athens,Benfica,2.0,3.0,False
uefa.champions,2018-10-02T19:00:00Z,AS Roma,Viktoria Plzen,5.0,0.0,False
uefa.champions,2018-10-02T19:00:00Z,Bayern Munich,Ajax Amsterdam,1.0,1.0,False
uefa.champions,2018-10-02T19:00:00Z,CSKA Moscow,Real Madrid,1.0,0.0,False
uefa.champions,2018-10-02T19:00:00Z,Lyon,Shakhtar Donetsk,2.0,2.0,False
uefa.champions,2018-10-02T19:00:00Z,Manchester United,Valencia,0.0,0.0,False
caf.confed,2018-10-03T13:00:00Z,Enyimba,Raja Casablanca,0.0,1.0,False
uefa.champions,2018-10-03T16:55:00Z,Lokomotiv Moscow,Schalke 04,0.0,1.0,False
uefa.champions,2018-10-03T16:55:00Z,Paris Saint-Germain,Red Star Belgrade,6.0,1.0,False
caf.confed,2018-10-03T19:00:00Z,Al-Masry,AS Vita Club,0.0,0.0,False
uefa.champions,2018-10-03T19:00:00Z,Atlético Madrid,Club Brugge,3.0,1.0,False
uefa.champions,2018-10-03T19:00:00Z,Borussia Dortmund,AS Monaco,3.0,0.0,False
uefa.champions,2018-10-03T19:00:00Z,FC Porto,Galatasaray,1.0,0.0,False
uefa.champions,2018-10-03T19:00:00Z,Napoli,Liverpool,1.0,0.0,False
uefa.champions,2018-10-03T19:00:00Z,PSV Eindhoven,Internazionale,1.0,2.0,False
uefa.champions,2018-10-03T19:00:00Z,Tottenham Hotspur,Barcelona,2.0,4.0,False
uefa.europa,2018-10-04T14:50:00Z,FC Astana,Stade Rennais,2.0,0.0,False
uefa.europa,2018-10-04T16:55:00Z,AC Milan,Olympiacos,3.0,1.0,False
uefa.europa,2018-10-04T16:55:00Z,Anderlecht,Dinamo Zagreb,0.0,2.0,False
uefa.europa,2018-10-04T16:55:00Z,Bayer Leverkusen,AEK Larnaca,4.0,2.0,False
uefa.europa,2018-10-04T16:55:00Z,Bordeaux,F.C. København,1.0,2.0,False
uefa.europa,2018-10-04T16:55:00Z,FC Zürich,Ludogorets Razgrad,1.0,0.0,False
uefa.europa,2018-10-04T16:55:00Z,FK Qarabag,Arsenal,0.0,3.0,False
uefa.europa,2018-10-04T16:55:00Z,Fenerbahce,FC Spartak Trnava,2.0,0.0,False
uefa.europa,2018-10-04T16:55:00Z,RB Salzburg,Celtic,3.0,1.0,False
uefa.europa,2018-10-04T16:55:00Z,Real Betis,F91 Dudelange,3.0,0.0,False
uefa.europa,2018-10-04T16:55:00Z,Rosenborg,RB Leipzig,1.0,3.0,False
uefa.europa,2018-10-04T16:55:00Z,Vorskla,Sporting CP,1.0,2.0,False
uefa.europa,2018-10-04T16:55:00Z,Zenit St Petersburg,Slavia Prague,1.0,0.0,False
uefa.europa,2018-10-04T19:00:00Z,Apollon Limassol,Marseille,2.0,2.0,False
uefa.europa,2018-10-04T19:00:00Z,BATE Borisov,PAOK,1.0,4.0,False
uefa.europa,2018-10-04T19:00:00Z,Chelsea,Fehérvár,1.0,0.0,False
uefa.europa,2018-10-04T19:00:00Z,Eintracht Frankfurt,Lazio,4.0,1.0,False
uefa.europa,2018-10-04T19:00:00Z,Jablonec,Dynamo Kyiv,2.0,2.0,False
uefa.europa,2018-10-04T19:00:00Z,Krasnodar,Sevilla,2.0,1.0,False
uefa.europa,2018-10-04T19:00:00Z,Malmö FF,Besiktas,2.0,0.0,False
uefa.europa,2018-10-04T19:00:00Z,Rangers,Rapid Vienna,3.0,1.0,False
uefa.europa,2018-10-04T19:00:00Z,Sarpsborg FK,Racing Genk,3.0,1.0,False
uefa.europa,2018-10-04T19:00:00Z,Spartak Moscow,Villarreal,3.0,3.0,False
uefa.europa,2018-10-04T19:00:00Z,Standard Liege,Akhisar Belediyespor,2.0,1.0,False
caf.champions,2018-10-23T16:00:00Z,Esperance Sportive de Tunis,CD Primeiro de Agosto,4.0,2.0,False
uefa.champions,2018-10-23T16:55:00Z,AEK Athens,Bayern Munich,0.0,2.0,False
uefa.champions,2018-10-23T16:55:00Z,Young Boys,Valencia,1.0,1.0,False
caf.champions,2018-10-23T19:00:00Z,ES Setif,Al Ahly,2.0,1.0,False
uefa.champions,2018-10-23T19:00:00Z,AS Roma,CSKA Moscow,3.0,0.0,False
uefa.champions,2018-10-23T19:00:00Z,Ajax Amsterdam,Benfica,1.0,0.0,False
uefa.champions,2018-10-23T19:00:00Z,Manchester United,Juventus,0.0,1.0,False
uefa.champions,2018-10-23T19:00:00Z,Real Madrid,Viktoria Plzen,2.0,1.0,False
uefa.champions,2018-10-23T19:00:00Z,Shakhtar Donetsk,Manchester City,0.0,3.0,False
uefa.champions,2018-10-23T19:00:00Z,TSG Hoffenheim,Lyon,3.0,3.0,False
caf.confed,2018-10-24T16:00:00Z,AS Vita Club,Al-Masry,4.0,0.0,False
uefa.champions,2018-10-24T16:55:00Z,Club Brugge,AS Monaco,1.0,1.0,False
uefa.champions,2018-10-24T16:55:00Z,PSV Eindhoven,Tottenham Hotspur,2.0,2.0,False
caf.confed,2018-10-24T19:00:00Z,Raja Casablanca,Enyimba,2.0,1.0,False
uefa.champions,2018-10-24T19:00:00Z,Barcelona,Internazionale,2.0,0.0,False
uefa.champions,2018-10-24T19:00:00Z,Borussia Dortmund,Atlético Madrid,4.0,0.0,False
uefa.champions,2018-10-24T19:00:00Z,Galatasaray,Schalke 04,0.0,0.0,False
uefa.champions,2018-10-24T19:00:00Z,Liverpool,Red Star Belgrade,4.0,0.0,False
uefa.champions,2018-10-24T19:00:00Z,Lokomotiv Moscow,FC Porto,1.0,3.0,False
uefa.champions,2018-10-24T19:00:00Z,Paris Saint-Germain,Napoli,2.0,2.0,False
uefa.europa,2018-10-25T16:55:00Z,AC Milan,Real Betis,1.0,2.0,False
uefa.europa,2018-10-25T16:55:00Z,AEK Larnaca,Ludogorets Razgrad,1.0,1.0,False
uefa.europa,2018-10-25T16:55:00Z,Anderlecht,Fenerbahce,2.0,2.0,False
uefa.europa,2018-10-25T16:55:00Z,F.C. København,Slavia Prague,0.0,1.0,False
uefa.europa,2018-10-25T16:55:00Z,F91 Dudelange,Olympiacos,0.0,2.0,False
uefa.europa,2018-10-25T16:55:00Z,FC Spartak Trnava,Dinamo Zagreb,1.0,2.0,False
uefa.europa,2018-10-25T16:55:00Z,FC Zürich,Bayer Leverkusen,3.0,2.0,False
uefa.europa,2018-10-25T16:55:00Z,FK Qarabag,Vorskla,0.0,1.0,False
uefa.europa,2018-10-25T16:55:00Z,RB Leipzig,Celtic,2.0,0.0,False
uefa.europa,2018-10-25T16:55:00Z,RB Salzburg,Rosenborg,3.0,0.0,False
uefa.europa,2018-10-25T16:55:00Z,Sporting CP,Arsenal,0.0,1.0,False
uefa.europa,2018-10-25T16:55:00Z,Zenit St Petersburg,Bordeaux,2.0,1.0,False
uefa.europa,2018-10-25T19:00:00Z,Besiktas,Racing Genk,2.0,4.0,False
uefa.europa,2018-10-25T19:00:00Z,Chelsea,BATE Borisov,3.0,1.0,False
uefa.europa,2018-10-25T19:00:00Z,Eintracht Frankfurt,Apollon Limassol,2.0,0.0,False
uefa.europa,2018-10-25T19:00:00Z,Jablonec,FC Astana,1.0,1.0,False
uefa.europa,2018-10-25T19:00:00Z,Marseille,Lazio,1.0,3.0,False
uefa.europa,2018-10-25T19:00:00Z,PAOK,Fehérvár,0.0,2.0,False
uefa.europa,2018-10-25T19:00:00Z,Rangers,Spartak Moscow,0.0,0.0,False
uefa.europa,2018-10-25T19:00:00Z,Sarpsborg FK,Malmö FF,1.0,1.0,False
uefa.europa,2018-10-25T19:00:00Z,Sevilla,Akhisar Belediyespor,6.0,0.0,False
uefa.europa,2018-10-25T19:00:00Z,Stade Rennais,Dynamo Kyiv,1.0,2.0,False
uefa.europa,2018-10-25T19:00:00Z,Standard Liege,Krasnodar,2.0,1.0,False
uefa.europa,2018-10-25T19:00:00Z,Villarreal,Rapid Vienna,5.0,0.0,False
caf.champions,2018-11-02T19:00:00Z,Al Ahly,Esperance Sportive de Tunis,3.0,1.0,False
uefa.champions,2018-11-06T17:55:00Z,AS Monaco,Club Brugge,0.0,4.0,False
uefa.champions,2018-11-06T17:55:00Z,Red Star Belgrade,Liverpool,2.0,0.0,False
uefa.champions,2018-11-06T20:00:00Z,Atlético Madrid,Borussia Dortmund,2.0,0.0,False
uefa.champions,2018-11-06T20:00:00Z,FC Porto,Lokomotiv Moscow,4.0,1.0,False
uefa.champions,2018-11-06T20:00:00Z,Internazionale,Barcelona,1.0,1.0,False
uefa.champions,2018-11-06T20:00:00Z,Napoli,Paris Saint-Germain,1.0,1.0,False
uefa.champions,2018-11-06T20:00:00Z,Schalke 04,Galatasaray,2.0,0.0,False
uefa.champions,2018-11-06T20:00:00Z,Tottenham Hotspur,PSV Eindhoven,2.0,1.0,False
uefa.champions,2018-11-07T17:55:00Z,CSKA Moscow,AS Roma,1.0,2.0,False
uefa.champions,2018-11-07T17:55:00Z,Valencia,Young Boys,3.0,1.0,False
uefa.champions,2018-11-07T20:00:00Z,Bayern Munich,AEK Athens,2.0,0.0,False
uefa.champions,2018-11-07T20:00:00Z,Benfica,Ajax Amsterdam,1.0,1.0,False
uefa.champions,2018-11-07T20:00:00Z,Juventus,Manchester United,1.0,2.0,False
uefa.champions,2018-11-07T20:00:00Z,Lyon,TSG Hoffenheim,2.0,2.0,False
uefa.champions,2018-11-07T20:00:00Z,Manchester City,Shakhtar Donetsk,6.0,0.0,False
uefa.champions,2018-11-07T20:00:00Z,Viktoria Plzen,Real Madrid,0.0,5.0,False
uefa.europa,2018-11-08T15:50:00Z,FC Astana,Jablonec,2.0,1.0,False
uefa.europa,2018-11-08T15:50:00Z,Fenerbahce,Anderlecht,2.0,0.0,False
uefa.europa,2018-11-08T17:55:00Z,Akhisar Belediyespor,Sevilla,2.0,3.0,False
uefa.europa,2018-11-08T17:55:00Z,Apollon Limassol,Eintracht Frankfurt,2.0,3.0,False
uefa.europa,2018-11-08T17:55:00Z,BATE Borisov,Chelsea,0.0,1.0,False
uefa.europa,2018-11-08T17:55:00Z,Dynamo Kyiv,Stade Rennais,3.0,1.0,False
uefa.europa,2018-11-08T17:55:00Z,Fehérvár,PAOK,1.0,0.0,False
uefa.europa,2018-11-08T17:55:00Z,Krasnodar,Standard Liege,2.0,1.0,False
uefa.europa,2018-11-08T17:55:00Z,Lazio,Marseille,2.0,1.0,False
uefa.europa,2018-11-08T17:55:00Z,Malmö FF,Sarpsborg FK,1.0,1.0,False
uefa.europa,2018-11-08T17:55:00Z,Racing Genk,Besiktas,1.0,1.0,False
uefa.europa,2018-11-08T17:55:00Z,Rapid Vienna,Villarreal,0.0,0.0,False
uefa.europa,2018-11-08T17:55:00Z,Spartak Moscow,Rangers,4.0,3.0,False
uefa.europa,2018-11-08T20:00:00Z,Arsenal,Sporting CP,0.0,0.0,False
uefa.europa,2018-11-08T20:00:00Z,Bayer Leverkusen,FC Zürich,1.0,0.0,False
uefa.europa,2018-11-08T20:00:00Z,Bordeaux,Zenit St Petersburg,1.0,1.0,False
uefa.europa,2018-11-08T20:00:00Z,Celtic,RB Leipzig,2.0,1.0,False
uefa.europa,2018-11-08T20:00:00Z,Dinamo Zagreb,FC Spartak Trnava,3.0,1.0,False
uefa.europa,2018-11-08T20:00:00Z,Ludogorets Razgrad,AEK Larnaca,0.0,0.0,False
uefa.europa,2018-11-08T20:00:00Z,Olympiacos,F91 Dudelange,5.0,1.0,False
uefa.europa,2018-11-08T20:00:00Z,Real Betis,AC Milan,1.0,1.0,False
uefa.europa,2018-11-08T20:00:00Z,Rosenborg,RB Salzburg,2.0,5.0,False
uefa.europa,2018-11-08T20:00:00Z,Slavia Prague,F.C. København,0.0,0.0,False
uefa.europa,2018-11-08T20:00:00Z,Vorskla,FK Qarabag,0.0,1.0,False
caf.champions,2018-11-09T19:00:00Z,Esperance Sportive de Tunis,Al Ahly,3.0,0.0,False
caf.confed,2018-11-25T19:00:00Z,Raja Casablanca,AS Vita Club,3.0,0.0,False
uefa.champions,2018-11-27T17:55:00Z,AEK Athens,Ajax Amsterdam,0.0,2.0,False
uefa.champions,2018-11-27T17:55:00Z,CSKA Moscow,Viktoria Plzen,1.0,2.0,False
uefa.champions,2018-11-27T20:00:00Z,AS Roma,Real Madrid,0.0,2.0,False
uefa.champions,2018-11-27T20:00:00Z,Bayern Munich,Benfica,5.0,1.0,False
uefa.champions,2018-11-27T20:00:00Z,Juventus,Valencia,1.0,0.0,False
uefa.champions,2018-11-27T20:00:00Z,Lyon,Manchester City,2.0,2.0,False
uefa.champions,2018-11-27T20:00:00Z,Manchester United,Young Boys,1.0,0.0,False
uefa.champions,2018-11-27T20:00:00Z,TSG Hoffenheim,Shakhtar Donetsk,2.0,3.0,False
uefa.champions,2018-11-28T17:55:00Z,Atlético Madrid,AS Monaco,2.0,0.0,False
uefa.champions,2018-11-28T17:55:00Z,Lokomotiv Moscow,Galatasaray,2.0,0.0,False
uefa.champions,2018-11-28T20:00:00Z,Borussia Dortmund,Club Brugge,0.0,0.0,False
uefa.champions,2018-11-28T20:00:00Z,FC Porto,Schalke 04,3.0,1.0,False
uefa.champions,2018-11-28T20:00:00Z,Napoli,Red Star Belgrade,3.0,1.0,False
uefa.champions,2018-11-28T20:00:00Z,PSV Eindhoven,Barcelona,1.0,2.0,False
uefa.champions,2018-11-28T20:00:00Z,Paris Saint-Germain,Liverpool,2.0,1.0,False
uefa.champions,2018-11-28T20:00:00Z,Tottenham Hotspur,Internazionale,1.0,0.0,False
uefa.europa,2018-11-29T15:50:00Z,FC Astana,Dynamo Kyiv,0.0,1.0,False
uefa.europa,2018-11-29T15:50:00Z,Spartak Moscow,Rapid Vienna,1.0,2.0,False
uefa.europa,2018-11-29T17:55:00Z,AC Milan,F91 Dudelange,5.0,2.0,False
uefa.europa,2018-11-29T17:55:00Z,Anderlecht,FC Spartak Trnava,0.0,0.0,False
uefa.europa,2018-11-29T17:55:00Z,BATE Borisov,Fehérvár,2.0,0.0,False
uefa.europa,2018-11-29T17:55:00Z,Bayer Leverkusen,Ludogorets Razgrad,1.0,1.0,False
uefa.europa,2018-11-29T17:55:00Z,Bordeaux,Slavia Prague,2.0,0.0,False
uefa.europa,2018-11-29T17:55:00Z,FC Zürich,AEK Larnaca,1.0,2.0,False
uefa.europa,2018-11-29T17:55:00Z,FK Qarabag,Sporting CP,1.0,6.0,False
uefa.europa,2018-11-29T17:55:00Z,Fenerbahce,Dinamo Zagreb,0.0,0.0,False
uefa.europa,2018-11-29T17:55:00Z,Krasnodar,Akhisar Belediyespor,2.0,1.0,False
uefa.europa,2018-11-29T17:55:00Z,RB Salzburg,RB Leipzig,1.0,0.0,False
uefa.europa,2018-11-29T17:55:00Z,Real Betis,Olympiacos,1.0,0.0,False
uefa.europa,2018-11-29T17:55:00Z,Rosenborg,Celtic,0.0,1.0,False
uefa.europa,2018-11-29T17:55:00Z,Vorskla,Arsenal,0.0,3.0,False
uefa.europa,2018-11-29T17:55:00Z,Zenit St Petersburg,F.C. København,1.0,0.0,False
uefa.europa,2018-11-29T20:00:00Z,Apollon Limassol,Lazio,2.0,0.0,False
uefa.europa,2018-11-29T20:00:00Z,Chelsea,PAOK,4.0,0.0,False
uefa.europa,2018-11-29T20:00:00Z,Eintracht Frankfurt,Marseille,4.0,0.0,False
uefa.europa,2018-11-29T20:00:00Z,Jablonec,Stade Rennais,0.0,1.0,False
uefa.europa,2018-11-29T20:00:00Z,Malmö FF,Racing Genk,2.0,2.0,False
uefa.europa,2018-11-29T20:00:00Z,Rangers,Villarreal,0.0,0.0,False
uefa.europa,2018-11-29T20:00:00Z,Sarpsborg FK,Besiktas,2.0,3.0,False
uefa.europa,2018-11-29T20:00:00Z,Standard Liege,Sevilla,1.0,0.0,False
caf.confed,2018-12-02T19:00:00Z,AS Vita Club,Raja Casablanca,3.0,1.0,False
uefa.champions,2018-12-11T17:55:00Z,Galatasaray,FC Porto,2.0,3.0,False
uefa.champions,2018-12-11T17:55:00Z,Schalke 04,Lokomotiv Moscow,1.0,0.0,False
uefa.champions,2018-12-11T20:00:00Z,AS Monaco,Borussia Dortmund,0.0,2.0,False
uefa.champions,2018-12-11T20:00:00Z,Barcelona,Tottenham Hotspur,1.0,1.0,False
uefa.champions,2018-12-11T20:00:00Z,Club Brugge,Atlético Madrid,0.0,0.0,False
uefa.champions,2018-12-11T20:00:00Z,Internazionale,PSV Eindhoven,1.0,1.0,False
uefa.champions,2018-12-11T20:00:00Z,Liverpool,Napoli,1.0,0.0,False
uefa.champions,2018-12-11T20:00:00Z,Red Star Belgrade,Paris Saint-Germain,1.0,4.0,False
uefa.champions,2018-12-12T17:55:00Z,Real Madrid,CSKA Moscow,0.0,3.0,False
uefa.champions,2018-12-12T17:55:00Z,Viktoria Plzen,AS Roma,2.0,1.0,False
uefa.champions,2018-12-12T20:00:00Z,Ajax Amsterdam,Bayern Munich,3.0,3.0,False
uefa.champions,2018-12-12T20:00:00Z,Benfica,AEK Athens,1.0,0.0,False
uefa.champions,2018-12-12T20:00:00Z,Manchester City,TSG Hoffenheim,2.0,1.0,False
uefa.champions,2018-12-12T20:00:00Z,Shakhtar Donetsk,Lyon,1.0,1.0,False
uefa.champions,2018-12-12T20:00:00Z,Valencia,Manchester United,2.0,1.0,False
uefa.champions,2018-12-12T20:00:00Z,Young Boys,Juventus,2.0,1.0,False
uefa.europa,2018-12-13T17:55:00Z,Akhisar Belediyespor,Standard Liege,0.0,0.0,False
uefa.europa,2018-12-13T17:55:00Z,Besiktas,Malmö FF,0.0,1.0,False
uefa.europa,2018-12-13T17:55:00Z,Dynamo Kyiv,Jablonec,0.0,1.0,False
uefa.europa,2018-12-13T17:55:00Z,Fehérvár,Chelsea,2.0,2.0,False
uefa.europa,2018-12-13T17:55:00Z,Lazio,Eintracht Frankfurt,1.0,2.0,False
uefa.europa,2018-12-13T17:55:00Z,Marseille,Apollon Limassol,1.0,3.0,False
uefa.europa,2018-12-13T17:55:00Z,PAOK,BATE Borisov,1.0,3.0,False
uefa.europa,2018-12-13T17:55:00Z,Racing Genk,Sarpsborg FK,4.0,0.0,False
uefa.europa,2018-12-13T17:55:00Z,Rapid Vienna,Rangers,1.0,0.0,False
uefa.europa,2018-12-13T17:55:00Z,Sevilla,Krasnodar,3.0,0.0,False
uefa.europa,2018-12-13T17:55:00Z,Stade Rennais,FC Astana,2.0,0.0,False
uefa.europa,2018-12-13T17:55:00Z,Villarreal,Spartak Moscow,2.0,0.0,False
uefa.europa,2018-12-13T20:00:00Z,AEK Larnaca,Bayer Leverkusen,1.0,5.0,False
uefa.europa,2018-12-13T20:00:00Z,Arsenal,FK Qarabag,1.0,0.0,False
uefa.europa,2018-12-13T20:00:00Z,Celtic,RB Salzburg,1.0,2.0,False
uefa.europa,2018-12-13T20:00:00Z,Dinamo Zagreb,Anderlecht,0.0,0.0,False
uefa.europa,2018-12-13T20:00:00Z,F.C. København,Bordeaux,0.0,1.0,False
uefa.europa,2018-12-13T20:00:00Z,F91 Dudelange,Real Betis,0.0,0.0,False
uefa.europa,2018-12-13T20:00:00Z,FC Spartak Trnava,Fenerbahce,1.0,0.0,False
uefa.europa,2018-12-13T20:00:00Z,Ludogorets Razgrad,FC Zürich,1.0,1.0,False
uefa.europa,2018-12-13T20:00:00Z,Olympiacos,AC Milan,3.0,1.0,False
uefa.europa,2018-12-13T20:00:00Z,RB Leipzig,Rosenborg,1.0,1.0,False
uefa.europa,2018-12-13T20:00:00Z,Slavia Prague,Zenit St Petersburg,2.0,0.0,False
uefa.europa,2018-12-13T20:00:00Z,Sporting CP,Vorskla,3.0,0.0,False
caf.champions,2019-01-11T16:00:00Z,Horoya,Esperance Sportive de Tunis,1.0,1.0,False
caf.champions,2019-01-11T16:00:00Z,Lobi Stars,Mamelodi Sundowns,2.0,1.0,False
caf.champions,2019-01-11T19:00:00Z,Club Africain,CS Constantine,0.0,1.0,False
caf.champions,2019-01-11T19:00:00Z,Wydad AC,ASEC Mimosas,5.0,2.0,False
caf.champions,2019-01-12T13:00:00Z,Platinum,Orlando Pirates,0.0,0.0,False
caf.champions,2019-01-12T13:00:00Z,Simba SC,JS Saoura,3.0,0.0,False
caf.champions,2019-01-12T13:00:00Z,TP Mazembe,Ismaily,2.0,0.0,False
caf.champions,2019-01-12T19:00:00Z,Al Ahly,AS Vita Club,2.0,0.0,False
caf.champions,2019-01-18T13:00:00Z,Esperance Sportive de Tunis,Platinum,2.0,0.0,False
caf.champions,2019-01-18T16:00:00Z,Ismaily,Club Africain,1.0,2.0,False
caf.champions,2019-01-18T16:00:00Z,Orlando Pirates,Horoya,3.0,0.0,False
caf.champions,2019-01-18T19:00:00Z,JS Saoura,Al Ahly,1.0,1.0,False
caf.champions,2019-01-19T16:00:00Z,AS Vita Club,Simba SC,5.0,0.0,False
caf.champions,2019-01-19T16:00:00Z,ASEC Mimosas,Lobi Stars,1.0,0.0,False
caf.champions,2019-01-19T19:00:00Z,CS Constantine,TP Mazembe,3.0,0.0,False
caf.champions,2019-01-19T19:00:00Z,Mamelodi Sundowns,Wydad AC,2.0,1.0,False
caf.champions,2019-02-01T19:00:00Z,Mamelodi Sundowns,ASEC Mimosas,3.0,1.0,False
caf.champions,2019-02-02T13:00:00Z,Lobi Stars,Wydad AC,0.0,1.0,False
caf.champions,2019-02-02T13:00:00Z,Platinum,Horoya,0.0,1.0,False
caf.champions,2019-02-02T13:00:00Z,TP Mazembe,Club Africain,8.0,0.0,False
caf.champions,2019-02-02T16:00:00Z,AS Vita Club,JS Saoura,2.0,2.0,False
caf.champions,2019-02-02T19:00:00Z,Al Ahly,Simba SC,5.0,0.0,False
caf.champions,2019-02-02T19:00:00Z,Orlando Pirates,Esperance Sportive de Tunis,0.0,0.0,False
caf.confed,2019-02-03T13:00:00Z,Gor Mahia,Zamalek,4.0,2.0,False
caf.confed,2019-02-03T13:00:00Z,Otôho d'Oyo,RSB Berkane,1.0,1.0,False
caf.confed,2019-02-03T13:00:00Z,Rangers International,Salitas,2.0,0.0,False
caf.confed,2019-02-03T16:00:00Z,Al Hilal Omdurman,Asante Kotoko,1.0,0.0,False
caf.confed,2019-02-03T16:00:00Z,Etoile Sahel,Club Sportif Sfaxien,0.0,1.0,False
caf.confed,2019-02-03T16:00:00Z,Hassania Agadir,Raja Casablanca,1.0,1.0,False
caf.confed,2019-02-03T16:00:00Z,ZESCO United,Nkana,2.0,0.0,False
caf.confed,2019-02-03T19:00:00Z,NA Hussein Dey,Petro de Luanda,2.0,1.0,False
caf.champions,2019-02-12T13:00:00Z,Esperance Sportive de Tunis,Orlando Pirates,2.0,0.0,False
caf.champions,2019-02-12T13:00:00Z,Simba SC,Al Ahly,1.0,0.0,False
caf.champions,2019-02-12T16:00:00Z,ASEC Mimosas,Mamelodi Sundowns,0.0,0.0,False
caf.champions,2019-02-12T16:00:00Z,Club Africain,TP Mazembe,0.0,0.0,False
caf.champions,2019-02-12T16:00:00Z,Horoya,Platinum,2.0,0.0,False
uefa.europa,2019-02-12T17:55:00Z,Fenerbahce,Zenit St Petersburg,1.0,0.0,False
caf.champions,2019-02-12T19:00:00Z,JS Saoura,AS Vita Club,1.0,0.0,False
caf.champions,2019-02-12T19:00:00Z,Wydad AC,Lobi Stars,0.0,0.0,False
uefa.champions,2019-02-12T20:00:00Z,AS Roma,FC Porto,2.0,1.0,False
uefa.champions,2019-02-12T20:00:00Z,Manchester United,Paris Saint-Germain,0.0,2.0,False
caf.confed,2019-02-13T13:00:00Z,Nkana,Al Hilal Omdurman,2.0,1.0,False
caf.confed,2019-02-13T16:00:00Z,Asante Kotoko,ZESCO United,2.0,1.0,False
caf.confed,2019-02-13T16:00:00Z,Petro de Luanda,Gor Mahia,2.0,1.0,False
caf.confed,2019-02-13T16:00:00Z,Raja Casablanca,Otôho d'Oyo,0.0,0.0,False
caf.confed,2019-02-13T16:00:00Z,Salitas,Etoile Sahel,0.0,0.0,False
caf.confed,2019-02-13T19:00:00Z,Club Sportif Sfaxien,Rangers International,1.0,1.0,False
caf.confed,2019-02-13T19:00:00Z,RSB Berkane,Hassania Agadir,2.0,1.0,False
caf.confed,2019-02-13T19:00:00Z,Zamalek,NA Hussein Dey,1.0,1.0,False
uefa.champions,2019-02-13T20:00:00Z,Ajax Amsterdam,Real Madrid,1.0,2.0,False
uefa.champions,2019-02-13T20:00:00Z,Tottenham Hotspur,Borussia Dortmund,3.0,0.0,False
uefa.europa,2019-02-14T17:55:00Z,BATE Borisov,Arsenal,1.0,0.0,False
uefa.europa,2019-02-14T17:55:00Z,Galatasaray,Benfica,1.0,2.0,False
uefa.europa,2019-02-14T17:55:00Z,Krasnodar,Bayer Leverkusen,0.0,0.0,False
uefa.europa,2019-02-14T17:55:00Z,Lazio,Sevilla,0.0,1.0,False
uefa.europa,2019-02-14T17:55:00Z,Olympiacos,Dynamo Kyiv,2.0,2.0,False
uefa.europa,2019-02-14T17:55:00Z,Rapid Vienna,Internazionale,0.0,1.0,False
uefa.europa,2019-02-14T17:55:00Z,Slavia Prague,Racing Genk,0.0,0.0,False
uefa.europa,2019-02-14T17:55:00Z,Stade Rennais,Real Betis,3.0,3.0,False
uefa.europa,2019-02-14T20:00:00Z,Celtic,Valencia,0.0,2.0,False
uefa.europa,2019-02-14T20:00:00Z,Club Brugge,RB Salzburg,2.0,1.0,False
uefa.europa,2019-02-14T20:00:00Z,FC Zürich,Napoli,1.0,3.0,False
uefa.europa,2019-02-14T20:00:00Z,Malmö FF,Chelsea,1.0,2.0,False
uefa.europa,2019-02-14T20:00:00Z,Shakhtar Donetsk,Eintracht Frankfurt,2.0,2.0,False
uefa.europa,2019-02-14T20:00:00Z,Sporting CP,Villarreal,0.0,1.0,False
uefa.europa,2019-02-14T20:00:00Z,Viktoria Plzen,Dinamo Zagreb,2.0,1.0,False
uefa.champions,2019-02-19T20:00:00Z,Liverpool,Bayern Munich,0.0,0.0,False
uefa.champions,2019-02-19T20:00:00Z,Lyon,Barcelona,0.0,0.0,False
concacaf.champions,2019-02-20T01:00:00Z,Independiente de la Chorrera,Toronto FC,4.0,0.0,False
concacaf.champions,2019-02-20T01:00:00Z,Saprissa,Tigres UANL,1.0,0.0,False
concacaf.champions,2019-02-20T03:00:00Z,CD Guastatoya,Houston Dynamo FC,0.0,1.0,False
uefa.europa,2019-02-20T17:00:00Z,Sevilla,Lazio,2.0,0.0,False
uefa.champions,2019-02-20T20:00:00Z,Atlético Madrid,Juventus,2.0,0.0,False
uefa.champions,2019-02-20T20:00:00Z,Schalke 04,Manchester City,2.0,3.0,False
concacaf.champions,2019-02-21T01:00:00Z,Atlético Pantoja,Red Bull New York,0.0,2.0,False
concacaf.champions,2019-02-21T01:00:00Z,Club Deportivo Marathón,Santos,2.0,6.0,False
concacaf.champions,2019-02-21T03:00:00Z,Alianza FC,Monterrey,0.0,0.0,False
uefa.europa,2019-02-21T17:55:00Z,Arsenal,BATE Borisov,3.0,0.0,False
uefa.europa,2019-02-21T17:55:00Z,Dinamo Zagreb,Viktoria Plzen,3.0,0.0,False
uefa.europa,2019-02-21T17:55:00Z,Eintracht Frankfurt,Shakhtar Donetsk,4.0,1.0,False
uefa.europa,2019-02-21T17:55:00Z,Napoli,FC Zürich,2.0,0.0,False
uefa.europa,2019-02-21T17:55:00Z,RB Salzburg,Club Brugge,4.0,0.0,False
uefa.europa,2019-02-21T17:55:00Z,Valencia,Celtic,1.0,0.0,False
uefa.europa,2019-02-21T17:55:00Z,Villarreal,Sporting CP,1.0,1.0,False
uefa.europa,2019-02-21T17:55:00Z,Zenit St Petersburg,Fenerbahce,3.0,1.0,False
uefa.europa,2019-02-21T20:00:00Z,Bayer Leverkusen,Krasnodar,1.0,1.0,False
uefa.europa,2019-02-21T20:00:00Z,Benfica,Galatasaray,0.0,0.0,False
uefa.europa,2019-02-21T20:00:00Z,Chelsea,Malmö FF,3.0,0.0,False
uefa.europa,2019-02-21T20:00:00Z,Dynamo Kyiv,Olympiacos,1.0,0.0,False
uefa.europa,2019-02-21T20:00:00Z,Internazionale,Rapid Vienna,4.0,0.0,False
uefa.europa,2019-02-21T20:00:00Z,Racing Genk,Slavia Prague,1.0,4.0,False
uefa.europa,2019-02-21T20:00:00Z,Real Betis,Stade Rennais,1.0,3.0,False
concacaf.champions,2019-02-22T01:00:00Z,Sporting Kansas City,Toluca,3.0,0.0,False
concacaf.champions,2019-02-22T03:00:00Z,Herediano,Atlanta United FC,3.0,1.0,False
caf.champions,2019-02-23T16:00:00Z,Ismaily,CS Constantine,1.0,1.0,False
caf.confed,2019-02-24T13:00:00Z,Gor Mahia,NA Hussein Dey,2.0,0.0,False
caf.confed,2019-02-24T13:00:00Z,Nkana,Asante Kotoko,3.0,1.0,False
caf.confed,2019-02-24T16:00:00Z,Club Sportif Sfaxien,Salitas,0.0,0.0,False
caf.confed,2019-02-24T16:00:00Z,Raja Casablanca,RSB Berkane,2.0,4.0,False
caf.confed,2019-02-24T16:00:00Z,ZESCO United,Al Hilal Omdurman,1.0,1.0,False
caf.confed,2019-02-24T19:00:00Z,Etoile Sahel,Rangers International,2.0,1.0,False
caf.confed,2019-02-24T19:00:00Z,Hassania Agadir,Otôho d'Oyo,2.0,1.0,False
caf.confed,2019-02-24T19:00:00Z,Zamalek,Petro de Luanda,1.0,1.0,False
concacaf.champions,2019-02-27T01:00:00Z,Houston Dynamo FC,CD Guastatoya,2.0,1.0,False
concacaf.champions,2019-02-27T01:00:00Z,Toronto FC,Independiente de la Chorrera,1.0,1.0,False
concacaf.champions,2019-02-27T03:00:00Z,Tigres UANL,Saprissa,5.0,1.0,False
concacaf.champions,2019-02-28T01:00:00Z,Red Bull New York,Atlético Pantoja,3.0,0.0,False
concacaf.champions,2019-02-28T01:00:00Z,Santos,Club Deportivo Marathón,5.0,0.0,False
concacaf.champions,2019-02-28T03:00:00Z,Monterrey,Alianza FC,1.0,0.0,False
concacaf.champions,2019-03-01T01:00:00Z,Atlanta United FC,Herediano,4.0,0.0,False
concacaf.champions,2019-03-01T03:00:00Z,Toluca,Sporting Kansas City,0.0,2.0,False
caf.champions,2019-03-02T16:00:00Z,CS Constantine,Ismaily,3.0,2.0,False
caf.confed,2019-03-03T13:00:00Z,Otôho d'Oyo,Hassania Agadir,1.0,0.0,False
caf.confed,2019-03-03T13:00:00Z,Rangers International,Etoile Sahel,0.0,2.0,False
caf.confed,2019-03-03T16:00:00Z,Al Hilal Omdurman,ZESCO United,3.0,1.0,False
caf.confed,2019-03-03T16:00:00Z,Asante Kotoko,Nkana,3.0,0.0,False
caf.confed,2019-03-03T16:00:00Z,Petro de Luanda,Zamalek,0.0,1.0,False
caf.confed,2019-03-03T16:00:00Z,Salitas,Club Sportif Sfaxien,0.0,0.0,False
caf.confed,2019-03-03T19:00:00Z,NA Hussein Dey,Gor Mahia,1.0,0.0,False
caf.confed,2019-03-03T19:00:00Z,RSB Berkane,Raja Casablanca,0.0,0.0,False
uefa.champions,2019-03-05T20:00:00Z,Borussia Dortmund,Tottenham Hotspur,0.0,1.0,False
uefa.champions,2019-03-05T20:00:00Z,Real Madrid,Ajax Amsterdam,1.0,4.0,False
concacaf.champions,2019-03-06T01:00:00Z,Red Bull New York,Santos,0.0,2.0,False
concacaf.champions,2019-03-06T03:00:00Z,Houston Dynamo FC,Tigres UANL,0.0,2.0,False
uefa.champions,2019-03-06T20:00:00Z,FC Porto,AS Roma,3.0,1.0,False
uefa.champions,2019-03-06T20:00:00Z,Paris Saint-Germain,Manchester United,1.0,3.0,False
concacaf.champions,2019-03-07T01:00:00Z,Independiente de la Chorrera,Sporting Kansas City,2.0,1.0,False
concacaf.champions,2019-03-07T03:00:00Z,Monterrey,Atlanta United FC,3.0,0.0,False
uefa.europa,2019-03-07T17:55:00Z,Dinamo Zagreb,Benfica,1.0,0.0,False
uefa.europa,2019-03-07T17:55:00Z,Eintracht Frankfurt,Internazionale,0.0,0.0,False
uefa.europa,2019-03-07T17:55:00Z,Sevilla,Slavia Prague,2.0,2.0,False
uefa.europa,2019-03-07T17:55:00Z,Stade Rennais,Arsenal,3.0,1.0,False
uefa.europa,2019-03-07T17:55:00Z,Zenit St Petersburg,Villarreal,1.0,3.0,False
uefa.europa,2019-03-07T20:00:00Z,Chelsea,Dynamo Kyiv,3.0,0.0,False
uefa.europa,2019-03-07T20:00:00Z,Napoli,RB Salzburg,3.0,0.0,False
uefa.europa,2019-03-07T20:00:00Z,Valencia,Krasnodar,2.0,1.0,False
caf.champions,2019-03-08T16:00:00Z,CS Constantine,Club Africain,0.0,1.0,False
caf.champions,2019-03-08T16:00:00Z,Ismaily,TP Mazembe,1.0,1.0,False
caf.champions,2019-03-08T19:00:00Z,Esperance Sportive de Tunis,Horoya,2.0,0.0,False
caf.champions,2019-03-08T19:00:00Z,Orlando Pirates,Platinum,2.0,2.0,False
caf.champions,2019-03-09T16:00:00Z,AS Vita Club,Al Ahly,1.0,0.0,False
caf.champions,2019-03-09T16:00:00Z,ASEC Mimosas,Wydad AC,2.0,0.0,False
caf.champions,2019-03-09T19:00:00Z,JS Saoura,Simba SC,2.0,0.0,False
caf.champions,2019-03-09T19:00:00Z,Mamelodi Sundowns,Lobi Stars,3.0,0.0,False
caf.confed,2019-03-10T13:00:00Z,Nkana,ZESCO United,3.0,0.0,False
caf.confed,2019-03-10T13:00:00Z,Petro de Luanda,NA Hussein Dey,2.0,0.0,False
caf.confed,2019-03-10T16:00:00Z,Asante Kotoko,Al Hilal Omdurman,1.0,1.0,False
caf.confed,2019-03-10T16:00:00Z,Club Sportif Sfaxien,Etoile Sahel,2.0,1.0,False
caf.confed,2019-03-10T16:00:00Z,Raja Casablanca,Hassania Agadir,0.0,0.0,False
caf.confed,2019-03-10T16:00:00Z,Salitas,Rangers International,1.0,1.0,False
caf.confed,2019-03-10T19:00:00Z,RSB Berkane,Otôho d'Oyo,3.0,0.0,False
caf.confed,2019-03-10T19:00:00Z,Zamalek,Gor Mahia,4.0,0.0,False
uefa.champions,2019-03-12T20:00:00Z,Juventus,Atlético Madrid,3.0,0.0,False
uefa.champions,2019-03-12T20:00:00Z,Manchester City,Schalke 04,7.0,0.0,False
concacaf.champions,2019-03-13T01:00:00Z,Santos,Red Bull New York,4.0,2.0,False
concacaf.champions,2019-03-13T03:00:00Z,Tigres UANL,Houston Dynamo FC,1.0,0.0,False
uefa.champions,2019-03-13T20:00:00Z,Barcelona,Lyon,5.0,1.0,False
uefa.champions,2019-03-13T20:00:00Z,Bayern Munich,Liverpool,1.0,3.0,False
concacaf.champions,2019-03-14T00:00:00Z,Atlanta United FC,Monterrey,1.0,0.0,False
uefa.europa,2019-03-14T17:55:00Z,Dynamo Kyiv,Chelsea,0.0,5.0,False
uefa.europa,2019-03-14T17:55:00Z,Krasnodar,Valencia,1.0,1.0,False
uefa.europa,2019-03-14T17:55:00Z,RB Salzburg,Napoli,3.0,1.0,False
uefa.europa,2019-03-14T20:00:00Z,Arsenal,Stade Rennais,3.0,0.0,False
uefa.europa,2019-03-14T20:00:00Z,Benfica,Dinamo Zagreb,3.0,0.0,False
uefa.europa,2019-03-14T20:00:00Z,Internazionale,Eintracht Frankfurt,0.0,1.0,False
uefa.europa,2019-03-14T20:00:00Z,Slavia Prague,Sevilla,4.0,3.0,False
uefa.europa,2019-03-14T20:00:00Z,Villarreal,Zenit St Petersburg,2.0,1.0,False
concacaf.champions,2019-03-15T00:00:00Z,Sporting Kansas City,Independiente de la Chorrera,3.0,0.0,False
caf.champions,2019-03-16T13:00:00Z,Club Africain,Ismaily,1.0,0.0,False
caf.champions,2019-03-16T13:00:00Z,Platinum,Esperance Sportive de Tunis,1.0,2.0,False
caf.champions,2019-03-16T13:00:00Z,TP Mazembe,CS Constantine,2.0,0.0,False
caf.champions,2019-03-16T16:00:00Z,Al Ahly,JS Saoura,3.0,0.0,False
caf.champions,2019-03-16T16:00:00Z,Horoya,Orlando Pirates,2.0,1.0,False
caf.champions,2019-03-16T16:00:00Z,Lobi Stars,ASEC Mimosas,2.0,0.0,False
caf.champions,2019-03-16T16:00:00Z,Simba SC,AS Vita Club,2.0,1.0,False
caf.champions,2019-03-16T16:00:00Z,Wydad AC,Mamelodi Sundowns,1.0,0.0,False
caf.confed,2019-03-17T13:00:00Z,Etoile Sahel,Salitas,1.0,0.0,False
caf.confed,2019-03-17T13:00:00Z,Hassania Agadir,RSB Berkane,1.0,0.0,False
caf.confed,2019-03-17T13:00:00Z,Otôho d'Oyo,Raja Casablanca,1.0,4.0,False
caf.confed,2019-03-17T13:00:00Z,Rangers International,Club Sportif Sfaxien,0.0,1.0,False
caf.confed,2019-03-17T16:00:00Z,Al Hilal Omdurman,Nkana,4.0,1.0,False
caf.confed,2019-03-17T16:00:00Z,Gor Mahia,Petro de Luanda,1.0,0.0,False
caf.confed,2019-03-17T16:00:00Z,NA Hussein Dey,Zamalek,0.0,0.0,False
caf.confed,2019-03-17T16:00:00Z,ZESCO United,Asante Kotoko,2.0,1.0,False
concacaf.champions,2019-04-04T02:00:00Z,Tigres UANL,Santos,3.0,0.0,False
concacaf.champions,2019-04-05T02:00:00Z,Monterrey,Sporting Kansas City,5.0,0.0,False
caf.champions,2019-04-06T13:00:00Z,Mamelodi Sundowns,Al Ahly,5.0,0.0,False
caf.champions,2019-04-06T13:00:00Z,Simba SC,TP Mazembe,0.0,0.0,False
caf.champions,2019-04-06T16:00:00Z,Horoya,Wydad AC,0.0,0.0,False
caf.champions,2019-04-06T19:00:00Z,CS Constantine,Esperance Sportive de Tunis,2.0,3.0,False
caf.confed,2019-04-07T13:00:00Z,Gor Mahia,RSB Berkane,0.0,2.0,False
caf.confed,2019-04-07T13:00:00Z,Nkana,Club Sportif Sfaxien,2.0,1.0,False
caf.confed,2019-04-07T16:00:00Z,Etoile Sahel,Al Hilal Omdurman,3.0,1.0,False
caf.confed,2019-04-07T19:00:00Z,Hassania Agadir,Zamalek,0.0,0.0,False
uefa.champions,2019-04-09T19:00:00Z,Liverpool,FC Porto,2.0,0.0,False
uefa.champions,2019-04-09T19:00:00Z,Tottenham Hotspur,Manchester City,1.0,0.0,False
uefa.champions,2019-04-10T19:00:00Z,Ajax Amsterdam,Juventus,1.0,1.0,False
uefa.champions,2019-04-10T19:00:00Z,Manchester United,Barcelona,0.0,1.0,False
concacaf.champions,2019-04-11T00:00:00Z,Santos,Tigres UANL,3.0,2.0,False
uefa.europa,2019-04-11T19:00:00Z,Arsenal,Napoli,2.0,0.0,False
uefa.europa,2019-04-11T19:00:00Z,Benfica,Eintracht Frankfurt,4.0,2.0,False
uefa.europa,2019-04-11T19:00:00Z,Slavia Prague,Chelsea,0.0,1.0,False
uefa.europa,2019-04-11T19:00:00Z,Villarreal,Valencia,1.0,3.0,False
concacaf.champions,2019-04-12T01:00:00Z,Sporting Kansas City,Monterrey,2.0,5.0,False
caf.champions,2019-04-13T13:00:00Z,TP Mazembe,Simba SC,4.0,1.0,False
caf.champions,2019-04-13T16:00:00Z,Al Ahly,Mamelodi Sundowns,1.0,0.0,False
caf.champions,2019-04-13T19:00:00Z,Esperance Sportive de Tunis,CS Constantine,3.0,1.0,False
caf.champions,2019-04-13T19:00:00Z,Wydad AC,Horoya,5.0,0.0,False
caf.confed,2019-04-14T16:00:00Z,Club Sportif Sfaxien,Nkana,2.0,0.0,False
caf.confed,2019-04-14T19:00:00Z,RSB Berkane,Gor Mahia,5.0,1.0,False
caf.confed,2019-04-14T19:00:00Z,Zamalek,Hassania Agadir,1.0,0.0,False
uefa.champions,2019-04-16T19:00:00Z,Barcelona,Manchester United,3.0,0.0,False
uefa.champions,2019-04-16T19:00:00Z,Juventus,Ajax Amsterdam,1.0,2.0,False
uefa.champions,2019-04-17T19:00:00Z,FC Porto,Liverpool,1.0,4.0,False
uefa.champions,2019-04-17T19:00:00Z,Manchester City,Tottenham Hotspur,4.0,3.0,False
uefa.europa,2019-04-18T19:00:00Z,Chelsea,Slavia Prague,4.0,3.0,False
uefa.europa,2019-04-18T19:00:00Z,Eintracht Frankfurt,Benfica,2.0,0.0,False
uefa.europa,2019-04-18T19:00:00Z,Napoli,Arsenal,0.0,1.0,False
uefa.europa,2019-04-18T19:00:00Z,Valencia,Villarreal,2.0,0.0,False
caf.confed,2019-04-23T16:00:00Z,Al Hilal Omdurman,Etoile Sahel,1.0,2.0,False
concacaf.champions,2019-04-24T02:00:00Z,Tigres UANL,Monterrey,0.0,1.0,False
caf.champions,2019-04-26T19:00:00Z,Wydad AC,Mamelodi Sundowns,2.0,1.0,False
caf.champions,2019-04-27T16:00:00Z,Esperance Sportive de Tunis,TP Mazembe,1.0,0.0,False
caf.confed,2019-04-28T16:00:00Z,Club Sportif Sfaxien,RSB Berkane,2.0,0.0,False
caf.confed,2019-04-28T19:00:00Z,Zamalek,Etoile Sahel,1.0,0.0,False
uefa.champions,2019-04-30T19:00:00Z,Tottenham Hotspur,Ajax Amsterdam,0.0,1.0,False
uefa.champions,2019-05-01T19:00:00Z,Barcelona,Liverpool,3.0,0.0,False
concacaf.champions,2019-05-02T02:00:00Z,Monterrey,Tigres UANL,1.0,1.0,False
uefa.europa,2019-05-02T19:00:00Z,Arsenal,Valencia,3.0,1.0,False
uefa.europa,2019-05-02T19:00:00Z,Eintracht Frankfurt,Chelsea,1.0,1.0,False
caf.champions,2019-05-04T13:00:00Z,Mamelodi Sundowns,Wydad AC,0.0,0.0,False
caf.champions,2019-05-04T13:00:00Z,TP Mazembe,Esperance Sportive de Tunis,0.0,0.0,False
caf.confed,2019-05-05T16:00:00Z,RSB Berkane,Club Sportif Sfaxien,3.0,0.0,False
caf.confed,2019-05-05T19:00:00Z,Etoile Sahel,Zamalek,0.0,0.0,False
uefa.champions,2019-05-07T19:00:00Z,Liverpool,Barcelona,4.0,0.0,False
uefa.champions,2019-05-08T19:00:00Z,Ajax Amsterdam,Tottenham Hotspur,2.0,3.0,False
uefa.europa,2019-05-09T19:00:00Z,Chelsea,Eintracht Frankfurt,1.0,1.0,False
uefa.europa,2019-05-09T19:00:00Z,Valencia,Arsenal,2.0,4.0,False
caf.confed,2019-05-19T22:00:00Z,RSB Berkane,Zamalek,1.0,0.0,False
caf.champions,2019-05-24T22:00:00Z,Wydad AC,Esperance Sportive de Tunis,1.0,1.0,False
caf.confed,2019-05-26T20:00:00Z,Zamalek,RSB Berkane,1.0,0.0,False
uefa.europa,2019-05-29T19:00:00Z,Chelsea,Arsenal,4.0,1.0,False
caf.champions,2019-05-31T21:00:00Z,Esperance Sportive de Tunis,Wydad AC,1.0,0.0,False
uefa.champions,2019-06-01T19:00:00Z,Tottenham Hotspur,Liverpool,0.0,2.0,False
uefa.champions,2019-06-25T13:00:00Z,Tre Penne,Santa Coloma,0.0,1.0,False
uefa.champions,2019-06-25T18:45:00Z,Feronikeli,Lincoln Red Imps,1.0,0.0,False
uefa.europa,2019-06-27T17:30:00Z,Barry Town,Cliftonville,0.0,0.0,False
uefa.europa,2019-06-27T17:30:00Z,Progres Niederkorn,Cardiff MU,1.0,0.0,False
uefa.europa,2019-06-27T18:00:00Z,KI Klaksvik,Tre Fiori,5.0,1.0,False
uefa.europa,2019-06-27T18:00:00Z,UE Sant Julia,Europa FC,3.0,2.0,False
uefa.europa,2019-06-27T18:45:00Z,Ballymena,NSI Runavik,2.0,0.0,False
uefa.europa,2019-06-27T18:45:00Z,Fiorita,UE Engordany,0.0,1.0,False
uefa.europa,2019-06-27T18:45:00Z,Prishtina,St. Joseph's,1.0,1.0,False
uefa.champions,2019-06-28T18:45:00Z,Feronikeli,Santa Coloma,2.0,1.0,False
uefa.europa,2019-07-02T15:45:00Z,St. Joseph's,Prishtina,2.0,0.0,False
uefa.europa,2019-07-04T17:30:00Z,Cardiff MU,Progres Niederkorn,2.0,1.0,False
uefa.europa,2019-07-04T17:30:00Z,UE Engordany,Fiorita,2.0,1.0,False
uefa.europa,2019-07-04T18:00:00Z,NSI Runavik,Ballymena,0.0,0.0,False
uefa.europa,2019-07-04T18:30:00Z,Europa FC,UE Sant Julia,4.0,0.0,False
uefa.europa,2019-07-04T18:45:00Z,Cliftonville,Barry Town,4.0,0.0,False
uefa.europa,2019-07-04T18:45:00Z,Tre Fiori,KI Klaksvik,0.0,4.0,False
uefa.champions,2019-07-09T13:00:00Z,FC Astana,CFR Cluj-Napoca,1.0,0.0,False
uefa.champions,2019-07-09T14:00:00Z,Ararat-Armenia,AIK,2.0,1.0,False
uefa.europa,2019-07-09T15:55:00Z,St. Joseph's,Rangers,0.0,4.0,False
uefa.champions,2019-07-09T16:00:00Z,HJK Helsinki,HB Torshavn,3.0,0.0,False
uefa.champions,2019-07-09T16:00:00Z,Nomme Kalju,KF Shkëndija,0.0,1.0,False
uefa.europa,2019-07-09T16:00:00Z,Gzira United,Hajduk Split,0.0,2.0,False
uefa.europa,2019-07-09T17:30:00Z,CSKA Sofia,Mladost Pogorica,4.0,0.0,False
uefa.champions,2019-07-09T17:45:00Z,FK Sarajevo,Celtic,1.0,3.0,False
uefa.champions,2019-07-09T18:00:00Z,F91 Dudelange,Valletta,2.0,2.0,False
uefa.champions,2019-07-09T18:00:00Z,FK Suduva,Red Star Belgrade,0.0,0.0,False
uefa.champions,2019-07-09T18:00:00Z,The New Saints,Feronikeli,2.0,2.0,False
uefa.champions,2019-07-10T15:30:00Z,Partizani Tirana,FK Qarabag,0.0,0.0,False
uefa.europa,2019-07-10T15:55:00Z,Jeunesse Esch,Tobol Kostanay,0.0,0.0,False
uefa.champions,2019-07-10T17:00:00Z,BATE Borisov,Piast Gliwice,1.0,1.0,False
uefa.champions,2019-07-10T17:00:00Z,Sheriff Tiraspol,Iberia 1999,0.0,3.0,False
uefa.champions,2019-07-10T18:00:00Z,Ferencvaros,Ludogorets Razgrad,2.0,1.0,False
uefa.champions,2019-07-10T18:15:00Z,Slovan Bratislava,FK Sutjeska,1.0,1.0,False
uefa.champions,2019-07-10T18:45:00Z,Dundalk,Riga FC,0.0,0.0,False
uefa.champions,2019-07-10T18:45:00Z,Linfield,Rosenborg,0.0,2.0,False
uefa.champions,2019-07-10T20:00:00Z,Valur Reykjavik,NK Maribor,0.0,3.0,False
uefa.europa,2019-07-11T13:30:00Z,Pyunik,Shkupi,3.0,3.0,False
uefa.europa,2019-07-11T14:00:00Z,Ordabasy Shymkent,Torpedo Kutaisi,1.0,0.0,False
uefa.europa,2019-07-11T14:45:00Z,FK Ventspils,KS Teuta,3.0,0.0,False
uefa.europa,2019-07-11T15:00:00Z,Alashkert FC,FK Makedonija,3.0,1.0,False
uefa.europa,2019-07-11T15:30:00Z,AEK Larnaca,Petrocub,1.0,0.0,False
uefa.europa,2019-07-11T15:30:00Z,JK Narva Trans,Buducnost Podgorica,0.0,2.0,False
uefa.europa,2019-07-11T15:30:00Z,KF Laci,Hapoel Be'er,1.0,1.0,False
uefa.europa,2019-07-11T16:00:00Z,Flora,Radnicki Nis,2.0,0.0,False
uefa.europa,2019-07-11T16:00:00Z,KuPS Kuopio,FC Vitebsk,2.0,0.0,False
uefa.europa,2019-07-11T16:00:00Z,Sabail,CSU Craiova,2.0,3.0,False
uefa.europa,2019-07-11T16:30:00Z,Balzan FC,NK Domzale,3.0,4.0,False
uefa.europa,2019-07-11T16:30:00Z,MFK Ruzomberok,Levski Sofia,0.0,2.0,False
uefa.europa,2019-07-11T16:30:00Z,Trakai,KI Klaksvik,1.0,1.0,False
uefa.europa,2019-07-11T17:00:00Z,Akademija Pandev,Zrinjski Mostar,0.0,3.0,False
uefa.europa,2019-07-11T17:00:00Z,Brøndby IF,FC Inter Turku,4.0,1.0,False
uefa.europa,2019-07-11T17:00:00Z,Crusaders,B36 Torshavn,2.0,0.0,False
uefa.europa,2019-07-11T17:00:00Z,Debrecen,FK Kukesi,3.0,0.0,False
uefa.europa,2019-07-11T17:00:00Z,Dinamo Tbilisi,UE Engordany,6.0,0.0,False
uefa.europa,2019-07-11T17:00:00Z,FK Liepaja,Dinamo Minsk,1.0,1.0,False
uefa.europa,2019-07-11T17:00:00Z,Kauno Zalgiris,Apollon Limassol,0.0,2.0,False
uefa.europa,2019-07-11T17:00:00Z,Maccabi Haifa,NS Mura,2.0,0.0,False
uefa.europa,2019-07-11T17:00:00Z,Malmö FF,Ballymena,7.0,0.0,False
uefa.europa,2019-07-11T17:00:00Z,Molde,KR Reykjavik,7.0,1.0,False
uefa.europa,2019-07-11T17:00:00Z,Radnik Bijeljina,FC Spartak Trnava,2.0,0.0,False
uefa.europa,2019-07-11T17:00:00Z,SK Brann,Shamrock Rovers,2.0,2.0,False
uefa.europa,2019-07-11T17:00:00Z,Shakhter Soligorsk,Hibernians,1.0,0.0,False
uefa.europa,2019-07-11T17:00:00Z,Speranta Nisporeni,Neftchi,0.0,3.0,False
uefa.europa,2019-07-11T17:30:00Z,CS Fola Esch,Chikhura Sachkhere,1.0,2.0,False
uefa.europa,2019-07-11T18:00:00Z,Connah's Quay,Kilmarnock,1.0,2.0,False
uefa.europa,2019-07-11T18:00:00Z,Olimpija Ljubljana,Rigas Futbola Skola,2.0,3.0,False
uefa.europa,2019-07-11T18:30:00Z,Cukaricki Belgrade,FC Urartu,3.0,0.0,False
uefa.europa,2019-07-11T18:30:00Z,Dunajska Streda,Cracovia,1.0,1.0,False
uefa.europa,2019-07-11T18:30:00Z,Europa FC,Legia Warsaw,0.0,0.0,False
uefa.europa,2019-07-11T18:30:00Z,FCSB,FC Milsami,2.0,0.0,False
uefa.europa,2019-07-11T18:30:00Z,FK Zeta,Fehérvár,1.0,5.0,False
uefa.europa,2019-07-11T18:45:00Z,Aberdeen,RoPS,2.0,1.0,False
uefa.europa,2019-07-11T18:45:00Z,Cliftonville,Haugesund,0.0,1.0,False
uefa.europa,2019-07-11T18:45:00Z,Cork,Progres Niederkorn,0.0,2.0,False
uefa.europa,2019-07-11T18:45:00Z,St Patrick's Athletic,IFK Norrköping,0.0,2.0,False
uefa.europa,2019-07-11T19:00:00Z,Honvéd,Zalgiris Vilnius,3.0,1.0,False
uefa.europa,2019-07-11T19:00:00Z,Siroki Brijeg,Kairat Almaty,1.0,2.0,False
uefa.europa,2019-07-11T20:00:00Z,Breidablik,FC Vaduz,0.0,0.0,False
uefa.europa,2019-07-11T20:00:00Z,Stjarnan,FC Levadia Tallinn,2.0,1.0,False
uefa.champions,2019-07-16T15:00:00Z,KF Shkëndija,Nomme Kalju,1.0,2.0,False
uefa.europa,2019-07-16T15:00:00Z,FC Urartu,Cukaricki Belgrade,0.0,5.0,False
uefa.europa,2019-07-16T17:00:00Z,KI Klaksvik,Trakai,0.0,0.0,False
uefa.champions,2019-07-16T17:30:00Z,Iberia 1999,Sheriff Tiraspol,1.0,3.0,False
uefa.champions,2019-07-16T18:00:00Z,HB Torshavn,HJK Helsinki,2.0,2.0,False
uefa.champions,2019-07-16T18:00:00Z,Valletta,F91 Dudelange,1.0,1.0,False
uefa.europa,2019-07-16T18:30:00Z,Mladost Pogorica,CSKA Sofia,0.0,0.0,False
uefa.champions,2019-07-16T18:45:00Z,Feronikeli,The New Saints,0.0,1.0,False
uefa.champions,2019-07-16T18:45:00Z,Red Star Belgrade,FK Suduva,2.0,1.0,False
uefa.europa,2019-07-17T16:00:00Z,Chikhura Sachkhere,CS Fola Esch,2.0,1.0,False
uefa.champions,2019-07-17T16:30:00Z,Riga FC,Dundalk,0.0,0.0,False
uefa.champions,2019-07-17T17:00:00Z,AIK,Ararat-Armenia,3.0,1.0,False
uefa.champions,2019-07-17T17:00:00Z,FK Qarabag,Partizani Tirana,2.0,0.0,False
uefa.champions,2019-07-17T17:00:00Z,Rosenborg,Linfield,4.0,0.0,False
uefa.champions,2019-07-17T17:30:00Z,Ludogorets Razgrad,Ferencvaros,2.0,3.0,False
uefa.champions,2019-07-17T18:00:00Z,CFR Cluj-Napoca,FC Astana,3.0,1.0,False
uefa.champions,2019-07-17T18:00:00Z,Piast Gliwice,BATE Borisov,1.0,2.0,False
uefa.champions,2019-07-17T18:15:00Z,FK Sutjeska,Slovan Bratislava,1.0,1.0,False
uefa.champions,2019-07-17T18:15:00Z,NK Maribor,Valur Reykjavik,2.0,0.0,False
uefa.champions,2019-07-17T18:45:00Z,Celtic,FK Sarajevo,2.0,1.0,False
uefa.europa,2019-07-18T12:00:00Z,Tobol Kostanay,Jeunesse Esch,1.0,1.0,False
uefa.europa,2019-07-18T14:30:00Z,FK Makedonija,Alashkert FC,0.0,3.0,False
uefa.europa,2019-07-18T14:30:00Z,Kairat Almaty,Siroki Brijeg,2.0,1.0,False
uefa.europa,2019-07-18T15:00:00Z,KS Teuta,FK Ventspils,1.0,0.0,False
uefa.europa,2019-07-18T15:30:00Z,FC Inter Turku,Brøndby IF,2.0,0.0,False
uefa.europa,2019-07-18T16:00:00Z,CSU Craiova,Sabail,3.0,2.0,False
uefa.europa,2019-07-18T16:00:00Z,FC Levadia Tallinn,Stjarnan,3.0,2.0,False
uefa.europa,2019-07-18T16:00:00Z,Rigas Futbola Skola,Olimpija Ljubljana,0.0,2.0,False
uefa.europa,2019-07-18T16:00:00Z,RoPS,Aberdeen,1.0,2.0,False
uefa.europa,2019-07-18T16:30:00Z,Dinamo Minsk,FK Liepaja,1.0,2.0,False
uefa.europa,2019-07-18T16:30:00Z,Levski Sofia,MFK Ruzomberok,2.0,0.0,False
uefa.europa,2019-07-18T17:00:00Z,Apollon Limassol,Kauno Zalgiris,4.0,0.0,False
uefa.europa,2019-07-18T17:00:00Z,Cracovia,Dunajska Streda,2.0,2.0,False
uefa.europa,2019-07-18T17:00:00Z,FC Milsami,FCSB,1.0,2.0,False
uefa.europa,2019-07-18T17:00:00Z,FC Vaduz,Breidablik,2.0,1.0,False
uefa.europa,2019-07-18T17:00:00Z,Haugesund,Cliftonville,5.0,1.0,False
uefa.europa,2019-07-18T17:00:00Z,Neftchi,Speranta Nisporeni,6.0,0.0,False
uefa.europa,2019-07-18T17:00:00Z,Petrocub,AEK Larnaca,0.0,1.0,False
uefa.europa,2019-07-18T17:00:00Z,Torpedo Kutaisi,Ordabasy Shymkent,0.0,2.0,False
uefa.europa,2019-07-18T17:00:00Z,Zalgiris Vilnius,Honvéd,1.0,1.0,False
uefa.europa,2019-07-18T17:00:00Z,Zrinjski Mostar,Akademija Pandev,3.0,0.0,False
uefa.europa,2019-07-18T17:30:00Z,Hapoel Be'er,KF Laci,1.0,0.0,False
uefa.europa,2019-07-18T17:30:00Z,Progres Niederkorn,Cork,1.0,2.0,False
uefa.europa,2019-07-18T17:30:00Z,UE Engordany,Dinamo Tbilisi,0.0,1.0,False
uefa.europa,2019-07-18T18:00:00Z,B36 Torshavn,Crusaders,2.0,3.0,False
uefa.europa,2019-07-18T18:00:00Z,FK Kukesi,Debrecen,1.0,1.0,False
uefa.europa,2019-07-18T18:00:00Z,Fehérvár,FK Zeta,0.0,0.0,False
uefa.europa,2019-07-18T18:00:00Z,Hajduk Split,Gzira United,1.0,3.0,False
uefa.europa,2019-07-18T18:00:00Z,Hibernians,Shakhter Soligorsk,0.0,1.0,False
uefa.europa,2019-07-18T18:00:00Z,IFK Norrköping,St Patrick's Athletic,2.0,1.0,False
uefa.europa,2019-07-18T18:00:00Z,NS Mura,Maccabi Haifa,2.0,3.0,False
uefa.europa,2019-07-18T18:30:00Z,FC Vitebsk,KuPS Kuopio,1.0,1.0,False
uefa.europa,2019-07-18T18:30:00Z,Shkupi,Pyunik,1.0,2.0,False
uefa.europa,2019-07-18T18:45:00Z,Ballymena,Malmö FF,0.0,4.0,False
uefa.europa,2019-07-18T18:45:00Z,Buducnost Podgorica,JK Narva Trans,4.0,1.0,False
uefa.europa,2019-07-18T18:45:00Z,FC Spartak Trnava,Radnik Bijeljina,2.0,0.0,False
uefa.europa,2019-07-18T18:45:00Z,Kilmarnock,Connah's Quay,0.0,2.0,False
uefa.europa,2019-07-18T18:45:00Z,NK Domzale,Balzan FC,1.0,0.0,False
uefa.europa,2019-07-18T18:45:00Z,Radnicki Nis,Flora,2.0,2.0,False
uefa.europa,2019-07-18T18:45:00Z,Rangers,St. Joseph's,6.0,0.0,False
uefa.europa,2019-07-18T19:00:00Z,KR Reykjavik,Molde,0.0,0.0,False
uefa.europa,2019-07-18T19:00:00Z,Legia Warsaw,Europa FC,3.0,0.0,False
uefa.europa,2019-07-18T19:00:00Z,Shamrock Rovers,SK Brann,2.0,1.0,False
uefa.europa,2019-07-23T15:00:00Z,Ararat-Armenia,Lincoln Red Imps,2.0,0.0,False
uefa.europa,2019-07-23T15:45:00Z,HB Torshavn,Linfield,2.0,2.0,False
uefa.europa,2019-07-23T15:55:00Z,KF Shkëndija,F91 Dudelange,1.0,2.0,False
uefa.champions,2019-07-23T17:00:00Z,Viktoria Plzen,Olympiacos,0.0,0.0,False
uefa.champions,2019-07-23T17:30:00Z,Iberia 1999,Dinamo Zagreb,0.0,2.0,False
uefa.champions,2019-07-23T18:00:00Z,PSV Eindhoven,FC Basel,3.0,2.0,False
uefa.champions,2019-07-23T18:00:00Z,The New Saints,F.C. København,0.0,2.0,False
uefa.europa,2019-07-23T18:00:00Z,Santa Coloma,FC Astana,0.0,0.0,False
uefa.champions,2019-07-23T18:15:00Z,FK Sutjeska,Apoel Nicosia,0.0,1.0,False
uefa.europa,2019-07-23T18:30:00Z,Tre Penne,FK Suduva,0.0,5.0,False
concacaf.leagues.cup,2019-07-24T00:30:00Z,Chicago Fire FC,Cruz Azul,0.0,2.0,False
concacaf.leagues.cup,2019-07-24T03:00:00Z,LA Galaxy,Tijuana,2.0,2.0,False
uefa.europa,2019-07-24T16:00:00Z,Slovan Bratislava,Feronikeli,2.0,1.0,False
uefa.champions,2019-07-24T17:00:00Z,BATE Borisov,Rosenborg,2.0,1.0,False
uefa.champions,2019-07-24T18:00:00Z,CFR Cluj-Napoca,Maccabi Tel-Aviv,1.0,0.0,False
uefa.champions,2019-07-24T18:00:00Z,Ferencvaros,Valletta,3.0,1.0,False
uefa.champions,2019-07-24T18:15:00Z,NK Maribor,AIK,2.0,1.0,False
uefa.champions,2019-07-24T18:45:00Z,Celtic,Nomme Kalju,5.0,0.0,False
uefa.champions,2019-07-24T18:45:00Z,Dundalk,FK Qarabag,1.0,1.0,False
uefa.champions,2019-07-24T18:45:00Z,Red Star Belgrade,HJK Helsinki,2.0,0.0,False
concacaf.leagues.cup,2019-07-25T00:30:00Z,Houston Dynamo FC,América,1.0,1.0,False
concacaf.leagues.cup,2019-07-25T02:30:00Z,Real Salt Lake,Tigres UANL,0.0,1.0,False
uefa.europa,2019-07-25T13:30:00Z,Pyunik,Jablonec,2.0,1.0,False
uefa.europa,2019-07-25T14:45:00Z,FK Ventspils,Gzira United,4.0,0.0,False
uefa.europa,2019-07-25T15:00:00Z,FK Qabala,Dinamo Tbilisi,0.0,2.0,False
uefa.europa,2019-07-25T15:30:00Z,AEK Larnaca,Levski Sofia,3.0,0.0,False
uefa.europa,2019-07-25T15:30:00Z,Partizani Tirana,Sheriff Tiraspol,0.0,1.0,False
uefa.europa,2019-07-25T16:30:00Z,FC Utrecht,Zrinjski Mostar,1.0,1.0,False
uefa.europa,2019-07-25T16:45:00Z,Chikhura Sachkhere,Aberdeen,1.0,1.0,False
uefa.europa,2019-07-25T16:55:00Z,Honvéd,CSU Craiova,0.0,0.0,False
uefa.europa,2019-07-25T17:00:00Z,Alashkert FC,FCSB,0.0,3.0,False
uefa.europa,2019-07-25T17:00:00Z,FC Arsenal Tula,Neftchi,0.0,1.0,False
uefa.europa,2019-07-25T17:00:00Z,Flora,Eintracht Frankfurt,1.0,2.0,False
uefa.europa,2019-07-25T17:00:00Z,Haugesund,SK Sturm Graz,2.0,0.0,False
uefa.europa,2019-07-25T17:00:00Z,Lechia Gdansk,Brøndby IF,2.0,1.0,False
uefa.europa,2019-07-25T17:00:00Z,Mlada Boleslav,Ordabasy Shymkent,1.0,1.0,False
uefa.europa,2019-07-25T17:00:00Z,Molde,Cukaricki Belgrade,0.0,0.0,False
uefa.europa,2019-07-25T17:00:00Z,Shakhter Soligorsk,Esbjerg FB,2.0,0.0,False
uefa.europa,2019-07-25T17:00:00Z,Yeni Malatyaspor,Olimpija Ljubljana,2.0,2.0,False
uefa.europa,2019-07-25T17:30:00Z,CSKA Sofia,Osijek,1.0,0.0,False
uefa.europa,2019-07-25T17:30:00Z,Connah's Quay,Partizan Belgrade,0.0,1.0,False
uefa.europa,2019-07-25T17:30:00Z,Hapoel Be'er,Kairat Almaty,2.0,0.0,False
uefa.europa,2019-07-25T17:30:00Z,Lokomotiv Plovdiv,FC Spartak Trnava,2.0,0.0,False
uefa.europa,2019-07-25T18:00:00Z,Fehérvár,FC Vaduz,1.0,0.0,False
uefa.europa,2019-07-25T18:00:00Z,IFK Norrköping,FK Liepaja,2.0,0.0,False
uefa.europa,2019-07-25T18:00:00Z,Piast Gliwice,Riga FC,3.0,2.0,False
uefa.europa,2019-07-25T18:15:00Z,FC Luzern,KI Klaksvik,1.0,0.0,False
uefa.europa,2019-07-25T18:30:00Z,AZ Alkmaar,BK Häcken,0.0,0.0,False
uefa.europa,2019-07-25T18:30:00Z,Aris,AEL,0.0,0.0,False
uefa.europa,2019-07-25T18:30:00Z,Dunajska Streda,Atromitos,1.0,2.0,False
uefa.europa,2019-07-25T18:30:00Z,Jeunesse Esch,Vitória de Guimaraes,0.0,1.0,False
uefa.europa,2019-07-25T18:30:00Z,KAA Gent,Viitorul Constanta,6.0,3.0,False
uefa.europa,2019-07-25T18:45:00Z,Buducnost Podgorica,FC Zorya Luhansk,1.0,3.0,False
uefa.europa,2019-07-25T18:45:00Z,NK Domzale,Malmö FF,2.0,2.0,False
uefa.europa,2019-07-25T18:45:00Z,Rangers,Progres Niederkorn,2.0,0.0,False
uefa.europa,2019-07-25T18:45:00Z,Strasbourg,Maccabi Haifa,3.0,1.0,False
uefa.europa,2019-07-25T18:45:00Z,Wolverhampton Wanderers,Crusaders,2.0,0.0,False
uefa.europa,2019-07-25T19:00:00Z,Espanyol,Stjarnan,4.0,0.0,False
uefa.europa,2019-07-25T19:00:00Z,Legia Warsaw,KuPS Kuopio,1.0,0.0,False
uefa.europa,2019-07-25T19:00:00Z,Shamrock Rovers,Apollon Limassol,2.0,1.0,False
uefa.europa,2019-07-25T19:00:00Z,Torino,Debrecen,3.0,0.0,False
uefa.europa,2019-07-25T19:00:00Z,Valur Reykjavik,Ludogorets Razgrad,1.0,1.0,False
uefa.europa,2019-07-30T15:45:00Z,FK Suduva,Tre Penne,5.0,0.0,False
uefa.europa,2019-07-30T15:45:00Z,Lincoln Red Imps,Ararat-Armenia,1.0,2.0,False
uefa.europa,2019-07-30T15:55:00Z,F91 Dudelange,KF Shkëndija,1.0,1.0,False
uefa.europa,2019-07-30T16:00:00Z,Feronikeli,Slovan Bratislava,0.0,2.0,False
uefa.champions,2019-07-30T17:00:00Z,Apoel Nicosia,FK Sutjeska,3.0,0.0,False
uefa.champions,2019-07-30T17:00:00Z,Maccabi Tel-Aviv,CFR Cluj-Napoca,2.0,2.0,False
uefa.champions,2019-07-30T17:00:00Z,Nomme Kalju,Celtic,0.0,2.0,False
uefa.champions,2019-07-30T18:00:00Z,Dinamo Zagreb,Iberia 1999,3.0,0.0,False
uefa.champions,2019-07-30T18:00:00Z,FC Basel,PSV Eindhoven,2.0,1.0,False
uefa.champions,2019-07-30T18:00:00Z,Valletta,Ferencvaros,1.0,1.0,False
uefa.champions,2019-07-30T18:30:00Z,Olympiacos,Viktoria Plzen,4.0,0.0,False
uefa.champions,2019-07-31T16:00:00Z,HJK Helsinki,Red Star Belgrade,2.0,1.0,False
uefa.champions,2019-07-31T17:00:00Z,AIK,NK Maribor,3.0,2.0,False
uefa.champions,2019-07-31T17:00:00Z,FK Qarabag,Dundalk,3.0,0.0,False
uefa.champions,2019-07-31T17:00:00Z,Rosenborg,BATE Borisov,2.0,0.0,False
uefa.champions,2019-07-31T17:45:00Z,F.C. København,The New Saints,1.0,0.0,False
uefa.europa,2019-07-31T18:45:00Z,Cukaricki Belgrade,Molde,1.0,3.0,False
uefa.europa,2019-08-01T14:00:00Z,FC Astana,Santa Coloma,4.0,1.0,False
uefa.europa,2019-08-01T14:00:00Z,Ordabasy Shymkent,Mlada Boleslav,2.0,3.0,False
uefa.europa,2019-08-01T14:30:00Z,Kairat Almaty,Hapoel Be'er,1.0,1.0,False
uefa.europa,2019-08-01T15:00:00Z,Viitorul Constanta,KAA Gent,2.0,1.0,False
uefa.europa,2019-08-01T16:00:00Z,FC Zorya Luhansk,Buducnost Podgorica,1.0,0.0,False
uefa.europa,2019-08-01T16:00:00Z,KuPS Kuopio,Legia Warsaw,0.0,0.0,False
uefa.europa,2019-08-01T16:15:00Z,CSU Craiova,Honvéd,0.0,0.0,False
uefa.europa,2019-08-01T16:30:00Z,BK Häcken,AZ Alkmaar,0.0,3.0,False
uefa.europa,2019-08-01T16:30:00Z,Debrecen,Torino,1.0,4.0,False
uefa.europa,2019-08-01T16:30:00Z,Levski Sofia,AEK Larnaca,0.0,4.0,False
uefa.europa,2019-08-01T16:30:00Z,Riga FC,Piast Gliwice,2.0,1.0,False
uefa.europa,2019-08-01T17:00:00Z,AEL,Aris,0.0,1.0,False
uefa.europa,2019-08-01T17:00:00Z,Apollon Limassol,Shamrock Rovers,3.0,1.0,False
uefa.europa,2019-08-01T17:00:00Z,Atromitos,Dunajska Streda,3.0,2.0,False
uefa.europa,2019-08-01T17:00:00Z,Dinamo Tbilisi,FK Qabala,3.0,0.0,False
uefa.europa,2019-08-01T17:00:00Z,FC Vaduz,Fehérvár,2.0,0.0,False
uefa.europa,2019-08-01T17:00:00Z,FK Liepaja,IFK Norrköping,0.0,1.0,False
uefa.europa,2019-08-01T17:00:00Z,Jablonec,Pyunik,0.0,0.0,False
uefa.europa,2019-08-01T17:00:00Z,KI Klaksvik,FC Luzern,0.0,1.0,False
uefa.europa,2019-08-01T17:00:00Z,Maccabi Haifa,Strasbourg,2.0,1.0,False
uefa.europa,2019-08-01T17:00:00Z,Malmö FF,NK Domzale,3.0,2.0,False
uefa.europa,2019-08-01T17:00:00Z,Neftchi,FC Arsenal Tula,3.0,0.0,False
uefa.europa,2019-08-01T17:00:00Z,Sheriff Tiraspol,Partizani Tirana,1.0,1.0,False
uefa.europa,2019-08-01T17:00:00Z,Zrinjski Mostar,FC Utrecht,2.0,1.0,False
uefa.europa,2019-08-01T17:30:00Z,Brøndby IF,Lechia Gdansk,4.0,1.0,False
uefa.europa,2019-08-01T17:30:00Z,Ludogorets Razgrad,Valur Reykjavik,4.0,0.0,False
uefa.europa,2019-08-01T17:30:00Z,Progres Niederkorn,Rangers,0.0,0.0,False
uefa.europa,2019-08-01T17:45:00Z,Esbjerg FB,Shakhter Soligorsk,0.0,0.0,False
uefa.europa,2019-08-01T18:00:00Z,Gzira United,FK Ventspils,2.0,2.0,False
uefa.europa,2019-08-01T18:00:00Z,Olimpija Ljubljana,Yeni Malatyaspor,0.0,1.0,False
uefa.europa,2019-08-01T18:30:00Z,Eintracht Frankfurt,Flora,2.0,1.0,False
uefa.europa,2019-08-01T18:30:00Z,FCSB,Alashkert FC,2.0,3.0,False
uefa.europa,2019-08-01T18:30:00Z,SK Sturm Graz,Haugesund,2.0,1.0,False
uefa.europa,2019-08-01T18:45:00Z,Aberdeen,Chikhura Sachkhere,5.0,0.0,False
uefa.europa,2019-08-01T18:45:00Z,FC Spartak Trnava,Lokomotiv Plovdiv,3.0,1.0,False
uefa.europa,2019-08-01T18:45:00Z,Linfield,HB Torshavn,1.0,0.0,False
uefa.europa,2019-08-01T18:45:00Z,Osijek,CSKA Sofia,1.0,0.0,False
uefa.europa,2019-08-01T19:00:00Z,Crusaders,Wolverhampton Wanderers,1.0,4.0,False
uefa.europa,2019-08-01T19:00:00Z,Partizan Belgrade,Connah's Quay,3.0,0.0,False
uefa.europa,2019-08-01T19:00:00Z,Vitória de Guimaraes,Jeunesse Esch,4.0,0.0,False
uefa.europa,2019-08-01T19:15:00Z,Stjarnan,Espanyol,1.0,3.0,False
uefa.europa,2019-08-06T15:00:00Z,Ararat-Armenia,Iberia 1999,1.0,2.0,False
uefa.europa,2019-08-06T16:00:00Z,Riga FC,HJK Helsinki,1.0,1.0,False
uefa.champions,2019-08-06T17:00:00Z,Apoel Nicosia,FK Qarabag,1.0,2.0,False
uefa.champions,2019-08-06T17:00:00Z,PAOK,Ajax Amsterdam,2.0,2.0,False
uefa.champions,2019-08-06T18:00:00Z,Dinamo Zagreb,Ferencvaros,1.0,1.0,False
uefa.europa,2019-08-06T18:15:00Z,FK Sutjeska,Linfield,1.0,2.0,False
uefa.champions,2019-08-06T18:30:00Z,Club Brugge,Dynamo Kyiv,1.0,0.0,False
uefa.champions,2019-08-06T18:45:00Z,Red Star Belgrade,F.C. København,1.0,1.0,False
uefa.champions,2019-08-07T17:00:00Z,Krasnodar,FC Porto,0.0,1.0,False
uefa.champions,2019-08-07T17:45:00Z,Istanbul Basaksehir,Olympiacos,0.0,1.0,False
uefa.champions,2019-08-07T18:00:00Z,CFR Cluj-Napoca,Celtic,1.0,1.0,False
uefa.champions,2019-08-07T18:00:00Z,FC Basel,LASK Linz,1.0,2.0,False
uefa.champions,2019-08-07T18:15:00Z,NK Maribor,Rosenborg,1.0,3.0,False
uefa.europa,2019-08-07T18:15:00Z,Slovan Bratislava,Dundalk,1.0,0.0,False
uefa.europa,2019-08-08T14:00:00Z,FC Astana,Valletta,5.0,1.0,False
uefa.europa,2019-08-08T15:30:00Z,AEK Larnaca,KAA Gent,1.0,1.0,False
uefa.europa,2019-08-08T16:00:00Z,Pyunik,Wolverhampton Wanderers,0.0,4.0,False
uefa.europa,2019-08-08T16:00:00Z,Sparta Prague,Trabzonspor,2.0,2.0,False
uefa.europa,2019-08-08T16:15:00Z,CSU Craiova,AEK Athens,0.0,2.0,False
uefa.europa,2019-08-08T16:30:00Z,Brøndby IF,Braga,2.0,4.0,False
uefa.europa,2019-08-08T16:45:00Z,FK Ventspils,Vitória de Guimaraes,0.0,3.0,False
uefa.europa,2019-08-08T17:00:00Z,FC Mariupol,AZ Alkmaar,0.0,0.0,False
uefa.europa,2019-08-08T17:00:00Z,FC Thun,Spartak Moscow,2.0,3.0,False
uefa.europa,2019-08-08T17:00:00Z,Haugesund,PSV Eindhoven,0.0,1.0,False
uefa.europa,2019-08-08T17:00:00Z,Malmö FF,Zrinjski Mostar,3.0,0.0,False
uefa.europa,2019-08-08T17:00:00Z,Molde,Aris,3.0,0.0,False
uefa.europa,2019-08-08T17:00:00Z,Neftchi,Bnei Yehuda,2.0,2.0,False
uefa.europa,2019-08-08T17:00:00Z,Sheriff Tiraspol,AIK,1.0,2.0,False
uefa.europa,2019-08-08T17:30:00Z,Antwerp,Viktoria Plzen,1.0,0.0,False
uefa.europa,2019-08-08T17:30:00Z,CSKA Sofia,FC Zorya Luhansk,1.0,1.0,False
uefa.europa,2019-08-08T17:30:00Z,Feyenoord Rotterdam,Dinamo Tbilisi,4.0,0.0,False
uefa.europa,2019-08-08T17:30:00Z,Lokomotiv Plovdiv,Strasbourg,0.0,1.0,False
uefa.europa,2019-08-08T17:30:00Z,Ludogorets Razgrad,The New Saints,5.0,0.0,False
uefa.europa,2019-08-08T17:30:00Z,Maccabi Tel-Aviv,FK Suduva,1.0,2.0,False
uefa.europa,2019-08-08T17:45:00Z,FK Sarajevo,BATE Borisov,1.0,2.0,False
uefa.europa,2019-08-08T18:00:00Z,F91 Dudelange,Nomme Kalju,3.0,1.0,False
uefa.europa,2019-08-08T18:00:00Z,FC Midtjylland,Rangers,2.0,4.0,False
uefa.europa,2019-08-08T18:00:00Z,IFK Norrköping,Hapoel Be'er,1.0,1.0,False
uefa.europa,2019-08-08T18:00:00Z,Rijeka,Aberdeen,2.0,0.0,False
uefa.europa,2019-08-08T18:30:00Z,Austria Vienna,Apollon Limassol,1.0,2.0,False
uefa.europa,2019-08-08T18:30:00Z,FC Vaduz,Eintracht Frankfurt,0.0,5.0,False
uefa.europa,2019-08-08T18:30:00Z,FCSB,Mlada Boleslav,0.0,0.0,False
uefa.europa,2019-08-08T19:00:00Z,FC Luzern,Espanyol,0.0,3.0,False
uefa.europa,2019-08-08T19:00:00Z,Legia Warsaw,Atromitos,0.0,0.0,False
uefa.europa,2019-08-08T19:00:00Z,Partizan Belgrade,Yeni Malatyaspor,3.0,1.0,False
uefa.europa,2019-08-08T19:00:00Z,Torino,Shakhter Soligorsk,5.0,0.0,False
uefa.europa,2019-08-13T16:00:00Z,Nomme Kalju,F91 Dudelange,0.0,1.0,False
uefa.champions,2019-08-13T16:30:00Z,FK Qarabag,Apoel Nicosia,0.0,2.0,False
uefa.champions,2019-08-13T17:00:00Z,Rosenborg,NK Maribor,3.0,1.0,False
uefa.champions,2019-08-13T17:30:00Z,Dynamo Kyiv,Club Brugge,3.0,3.0,False
uefa.champions,2019-08-13T18:00:00Z,F.C. København,Red Star Belgrade,1.0,1.0,False
uefa.champions,2019-08-13T18:00:00Z,Ferencvaros,Dinamo Zagreb,0.0,4.0,False
uefa.champions,2019-08-13T18:30:00Z,Ajax Amsterdam,PAOK,3.0,2.0,False
uefa.champions,2019-08-13T18:30:00Z,LASK Linz,FC Basel,3.0,1.0,False
uefa.champions,2019-08-13T18:30:00Z,Olympiacos,Istanbul Basaksehir,2.0,0.0,False
uefa.champions,2019-08-13T18:45:00Z,Celtic,CFR Cluj-Napoca,3.0,4.0,False
uefa.europa,2019-08-13T18:45:00Z,Linfield,FK Sutjeska,3.0,2.0,False
uefa.champions,2019-08-13T19:00:00Z,FC Porto,Krasnodar,2.0,3.0,False
uefa.europa,2019-08-13T19:00:00Z,Dundalk,Slovan Bratislava,1.0,3.0,False
uefa.europa,2019-08-14T16:00:00Z,Atromitos,Legia Warsaw,0.0,2.0,False
uefa.europa,2019-08-14T16:00:00Z,Iberia 1999,Ararat-Armenia,0.0,2.0,False
uefa.europa,2019-08-14T16:00:00Z,Vitória de Guimaraes,FK Ventspils,6.0,0.0,False
uefa.europa,2019-08-15T16:00:00Z,HJK Helsinki,Riga FC,2.0,2.0,False
uefa.europa,2019-08-15T16:30:00Z,Dinamo Tbilisi,Feyenoord Rotterdam,1.0,1.0,False
uefa.europa,2019-08-15T16:45:00Z,Spartak Moscow,FC Thun,2.0,1.0,False
uefa.europa,2019-08-15T17:00:00Z,AIK,Sheriff Tiraspol,1.0,1.0,False
uefa.europa,2019-08-15T17:00:00Z,Apollon Limassol,Austria Vienna,3.0,1.0,False
uefa.europa,2019-08-15T17:00:00Z,BATE Borisov,FK Sarajevo,0.0,0.0,False
uefa.europa,2019-08-15T17:00:00Z,Bnei Yehuda,Neftchi,2.0,1.0,False
uefa.europa,2019-08-15T17:00:00Z,FC Zorya Luhansk,CSKA Sofia,1.0,0.0,False
uefa.europa,2019-08-15T17:00:00Z,FK Suduva,Maccabi Tel-Aviv,2.0,1.0,False
uefa.europa,2019-08-15T17:00:00Z,Mlada Boleslav,FCSB,0.0,1.0,False
uefa.europa,2019-08-15T17:00:00Z,Shakhter Soligorsk,Torino,1.0,1.0,False
uefa.europa,2019-08-15T17:00:00Z,Yeni Malatyaspor,Partizan Belgrade,1.0,0.0,False
uefa.europa,2019-08-15T17:00:00Z,Zrinjski Mostar,Malmö FF,1.0,0.0,False
uefa.europa,2019-08-15T17:30:00Z,Hapoel Be'er,IFK Norrköping,3.0,1.0,False
uefa.europa,2019-08-15T17:30:00Z,The New Saints,Ludogorets Razgrad,0.0,4.0,False
uefa.europa,2019-08-15T17:30:00Z,Trabzonspor,Sparta Prague,2.0,1.0,False
uefa.europa,2019-08-15T18:00:00Z,AEK Athens,CSU Craiova,1.0,1.0,False
uefa.europa,2019-08-15T18:00:00Z,Valletta,FC Astana,0.0,4.0,False
uefa.europa,2019-08-15T18:00:00Z,Viktoria Plzen,Antwerp,2.0,1.0,False
uefa.europa,2019-08-15T18:30:00Z,AZ Alkmaar,FC Mariupol,4.0,0.0,False
uefa.europa,2019-08-15T18:30:00Z,Aris,Molde,3.0,1.0,False
uefa.europa,2019-08-15T18:30:00Z,Eintracht Frankfurt,FC Vaduz,1.0,0.0,False
uefa.europa,2019-08-15T18:30:00Z,KAA Gent,AEK Larnaca,3.0,0.0,False
uefa.europa,2019-08-15T18:30:00Z,PSV Eindhoven,Haugesund,0.0,0.0,False
uefa.europa,2019-08-15T18:30:00Z,Strasbourg,Lokomotiv Plovdiv,1.0,0.0,False
uefa.europa,2019-08-15T18:45:00Z,Aberdeen,Rijeka,0.0,2.0,False
uefa.europa,2019-08-15T18:45:00Z,Braga,Brøndby IF,3.0,1.0,False
uefa.europa,2019-08-15T18:45:00Z,Rangers,FC Midtjylland,3.0,1.0,False
uefa.europa,2019-08-15T18:45:00Z,Wolverhampton Wanderers,Pyunik,4.0,0.0,False
uefa.europa,2019-08-15T19:00:00Z,Espanyol,FC Luzern,3.0,0.0,False
uefa.champions,2019-08-20T19:00:00Z,Apoel Nicosia,Ajax Amsterdam,0.0,0.0,False
uefa.champions,2019-08-20T19:00:00Z,CFR Cluj-Napoca,Slavia Prague,0.0,1.0,False
uefa.champions,2019-08-20T19:00:00Z,LASK Linz,Club Brugge,0.0,1.0,False
concacaf.leagues.cup,2019-08-21T00:30:00Z,América,Tigres UANL,2.0,2.0,False
concacaf.leagues.cup,2019-08-21T02:30:00Z,Cruz Azul,LA Galaxy,2.0,1.0,False
uefa.champions,2019-08-21T19:00:00Z,Dinamo Zagreb,Rosenborg,2.0,0.0,False
uefa.champions,2019-08-21T19:00:00Z,Olympiacos,Krasnodar,4.0,0.0,False
uefa.champions,2019-08-21T19:00:00Z,Young Boys,Red Star Belgrade,2.0,2.0,False
uefa.europa,2019-08-22T14:00:00Z,FC Astana,BATE Borisov,3.0,0.0,False
uefa.europa,2019-08-22T15:00:00Z,Ararat-Armenia,F91 Dudelange,2.0,1.0,False
uefa.europa,2019-08-22T17:00:00Z,FK Suduva,Ferencvaros,0.0,0.0,False
uefa.europa,2019-08-22T17:00:00Z,Malmö FF,Bnei Yehuda,3.0,0.0,False
uefa.europa,2019-08-22T17:30:00Z,Feyenoord Rotterdam,Hapoel Be'er,3.0,0.0,False
uefa.europa,2019-08-22T17:30:00Z,Ludogorets Razgrad,NK Maribor,0.0,0.0,False
uefa.europa,2019-08-22T17:45:00Z,F.C. København,Riga FC,3.0,1.0,False
uefa.europa,2019-08-22T18:00:00Z,AEK Athens,Trabzonspor,1.0,3.0,False
uefa.europa,2019-08-22T18:00:00Z,Legia Warsaw,Rangers,0.0,0.0,False
uefa.europa,2019-08-22T18:30:00Z,AZ Alkmaar,Antwerp,1.0,1.0,False
uefa.europa,2019-08-22T18:30:00Z,FCSB,Vitória de Guimaraes,0.0,0.0,False
uefa.europa,2019-08-22T18:30:00Z,KAA Gent,Rijeka,2.0,1.0,False
uefa.europa,2019-08-22T18:30:00Z,PSV Eindhoven,Apollon Limassol,3.0,0.0,False
uefa.europa,2019-08-22T18:30:00Z,Strasbourg,Eintracht Frankfurt,1.0,0.0,False
uefa.europa,2019-08-22T18:45:00Z,Braga,Spartak Moscow,1.0,0.0,False
uefa.europa,2019-08-22T18:45:00Z,Celtic,AIK,2.0,0.0,False
uefa.europa,2019-08-22T18:45:00Z,Linfield,FK Qarabag,3.0,2.0,False
uefa.europa,2019-08-22T19:00:00Z,Espanyol,FC Zorya Luhansk,3.0,1.0,False
uefa.europa,2019-08-22T19:00:00Z,Partizan Belgrade,Molde,2.0,1.0,False
uefa.europa,2019-08-22T19:00:00Z,Slovan Bratislava,PAOK,1.0,0.0,False
uefa.europa,2019-08-22T19:00:00Z,Torino,Wolverhampton Wanderers,2.0,3.0,False
uefa.champions,2019-08-27T19:00:00Z,Krasnodar,Olympiacos,1.0,2.0,False
uefa.champions,2019-08-27T19:00:00Z,Red Star Belgrade,Young Boys,1.0,1.0,False
uefa.champions,2019-08-27T19:00:00Z,Rosenborg,Dinamo Zagreb,1.0,1.0,False
uefa.champions,2019-08-28T19:00:00Z,Ajax Amsterdam,Apoel Nicosia,2.0,0.0,False
uefa.champions,2019-08-28T19:00:00Z,Club Brugge,LASK Linz,2.0,1.0,False
uefa.champions,2019-08-28T19:00:00Z,Slavia Prague,CFR Cluj-Napoca,1.0,0.0,False
uefa.europa,2019-08-29T16:00:00Z,FK Qarabag,Linfield,2.0,1.0,False
uefa.europa,2019-08-29T16:45:00Z,Riga FC,F.C. København,1.0,0.0,False
uefa.europa,2019-08-29T17:00:00Z,AIK,Celtic,1.0,4.0,False
uefa.europa,2019-08-29T17:00:00Z,Apollon Limassol,PSV Eindhoven,0.0,4.0,False
uefa.europa,2019-08-29T17:00:00Z,BATE Borisov,FC Astana,2.0,0.0,False
uefa.europa,2019-08-29T17:00:00Z,Bnei Yehuda,Malmö FF,0.0,1.0,False
uefa.europa,2019-08-29T17:00:00Z,FC Zorya Luhansk,Espanyol,2.0,2.0,False
uefa.europa,2019-08-29T17:00:00Z,Molde,Partizan Belgrade,1.0,1.0,False
uefa.europa,2019-08-29T17:00:00Z,PAOK,Slovan Bratislava,3.0,2.0,False
uefa.europa,2019-08-29T17:15:00Z,Spartak Moscow,Braga,1.0,2.0,False
uefa.europa,2019-08-29T17:30:00Z,Antwerp,AZ Alkmaar,1.0,4.0,False
uefa.europa,2019-08-29T17:30:00Z,Hapoel Be'er,Feyenoord Rotterdam,0.0,3.0,False
uefa.europa,2019-08-29T17:30:00Z,Trabzonspor,AEK Athens,0.0,2.0,False
uefa.europa,2019-08-29T18:00:00Z,F91 Dudelange,Ararat-Armenia,2.0,1.0,False
uefa.europa,2019-08-29T18:00:00Z,Ferencvaros,FK Suduva,4.0,2.0,False
uefa.europa,2019-08-29T18:00:00Z,Rijeka,KAA Gent,1.0,1.0,False
uefa.europa,2019-08-29T18:15:00Z,NK Maribor,Ludogorets Razgrad,2.0,2.0,False
uefa.europa,2019-08-29T18:30:00Z,Eintracht Frankfurt,Strasbourg,3.0,0.0,False
uefa.europa,2019-08-29T18:45:00Z,Rangers,Legia Warsaw,1.0,0.0,False
uefa.europa,2019-08-29T18:45:00Z,Wolverhampton Wanderers,Torino,2.0,1.0,False
uefa.europa,2019-08-29T19:00:00Z,Vitória de Guimaraes,FCSB,1.0,0.0,False
uefa.champions,2019-09-17T16:55:00Z,Internazionale,Slavia Prague,1.0,1.0,False
uefa.champions,2019-09-17T16:55:00Z,Lyon,Zenit St Petersburg,1.0,1.0,False
uefa.champions,2019-09-17T19:00:00Z,Ajax Amsterdam,Lille,3.0,0.0,False
uefa.champions,2019-09-17T19:00:00Z,Benfica,RB Leipzig,1.0,2.0,False
uefa.champions,2019-09-17T19:00:00Z,Borussia Dortmund,Barcelona,0.0,0.0,False
uefa.champions,2019-09-17T19:00:00Z,Chelsea,Valencia,0.0,1.0,False
uefa.champions,2019-09-17T19:00:00Z,Napoli,Liverpool,2.0,0.0,False
uefa.champions,2019-09-17T19:00:00Z,RB Salzburg,Racing Genk,6.0,2.0,False
uefa.champions,2019-09-18T16:55:00Z,Club Brugge,Galatasaray,0.0,0.0,False
uefa.champions,2019-09-18T16:55:00Z,Olympiacos,Tottenham Hotspur,2.0,2.0,False
uefa.champions,2019-09-18T19:00:00Z,Atlético Madrid,Juventus,2.0,2.0,False
uefa.champions,2019-09-18T19:00:00Z,Bayer Leverkusen,Lokomotiv Moscow,1.0,2.0,False
uefa.champions,2019-09-18T19:00:00Z,Bayern Munich,Red Star Belgrade,3.0,0.0,False
uefa.champions,2019-09-18T19:00:00Z,Dinamo Zagreb,Atalanta,4.0,0.0,False
uefa.champions,2019-09-18T19:00:00Z,Paris Saint-Germain,Real Madrid,3.0,0.0,False
uefa.champions,2019-09-18T19:00:00Z,Shakhtar Donetsk,Manchester City,0.0,3.0,False
concacaf.leagues.cup,2019-09-19T02:30:00Z,Tigres UANL,Cruz Azul,1.0,2.0,False
uefa.europa,2019-09-19T16:55:00Z,Apoel Nicosia,F91 Dudelange,3.0,4.0,False
uefa.europa,2019-09-19T16:55:00Z,CFR Cluj-Napoca,Lazio,2.0,1.0,False
uefa.europa,2019-09-19T16:55:00Z,Dynamo Kyiv,Malmö FF,1.0,0.0,False
uefa.europa,2019-09-19T16:55:00Z,Eintracht Frankfurt,Arsenal,0.0,3.0,False
uefa.europa,2019-09-19T16:55:00Z,F.C. København,FC Lugano,1.0,0.0,False
uefa.europa,2019-09-19T16:55:00Z,FC Basel,Krasnodar,5.0,0.0,False
uefa.europa,2019-09-19T16:55:00Z,FK Qarabag,Sevilla,0.0,3.0,False
uefa.europa,2019-09-19T16:55:00Z,Getafe,Trabzonspor,1.0,0.0,False
uefa.europa,2019-09-19T16:55:00Z,LASK Linz,Rosenborg,1.0,0.0,False
uefa.europa,2019-09-19T16:55:00Z,PSV Eindhoven,Sporting CP,3.0,2.0,False
uefa.europa,2019-09-19T16:55:00Z,Stade Rennais,Celtic,1.0,1.0,False
uefa.europa,2019-09-19T16:55:00Z,Standard Liege,Vitória de Guimaraes,2.0,0.0,False
uefa.europa,2019-09-19T19:00:00Z,AS Roma,Istanbul Basaksehir,4.0,0.0,False
uefa.europa,2019-09-19T19:00:00Z,Borussia Mönchengladbach,Wolfsberger,0.0,4.0,False
uefa.europa,2019-09-19T19:00:00Z,Espanyol,Ferencvaros,1.0,1.0,False
uefa.europa,2019-09-19T19:00:00Z,FC Porto,Young Boys,2.0,1.0,False
uefa.europa,2019-09-19T19:00:00Z,KAA Gent,Saint-Étienne,3.0,2.0,False
uefa.europa,2019-09-19T19:00:00Z,Ludogorets Razgrad,CSKA Moscow,5.0,1.0,False
uefa.europa,2019-09-19T19:00:00Z,Manchester United,FC Astana,1.0,0.0,False
uefa.europa,2019-09-19T19:00:00Z,Partizan Belgrade,AZ Alkmaar,2.0,2.0,False
uefa.europa,2019-09-19T19:00:00Z,Rangers,Feyenoord Rotterdam,1.0,0.0,False
uefa.europa,2019-09-19T19:00:00Z,Slovan Bratislava,Besiktas,4.0,2.0,False
uefa.europa,2019-09-19T19:00:00Z,VfL Wolfsburg,FC Olexandriya,3.0,1.0,False
uefa.europa,2019-09-19T19:00:00Z,Wolverhampton Wanderers,Braga,0.0,1.0,False
uefa.champions,2019-10-01T16:55:00Z,Atalanta,Shakhtar Donetsk,1.0,2.0,False
uefa.champions,2019-10-01T16:55:00Z,Real Madrid,Club Brugge,2.0,2.0,False
uefa.champions,2019-10-01T19:00:00Z,Galatasaray,Paris Saint-Germain,0.0,1.0,False
uefa.champions,2019-10-01T19:00:00Z,Juventus,Bayer Leverkusen,3.0,0.0,False
uefa.champions,2019-10-01T19:00:00Z,Lokomotiv Moscow,Atlético Madrid,0.0,2.0,False
uefa.champions,2019-10-01T19:00:00Z,Manchester City,Dinamo Zagreb,2.0,0.0,False
uefa.champions,2019-10-01T19:00:00Z,Red Star Belgrade,Olympiacos,3.0,1.0,False
uefa.champions,2019-10-01T19:00:00Z,Tottenham Hotspur,Bayern Munich,2.0,7.0,False
uefa.champions,2019-10-02T16:55:00Z,Racing Genk,Napoli,0.0,0.0,False
uefa.champions,2019-10-02T16:55:00Z,Slavia Prague,Borussia Dortmund,0.0,2.0,False
uefa.champions,2019-10-02T19:00:00Z,Barcelona,Internazionale,2.0,1.0,False
uefa.champions,2019-10-02T19:00:00Z,Lille,Chelsea,1.0,2.0,False
uefa.champions,2019-10-02T19:00:00Z,Liverpool,RB Salzburg,4.0,3.0,False
uefa.champions,2019-10-02T19:00:00Z,RB Leipzig,Lyon,0.0,2.0,False
uefa.champions,2019-10-02T19:00:00Z,Valencia,Ajax Amsterdam,0.0,3.0,False
uefa.champions,2019-10-02T19:00:00Z,Zenit St Petersburg,Benfica,3.0,1.0,False
uefa.europa,2019-10-03T14:50:00Z,FC Astana,Partizan Belgrade,1.0,2.0,False
uefa.europa,2019-10-03T16:55:00Z,AZ Alkmaar,Manchester United,0.0,0.0,False
uefa.europa,2019-10-03T16:55:00Z,Besiktas,Wolverhampton Wanderers,0.0,1.0,False
uefa.europa,2019-10-03T16:55:00Z,Braga,Slovan Bratislava,2.0,2.0,False
uefa.europa,2019-10-03T16:55:00Z,CSKA Moscow,Espanyol,0.0,2.0,False
uefa.europa,2019-10-03T16:55:00Z,FC Olexandriya,KAA Gent,1.0,1.0,False
uefa.europa,2019-10-03T16:55:00Z,Ferencvaros,Ludogorets Razgrad,0.0,3.0,False
uefa.europa,2019-10-03T16:55:00Z,Feyenoord Rotterdam,FC Porto,2.0,0.0,False
uefa.europa,2019-10-03T16:55:00Z,Istanbul Basaksehir,Borussia Mönchengladbach,1.0,1.0,False
uefa.europa,2019-10-03T16:55:00Z,Saint-Étienne,VfL Wolfsburg,1.0,1.0,False
uefa.europa,2019-10-03T16:55:00Z,Wolfsberger,AS Roma,1.0,1.0,False
uefa.europa,2019-10-03T16:55:00Z,Young Boys,Rangers,2.0,1.0,False
uefa.europa,2019-10-03T19:00:00Z,Arsenal,Standard Liege,4.0,0.0,False
uefa.europa,2019-10-03T19:00:00Z,Celtic,CFR Cluj-Napoca,2.0,0.0,False
uefa.europa,2019-10-03T19:00:00Z,F91 Dudelange,FK Qarabag,1.0,4.0,False
uefa.europa,2019-10-03T19:00:00Z,FC Lugano,Dynamo Kyiv,0.0,0.0,False
uefa.europa,2019-10-03T19:00:00Z,Krasnodar,Getafe,1.0,2.0,False
uefa.europa,2019-10-03T19:00:00Z,Lazio,Stade Rennais,2.0,1.0,False
uefa.europa,2019-10-03T19:00:00Z,Malmö FF,F.C. København,1.0,1.0,False
uefa.europa,2019-10-03T19:00:00Z,Rosenborg,PSV Eindhoven,1.0,4.0,False
uefa.europa,2019-10-03T19:00:00Z,Sevilla,Apoel Nicosia,1.0,0.0,False
uefa.europa,2019-10-03T19:00:00Z,Sporting CP,LASK Linz,2.0,1.0,False
uefa.europa,2019-10-03T19:00:00Z,Trabzonspor,FC Basel,2.0,2.0,False
uefa.europa,2019-10-03T19:00:00Z,Vitória de Guimaraes,Eintracht Frankfurt,0.0,1.0,False
uefa.champions,2019-10-22T16:55:00Z,Atlético Madrid,Bayer Leverkusen,1.0,0.0,False
uefa.champions,2019-10-22T16:55:00Z,Shakhtar Donetsk,Dinamo Zagreb,2.0,2.0,False
uefa.champions,2019-10-22T19:00:00Z,Club Brugge,Paris Saint-Germain,0.0,5.0,False
uefa.champions,2019-10-22T19:00:00Z,Galatasaray,Real Madrid,0.0,1.0,False
uefa.champions,2019-10-22T19:00:00Z,Juventus,Lokomotiv Moscow,2.0,1.0,False
uefa.champions,2019-10-22T19:00:00Z,Manchester City,Atalanta,5.0,1.0,False
uefa.champions,2019-10-22T19:00:00Z,Olympiacos,Bayern Munich,2.0,3.0,False
uefa.champions,2019-10-22T19:00:00Z,Tottenham Hotspur,Red Star Belgrade,5.0,0.0,False
uefa.champions,2019-10-23T16:55:00Z,Ajax Amsterdam,Chelsea,0.0,1.0,False
uefa.champions,2019-10-23T16:55:00Z,RB Leipzig,Zenit St Petersburg,2.0,1.0,False
uefa.champions,2019-10-23T19:00:00Z,Benfica,Lyon,2.0,1.0,False
uefa.champions,2019-10-23T19:00:00Z,Internazionale,Borussia Dortmund,2.0,0.0,False
uefa.champions,2019-10-23T19:00:00Z,Lille,Valencia,1.0,1.0,False
uefa.champions,2019-10-23T19:00:00Z,RB Salzburg,Napoli,2.0,3.0,False
uefa.champions,2019-10-23T19:00:00Z,Racing Genk,Liverpool,1.0,4.0,False
uefa.champions,2019-10-23T19:00:00Z,Slavia Prague,Barcelona,1.0,2.0,False
uefa.europa,2019-10-24T16:55:00Z,AS Roma,Borussia Mönchengladbach,1.0,1.0,False
uefa.europa,2019-10-24T16:55:00Z,AZ Alkmaar,FC Astana,6.0,0.0,False
uefa.europa,2019-10-24T16:55:00Z,Besiktas,Braga,1.0,2.0,False
uefa.europa,2019-10-24T16:55:00Z,CSKA Moscow,Ferencvaros,0.0,1.0,False
uefa.europa,2019-10-24T16:55:00Z,FC Porto,Rangers,1.0,1.0,False
uefa.europa,2019-10-24T16:55:00Z,FK Qarabag,Apoel Nicosia,2.0,2.0,False
uefa.europa,2019-10-24T16:55:00Z,Istanbul Basaksehir,Wolfsberger,1.0,0.0,False
uefa.europa,2019-10-24T16:55:00Z,KAA Gent,VfL Wolfsburg,2.0,2.0,False
uefa.europa,2019-10-24T16:55:00Z,Ludogorets Razgrad,Espanyol,0.0,1.0,False
uefa.europa,2019-10-24T16:55:00Z,Partizan Belgrade,Manchester United,0.0,1.0,False
uefa.europa,2019-10-24T16:55:00Z,Saint-Étienne,FC Olexandriya,1.0,1.0,False
uefa.europa,2019-10-24T16:55:00Z,Slovan Bratislava,Wolverhampton Wanderers,1.0,2.0,False
uefa.europa,2019-10-24T16:55:00Z,Young Boys,Feyenoord Rotterdam,2.0,0.0,False
uefa.europa,2019-10-24T19:00:00Z,Arsenal,Vitória de Guimaraes,3.0,2.0,False
uefa.europa,2019-10-24T19:00:00Z,Celtic,Lazio,2.0,1.0,False
uefa.europa,2019-10-24T19:00:00Z,Dynamo Kyiv,F.C. København,1.0,1.0,False
uefa.europa,2019-10-24T19:00:00Z,Eintracht Frankfurt,Standard Liege,2.0,1.0,False
uefa.europa,2019-10-24T19:00:00Z,Getafe,FC Basel,0.0,1.0,False
uefa.europa,2019-10-24T19:00:00Z,Malmö FF,FC Lugano,2.0,1.0,False
uefa.europa,2019-10-24T19:00:00Z,PSV Eindhoven,LASK Linz,0.0,0.0,False
uefa.europa,2019-10-24T19:00:00Z,Sevilla,F91 Dudelange,3.0,0.0,False
uefa.europa,2019-10-24T19:00:00Z,Sporting CP,Rosenborg,1.0,0.0,False
uefa.europa,2019-10-24T19:00:00Z,Stade Rennais,CFR Cluj-Napoca,0.0,1.0,False
uefa.europa,2019-10-24T19:00:00Z,Trabzonspor,Krasnodar,0.0,2.0,False
uefa.champions,2019-11-05T17:55:00Z,Barcelona,Slavia Prague,0.0,0.0,False
uefa.champions,2019-11-05T17:55:00Z,Zenit St Petersburg,RB Leipzig,0.0,2.0,False
uefa.champions,2019-11-05T20:00:00Z,Borussia Dortmund,Internazionale,3.0,2.0,False
uefa.champions,2019-11-05T20:00:00Z,Chelsea,Ajax Amsterdam,4.0,4.0,False
uefa.champions,2019-11-05T20:00:00Z,Liverpool,Racing Genk,2.0,1.0,False
uefa.champions,2019-11-05T20:00:00Z,Lyon,Benfica,3.0,1.0,False
uefa.champions,2019-11-05T20:00:00Z,Napoli,RB Salzburg,1.0,1.0,False
uefa.champions,2019-11-05T20:00:00Z,Valencia,Lille,4.0,1.0,False
uefa.europa,2019-11-06T15:50:00Z,Vitória de Guimaraes,Arsenal,1.0,1.0,False
uefa.champions,2019-11-06T17:55:00Z,Bayern Munich,Olympiacos,2.0,0.0,False
uefa.champions,2019-11-06T17:55:00Z,Lokomotiv Moscow,Juventus,1.0,2.0,False
uefa.champions,2019-11-06T20:00:00Z,Atalanta,Manchester City,1.0,1.0,False
uefa.champions,2019-11-06T20:00:00Z,Bayer Leverkusen,Atlético Madrid,2.0,1.0,False
uefa.champions,2019-11-06T20:00:00Z,Dinamo Zagreb,Shakhtar Donetsk,3.0,3.0,False
uefa.champions,2019-11-06T20:00:00Z,Paris Saint-Germain,Club Brugge,1.0,0.0,False
uefa.champions,2019-11-06T20:00:00Z,Real Madrid,Galatasaray,6.0,0.0,False
uefa.champions,2019-11-06T20:00:00Z,Red Star Belgrade,Tottenham Hotspur,0.0,4.0,False
uefa.europa,2019-11-07T15:50:00Z,FC Astana,AZ Alkmaar,0.0,5.0,False
uefa.europa,2019-11-07T17:55:00Z,Apoel Nicosia,FK Qarabag,2.0,1.0,False
uefa.europa,2019-11-07T17:55:00Z,CFR Cluj-Napoca,Stade Rennais,1.0,0.0,False
uefa.europa,2019-11-07T17:55:00Z,F.C. København,Dynamo Kyiv,1.0,1.0,False
uefa.europa,2019-11-07T17:55:00Z,F91 Dudelange,Sevilla,2.0,5.0,False
uefa.europa,2019-11-07T17:55:00Z,FC Basel,Getafe,2.0,1.0,False
uefa.europa,2019-11-07T17:55:00Z,FC Lugano,Malmö FF,0.0,0.0,False
uefa.europa,2019-11-07T17:55:00Z,Krasnodar,Trabzonspor,3.0,1.0,False
uefa.europa,2019-11-07T17:55:00Z,LASK Linz,PSV Eindhoven,4.0,1.0,False
uefa.europa,2019-11-07T17:55:00Z,Lazio,Celtic,1.0,2.0,False
uefa.europa,2019-11-07T17:55:00Z,Rosenborg,Sporting CP,0.0,2.0,False
uefa.europa,2019-11-07T17:55:00Z,Standard Liege,Eintracht Frankfurt,2.0,1.0,False
uefa.europa,2019-11-07T20:00:00Z,Borussia Mönchengladbach,AS Roma,2.0,1.0,False
uefa.europa,2019-11-07T20:00:00Z,Braga,Besiktas,3.0,1.0,False
uefa.europa,2019-11-07T20:00:00Z,Espanyol,Ludogorets Razgrad,6.0,0.0,False
uefa.europa,2019-11-07T20:00:00Z,FC Olexandriya,Saint-Étienne,2.0,2.0,False
uefa.europa,2019-11-07T20:00:00Z,Ferencvaros,CSKA Moscow,0.0,0.0,False
uefa.europa,2019-11-07T20:00:00Z,Feyenoord Rotterdam,Young Boys,1.0,1.0,False
uefa.europa,2019-11-07T20:00:00Z,Manchester United,Partizan Belgrade,3.0,0.0,False
uefa.europa,2019-11-07T20:00:00Z,Rangers,FC Porto,2.0,0.0,False
uefa.europa,2019-11-07T20:00:00Z,VfL Wolfsburg,KAA Gent,1.0,3.0,False
uefa.europa,2019-11-07T20:00:00Z,Wolfsberger,Istanbul Basaksehir,0.0,3.0,False
uefa.europa,2019-11-07T20:00:00Z,Wolverhampton Wanderers,Slovan Bratislava,1.0,0.0,False
uefa.champions,2019-11-26T17:55:00Z,Galatasaray,Club Brugge,1.0,1.0,False
uefa.champions,2019-11-26T17:55:00Z,Lokomotiv Moscow,Bayer Leverkusen,0.0,2.0,False
uefa.champions,2019-11-26T20:00:00Z,Atalanta,Dinamo Zagreb,2.0,0.0,False
uefa.champions,2019-11-26T20:00:00Z,Juventus,Atlético Madrid,1.0,0.0,False
uefa.champions,2019-11-26T20:00:00Z,Manchester City,Shakhtar Donetsk,1.0,1.0,False
uefa.champions,2019-11-26T20:00:00Z,Real Madrid,Paris Saint-Germain,2.0,2.0,False
uefa.champions,2019-11-26T20:00:00Z,Red Star Belgrade,Bayern Munich,0.0,6.0,False
uefa.champions,2019-11-26T20:00:00Z,Tottenham Hotspur,Olympiacos,4.0,2.0,False
uefa.champions,2019-11-27T17:55:00Z,Valencia,Chelsea,2.0,2.0,False
uefa.champions,2019-11-27T17:55:00Z,Zenit St Petersburg,Lyon,2.0,0.0,False
uefa.champions,2019-11-27T20:00:00Z,Barcelona,Borussia Dortmund,3.0,1.0,False
uefa.champions,2019-11-27T20:00:00Z,Lille,Ajax Amsterdam,0.0,2.0,False
uefa.champions,2019-11-27T20:00:00Z,Liverpool,Napoli,1.0,1.0,False
uefa.champions,2019-11-27T20:00:00Z,RB Leipzig,Benfica,2.0,2.0,False
uefa.champions,2019-11-27T20:00:00Z,Racing Genk,RB Salzburg,1.0,4.0,False
uefa.champions,2019-11-27T20:00:00Z,Slavia Prague,Internazionale,1.0,3.0,False
uefa.europa,2019-11-28T15:50:00Z,FC Astana,Manchester United,2.0,1.0,False
uefa.europa,2019-11-28T15:50:00Z,Krasnodar,FC Basel,1.0,0.0,False
uefa.europa,2019-11-28T15:50:00Z,Trabzonspor,Getafe,0.0,1.0,False
uefa.europa,2019-11-28T17:55:00Z,AZ Alkmaar,Partizan Belgrade,2.0,2.0,False
uefa.europa,2019-11-28T17:55:00Z,Besiktas,Slovan Bratislava,2.0,1.0,False
uefa.europa,2019-11-28T17:55:00Z,Braga,Wolverhampton Wanderers,3.0,3.0,False
uefa.europa,2019-11-28T17:55:00Z,CSKA Moscow,Ludogorets Razgrad,1.0,1.0,False
uefa.europa,2019-11-28T17:55:00Z,FC Olexandriya,VfL Wolfsburg,0.0,1.0,False
uefa.europa,2019-11-28T17:55:00Z,Ferencvaros,Espanyol,2.0,2.0,False
uefa.europa,2019-11-28T17:55:00Z,Feyenoord Rotterdam,Rangers,2.0,2.0,False
uefa.europa,2019-11-28T17:55:00Z,Istanbul Basaksehir,AS Roma,0.0,3.0,False
uefa.europa,2019-11-28T17:55:00Z,Saint-Étienne,KAA Gent,0.0,0.0,False
uefa.europa,2019-11-28T17:55:00Z,Wolfsberger,Borussia Mönchengladbach,0.0,1.0,False
uefa.europa,2019-11-28T17:55:00Z,Young Boys,FC Porto,1.0,2.0,False
uefa.europa,2019-11-28T20:00:00Z,Arsenal,Eintracht Frankfurt,1.0,2.0,False
uefa.europa,2019-11-28T20:00:00Z,Celtic,Stade Rennais,3.0,1.0,False
uefa.europa,2019-11-28T20:00:00Z,F91 Dudelange,Apoel Nicosia,0.0,2.0,False
uefa.europa,2019-11-28T20:00:00Z,FC Lugano,F.C. København,0.0,1.0,False
uefa.europa,2019-11-28T20:00:00Z,Lazio,CFR Cluj-Napoca,1.0,0.0,False
uefa.europa,2019-11-28T20:00:00Z,Malmö FF,Dynamo Kyiv,4.0,3.0,False
uefa.europa,2019-11-28T20:00:00Z,Rosenborg,LASK Linz,1.0,2.0,False
uefa.europa,2019-11-28T20:00:00Z,Sevilla,FK Qarabag,2.0,0.0,False
uefa.europa,2019-11-28T20:00:00Z,Sporting CP,PSV Eindhoven,4.0,0.0,False
uefa.europa,2019-11-28T20:00:00Z,Vitória de Guimaraes,Standard Liege,1.0,1.0,False
caf.champions,2019-11-29T16:00:00Z,JS Kabylie,AS Vita Club,1.0,0.0,False
caf.champions,2019-11-29T19:00:00Z,Al Hilal Omdurman,Platinum,2.0,1.0,False
caf.champions,2019-11-29T19:00:00Z,Etoile Sahel,Al Ahly,1.0,0.0,False
caf.champions,2019-11-30T13:00:00Z,TP Mazembe,Zamalek,3.0,0.0,False
caf.champions,2019-11-30T16:00:00Z,CD Primeiro de Agosto,ZESCO United,1.0,1.0,False
caf.champions,2019-11-30T16:00:00Z,USM Alger,Wydad AC,1.0,1.0,False
caf.champions,2019-11-30T19:00:00Z,Mamelodi Sundowns,Petro de Luanda,3.0,0.0,False
caf.champions,2019-11-30T19:00:00Z,Raja Casablanca,Esperance Sportive de Tunis,0.0,2.0,False
caf.confed,2019-12-01T13:00:00Z,Al-Nasr Benghazi,Djoliba,1.0,1.0,False
caf.confed,2019-12-01T13:00:00Z,DC Motema Pembe,Zanaco,1.0,1.0,False
caf.confed,2019-12-01T13:00:00Z,Rangers International,Pyramids FC,1.0,3.0,False
caf.confed,2019-12-01T16:00:00Z,Bidvest Wits,Horoya,0.0,0.0,False
caf.confed,2019-12-01T16:00:00Z,RSB Berkane,ESAE,3.0,0.0,False
caf.confed,2019-12-01T16:00:00Z,San Pédro,Paradou AC,0.0,0.0,False
caf.confed,2019-12-01T19:00:00Z,FC Nouadhibou,Al-Masry,2.0,3.0,False
caf.confed,2019-12-01T19:00:00Z,Hassania Agadir,Enyimba,2.0,0.0,False
caf.champions,2019-12-06T16:00:00Z,AS Vita Club,Raja Casablanca,0.0,1.0,False
caf.champions,2019-12-06T19:00:00Z,Al Ahly,Al Hilal Omdurman,2.0,1.0,False
caf.champions,2019-12-06T19:00:00Z,Esperance Sportive de Tunis,JS Kabylie,1.0,0.0,False
caf.champions,2019-12-07T13:00:00Z,Petro de Luanda,USM Alger,1.0,1.0,False
caf.champions,2019-12-07T13:00:00Z,Platinum,Etoile Sahel,0.0,3.0,False
caf.champions,2019-12-07T16:00:00Z,ZESCO United,TP Mazembe,1.0,2.0,False
caf.champions,2019-12-07T19:00:00Z,Wydad AC,Mamelodi Sundowns,0.0,0.0,False
caf.champions,2019-12-07T19:00:00Z,Zamalek,CD Primeiro de Agosto,2.0,0.0,False
caf.confed,2019-12-08T13:00:00Z,ESAE,DC Motema Pembe,0.0,2.0,False
caf.confed,2019-12-08T13:00:00Z,Enyimba,San Pédro,1.0,0.0,False
caf.confed,2019-12-08T13:00:00Z,Zanaco,RSB Berkane,1.0,1.0,False
caf.confed,2019-12-08T16:00:00Z,Al-Masry,Rangers International,4.0,2.0,False
caf.confed,2019-12-08T16:00:00Z,Djoliba,Bidvest Wits,1.0,0.0,False
caf.confed,2019-12-08T16:00:00Z,Horoya,Al-Nasr Benghazi,3.0,0.0,False
caf.confed,2019-12-08T19:00:00Z,Paradou AC,Hassania Agadir,0.0,2.0,False
caf.confed,2019-12-08T19:00:00Z,Pyramids FC,FC Nouadhibou,6.0,0.0,False
uefa.champions,2019-12-10T17:55:00Z,Napoli,Racing Genk,4.0,0.0,False
uefa.champions,2019-12-10T17:55:00Z,RB Salzburg,Liverpool,0.0,2.0,False
uefa.champions,2019-12-10T20:00:00Z,Ajax Amsterdam,Valencia,0.0,1.0,False
uefa.champions,2019-12-10T20:00:00Z,Benfica,Zenit St Petersburg,3.0,0.0,False
uefa.champions,2019-12-10T20:00:00Z,Borussia Dortmund,Slavia Prague,2.0,1.0,False
uefa.champions,2019-12-10T20:00:00Z,Chelsea,Lille,2.0,1.0,False
uefa.champions,2019-12-10T20:00:00Z,Internazionale,Barcelona,1.0,2.0,False
uefa.champions,2019-12-10T20:00:00Z,Lyon,RB Leipzig,2.0,2.0,False
uefa.champions,2019-12-11T17:55:00Z,Dinamo Zagreb,Manchester City,1.0,4.0,False
uefa.champions,2019-12-11T17:55:00Z,Shakhtar Donetsk,Atalanta,0.0,3.0,False
uefa.champions,2019-12-11T20:00:00Z,Atlético Madrid,Lokomotiv Moscow,2.0,0.0,False
uefa.champions,2019-12-11T20:00:00Z,Bayer Leverkusen,Juventus,0.0,2.0,False
uefa.champions,2019-12-11T20:00:00Z,Bayern Munich,Tottenham Hotspur,3.0,1.0,False
uefa.champions,2019-12-11T20:00:00Z,Club Brugge,Real Madrid,1.0,3.0,False
uefa.champions,2019-12-11T20:00:00Z,Olympiacos,Red Star Belgrade,1.0,0.0,False
uefa.champions,2019-12-11T20:00:00Z,Paris Saint-Germain,Galatasaray,5.0,0.0,False
uefa.europa,2019-12-12T17:55:00Z,Apoel Nicosia,Sevilla,1.0,0.0,False
uefa.europa,2019-12-12T17:55:00Z,CFR Cluj-Napoca,Celtic,2.0,0.0,False
uefa.europa,2019-12-12T17:55:00Z,Dynamo Kyiv,FC Lugano,1.0,1.0,False
uefa.europa,2019-12-12T17:55:00Z,Eintracht Frankfurt,Vitória de Guimaraes,2.0,3.0,False
uefa.europa,2019-12-12T17:55:00Z,F.C. København,Malmö FF,0.0,1.0,False
uefa.europa,2019-12-12T17:55:00Z,FC Basel,Trabzonspor,2.0,0.0,False
uefa.europa,2019-12-12T17:55:00Z,FK Qarabag,F91 Dudelange,1.0,1.0,False
uefa.europa,2019-12-12T17:55:00Z,Getafe,Krasnodar,3.0,0.0,False
uefa.europa,2019-12-12T17:55:00Z,LASK Linz,Sporting CP,3.0,0.0,False
uefa.europa,2019-12-12T17:55:00Z,PSV Eindhoven,Rosenborg,1.0,1.0,False
uefa.europa,2019-12-12T17:55:00Z,Stade Rennais,Lazio,2.0,0.0,False
uefa.europa,2019-12-12T17:55:00Z,Standard Liege,Arsenal,2.0,2.0,False
uefa.europa,2019-12-12T20:00:00Z,AS Roma,Wolfsberger,2.0,2.0,False
uefa.europa,2019-12-12T20:00:00Z,Borussia Mönchengladbach,Istanbul Basaksehir,1.0,2.0,False
uefa.europa,2019-12-12T20:00:00Z,Espanyol,CSKA Moscow,0.0,1.0,False
uefa.europa,2019-12-12T20:00:00Z,FC Porto,Feyenoord Rotterdam,3.0,2.0,False
uefa.europa,2019-12-12T20:00:00Z,KAA Gent,FC Olexandriya,2.0,1.0,False
uefa.europa,2019-12-12T20:00:00Z,Ludogorets Razgrad,Ferencvaros,1.0,1.0,False
uefa.europa,2019-12-12T20:00:00Z,Manchester United,AZ Alkmaar,4.0,0.0,False
uefa.europa,2019-12-12T20:00:00Z,Partizan Belgrade,FC Astana,4.0,1.0,False
uefa.europa,2019-12-12T20:00:00Z,Rangers,Young Boys,1.0,1.0,False
uefa.europa,2019-12-12T20:00:00Z,Slovan Bratislava,Braga,2.0,4.0,False
uefa.europa,2019-12-12T20:00:00Z,VfL Wolfsburg,Saint-Étienne,1.0,0.0,False
uefa.europa,2019-12-12T20:00:00Z,Wolverhampton Wanderers,Besiktas,4.0,0.0,False
caf.champions,2019-12-27T16:00:00Z,CD Primeiro de Agosto,TP Mazembe,1.0,1.0,False
caf.champions,2019-12-27T19:00:00Z,Esperance Sportive de Tunis,AS Vita Club,0.0,0.0,False
caf.champions,2019-12-27T19:00:00Z,Raja Casablanca,JS Kabylie,2.0,0.0,False
caf.champions,2019-12-28T13:00:00Z,ZESCO United,Zamalek,1.0,1.0,False
caf.champions,2019-12-28T16:00:00Z,Etoile Sahel,Al Hilal Omdurman,0.0,1.0,False
caf.champions,2019-12-28T16:00:00Z,USM Alger,Mamelodi Sundowns,0.0,1.0,False
caf.champions,2019-12-28T19:00:00Z,Al Ahly,Platinum,2.0,0.0,False
caf.champions,2019-12-28T19:00:00Z,Wydad AC,Petro de Luanda,4.0,1.0,False
caf.confed,2019-12-29T13:00:00Z,ESAE,Zanaco,0.0,0.0,False
caf.confed,2019-12-29T13:00:00Z,San Pédro,Hassania Agadir,1.0,1.0,False
caf.confed,2019-12-29T16:00:00Z,Al-Masry,Pyramids FC,1.0,2.0,False
caf.confed,2019-12-29T16:00:00Z,Bidvest Wits,Al-Nasr Benghazi,0.0,0.0,False
caf.confed,2019-12-29T16:00:00Z,Horoya,Djoliba,1.0,0.0,False
caf.confed,2019-12-29T19:00:00Z,FC Nouadhibou,Rangers International,0.0,0.0,False
caf.confed,2019-12-29T19:00:00Z,Paradou AC,Enyimba,1.0,0.0,False
caf.confed,2019-12-29T19:00:00Z,RSB Berkane,DC Motema Pembe,3.0,0.0,False
caf.champions,2020-01-10T16:00:00Z,JS Kabylie,Raja Casablanca,0.0,0.0,False
caf.champions,2020-01-10T19:00:00Z,Zamalek,ZESCO United,2.0,0.0,False
caf.champions,2020-01-11T13:00:00Z,Mamelodi Sundowns,USM Alger,2.0,1.0,False
caf.champions,2020-01-11T13:00:00Z,Platinum,Al Ahly,1.0,1.0,False
caf.champions,2020-01-11T13:00:00Z,TP Mazembe,CD Primeiro de Agosto,2.0,1.0,False
caf.champions,2020-01-11T16:00:00Z,AS Vita Club,Esperance Sportive de Tunis,0.0,2.0,False
caf.champions,2020-01-11T16:00:00Z,Petro de Luanda,Wydad AC,2.0,2.0,False
caf.champions,2020-01-11T19:00:00Z,Al Hilal Omdurman,Etoile Sahel,1.0,2.0,False
caf.confed,2020-01-12T13:00:00Z,DC Motema Pembe,RSB Berkane,1.0,0.0,False
caf.confed,2020-01-12T13:00:00Z,Enyimba,Paradou AC,4.0,1.0,False
caf.confed,2020-01-12T13:00:00Z,Zanaco,ESAE,3.0,0.0,False
caf.confed,2020-01-12T16:00:00Z,Al-Nasr Benghazi,Bidvest Wits,2.0,1.0,False
caf.confed,2020-01-12T16:00:00Z,Pyramids FC,Al-Masry,2.0,0.0,False
caf.confed,2020-01-12T16:00:00Z,Rangers International,FC Nouadhibou,1.0,1.0,False
caf.confed,2020-01-12T19:00:00Z,Djoliba,Horoya,0.0,0.0,False
caf.confed,2020-01-12T19:00:00Z,Hassania Agadir,San Pédro,3.0,0.0,False
caf.champions,2020-01-24T19:00:00Z,Wydad AC,USM Alger,3.0,1.0,False
caf.champions,2020-01-24T19:00:00Z,Zamalek,TP Mazembe,0.0,0.0,False
caf.champions,2020-01-25T13:00:00Z,Petro de Luanda,Mamelodi Sundowns,2.0,2.0,False
caf.champions,2020-01-25T13:00:00Z,Platinum,Al Hilal Omdurman,0.0,1.0,False
caf.champions,2020-01-25T16:00:00Z,AS Vita Club,JS Kabylie,4.0,1.0,False
caf.champions,2020-01-25T16:00:00Z,ZESCO United,CD Primeiro de Agosto,1.0,1.0,False
caf.champions,2020-01-25T19:00:00Z,Esperance Sportive de Tunis,Raja Casablanca,2.0,2.0,False
caf.confed,2020-01-26T13:00:00Z,ESAE,RSB Berkane,1.0,5.0,False
caf.confed,2020-01-26T13:00:00Z,Zanaco,DC Motema Pembe,2.0,1.0,False
caf.confed,2020-01-26T16:00:00Z,Enyimba,Hassania Agadir,1.0,1.0,False
caf.confed,2020-01-26T16:00:00Z,Horoya,Bidvest Wits,2.0,1.0,False
caf.confed,2020-01-26T16:00:00Z,Pyramids FC,Rangers International,0.0,1.0,False
caf.champions,2020-01-26T19:00:00Z,Al Ahly,Etoile Sahel,1.0,0.0,False
caf.confed,2020-01-26T19:00:00Z,Al-Masry,FC Nouadhibou,1.0,0.0,False
caf.confed,2020-01-26T19:00:00Z,Djoliba,Al-Nasr Benghazi,0.0,1.0,False
caf.confed,2020-01-26T19:00:00Z,Paradou AC,San Pédro,0.0,0.0,False
caf.champions,2020-02-01T13:00:00Z,CD Primeiro de Agosto,Zamalek,0.0,0.0,False
caf.champions,2020-02-01T13:00:00Z,Mamelodi Sundowns,Wydad AC,1.0,0.0,False
caf.champions,2020-02-01T13:00:00Z,TP Mazembe,ZESCO United,3.0,1.0,False
caf.champions,2020-02-01T13:00:00Z,USM Alger,Petro de Luanda,2.0,2.0,False
caf.champions,2020-02-01T16:00:00Z,JS Kabylie,Esperance Sportive de Tunis,1.0,0.0,False
caf.champions,2020-02-01T16:00:00Z,Raja Casablanca,AS Vita Club,1.0,0.0,False
caf.champions,2020-02-01T19:00:00Z,Al Hilal Omdurman,Al Ahly,1.0,1.0,False
caf.champions,2020-02-01T19:00:00Z,Etoile Sahel,Platinum,2.0,0.0,False
caf.confed,2020-02-02T16:00:00Z,Al-Nasr Benghazi,Horoya,0.0,2.0,False
caf.confed,2020-02-02T16:00:00Z,Bidvest Wits,Djoliba,0.0,2.0,False
caf.confed,2020-02-02T16:00:00Z,FC Nouadhibou,Pyramids FC,0.0,1.0,False
caf.confed,2020-02-02T16:00:00Z,Hassania Agadir,Paradou AC,0.0,3.0,False
caf.confed,2020-02-02T16:00:00Z,San Pédro,Enyimba,2.0,5.0,False
caf.confed,2020-02-02T19:00:00Z,DC Motema Pembe,ESAE,1.0,0.0,False
caf.confed,2020-02-02T19:00:00Z,RSB Berkane,Zanaco,1.0,1.0,False
caf.confed,2020-02-02T19:00:00Z,Rangers International,Al-Masry,1.0,1.0,False
uefa.champions,2020-02-18T20:00:00Z,Atlético Madrid,Liverpool,1.0,0.0,False
uefa.champions,2020-02-18T20:00:00Z,Borussia Dortmund,Paris Saint-Germain,2.0,1.0,False
concacaf.champions,2020-02-19T01:00:00Z,Portmore Utd,Cruz Azul,1.0,2.0,False
concacaf.champions,2020-02-19T03:00:00Z,FC Motagua,Atlanta United FC,1.0,1.0,False
concacaf.champions,2020-02-19T03:00:00Z,León,LAFC,2.0,0.0,False
uefa.champions,2020-02-19T20:00:00Z,Atalanta,Valencia,4.0,1.0,False
uefa.champions,2020-02-19T20:00:00Z,Tottenham Hotspur,RB Leipzig,0.0,1.0,False
concacaf.champions,2020-02-20T01:00:00Z,Alianza FC,Tigres UANL,2.0,1.0,False
concacaf.champions,2020-02-20T01:00:00Z,Saprissa,CF Montréal,2.0,2.0,False
concacaf.champions,2020-02-20T03:00:00Z,Comunicaciones,América,1.0,1.0,False
uefa.europa,2020-02-20T17:55:00Z,CFR Cluj-Napoca,Sevilla,1.0,1.0,False
uefa.europa,2020-02-20T17:55:00Z,Club Brugge,Manchester United,1.0,1.0,False
uefa.europa,2020-02-20T17:55:00Z,Eintracht Frankfurt,RB Salzburg,4.0,1.0,False
uefa.europa,2020-02-20T17:55:00Z,F.C. København,Celtic,1.0,1.0,False
uefa.europa,2020-02-20T17:55:00Z,Getafe,Ajax Amsterdam,2.0,0.0,False
uefa.europa,2020-02-20T17:55:00Z,Ludogorets Razgrad,Internazionale,0.0,2.0,False
uefa.europa,2020-02-20T17:55:00Z,Shakhtar Donetsk,Benfica,2.0,1.0,False
uefa.europa,2020-02-20T17:55:00Z,Sporting CP,Istanbul Basaksehir,3.0,1.0,False
uefa.europa,2020-02-20T20:00:00Z,AS Roma,KAA Gent,1.0,0.0,False
uefa.europa,2020-02-20T20:00:00Z,AZ Alkmaar,LASK Linz,1.0,1.0,False
uefa.europa,2020-02-20T20:00:00Z,Apoel Nicosia,FC Basel,0.0,3.0,False
uefa.europa,2020-02-20T20:00:00Z,Bayer Leverkusen,FC Porto,2.0,1.0,False
uefa.europa,2020-02-20T20:00:00Z,Olympiacos,Arsenal,0.0,1.0,False
uefa.europa,2020-02-20T20:00:00Z,Rangers,Braga,3.0,2.0,False
uefa.europa,2020-02-20T20:00:00Z,VfL Wolfsburg,Malmö FF,2.0,1.0,False
uefa.europa,2020-02-20T20:00:00Z,Wolverhampton Wanderers,Espanyol,4.0,0.0,False
concacaf.champions,2020-02-21T01:00:00Z,AD San Carlos,New York City FC,3.0,5.0,False
concacaf.champions,2020-02-21T03:00:00Z,Club Deportivo Olimpia,Seattle Sounders FC,2.0,2.0,False
uefa.champions,2020-02-25T20:00:00Z,Chelsea,Bayern Munich,0.0,3.0,False
uefa.champions,2020-02-25T20:00:00Z,Napoli,Barcelona,1.0,1.0,False
concacaf.champions,2020-02-26T01:00:00Z,Atlanta United FC,FC Motagua,3.0,0.0,False
concacaf.champions,2020-02-26T03:00:00Z,Cruz Azul,Portmore Utd,4.0,0.0,False
uefa.europa,2020-02-26T17:00:00Z,Braga,Rangers,0.0,1.0,False
uefa.champions,2020-02-26T20:00:00Z,Lyon,Juventus,1.0,0.0,False
uefa.champions,2020-02-26T20:00:00Z,Real Madrid,Manchester City,1.0,2.0,False
concacaf.champions,2020-02-26T23:00:00Z,New York City FC,AD San Carlos,1.0,0.0,False
concacaf.champions,2020-02-27T01:00:00Z,CF Montréal,Saprissa,0.0,0.0,False
concacaf.champions,2020-02-27T01:00:00Z,Tigres UANL,Alianza FC,4.0,2.0,False
concacaf.champions,2020-02-27T03:00:00Z,América,Comunicaciones,1.0,1.0,False
uefa.europa,2020-02-27T17:55:00Z,Espanyol,Wolverhampton Wanderers,3.0,2.0,False
uefa.europa,2020-02-27T17:55:00Z,FC Basel,Apoel Nicosia,1.0,0.0,False
uefa.europa,2020-02-27T17:55:00Z,FC Porto,Bayer Leverkusen,1.0,3.0,False
uefa.europa,2020-02-27T17:55:00Z,Istanbul Basaksehir,Sporting CP,4.0,1.0,False
uefa.europa,2020-02-27T17:55:00Z,KAA Gent,AS Roma,1.0,1.0,False
uefa.europa,2020-02-27T17:55:00Z,LASK Linz,AZ Alkmaar,2.0,0.0,False
uefa.europa,2020-02-27T17:55:00Z,Malmö FF,VfL Wolfsburg,0.0,3.0,False
uefa.europa,2020-02-27T20:00:00Z,Ajax Amsterdam,Getafe,2.0,1.0,False
uefa.europa,2020-02-27T20:00:00Z,Arsenal,Olympiacos,1.0,2.0,False
uefa.europa,2020-02-27T20:00:00Z,Benfica,Shakhtar Donetsk,3.0,3.0,False
uefa.europa,2020-02-27T20:00:00Z,Celtic,F.C. København,1.0,3.0,False
uefa.europa,2020-02-27T20:00:00Z,Internazionale,Ludogorets Razgrad,2.0,1.0,False
uefa.europa,2020-02-27T20:00:00Z,Manchester United,Club Brugge,5.0,0.0,False
uefa.europa,2020-02-27T20:00:00Z,Sevilla,CFR Cluj-Napoca,0.0,0.0,False
concacaf.champions,2020-02-28T03:00:00Z,LAFC,León,3.0,0.0,False
concacaf.champions,2020-02-28T03:00:00Z,Seattle Sounders FC,Club Deportivo Olimpia,2.0,2.0,False
caf.champions,2020-02-28T16:00:00Z,Zamalek,Esperance Sportive de Tunis,3.0,1.0,False
uefa.europa,2020-02-28T17:00:00Z,RB Salzburg,Eintracht Frankfurt,2.0,2.0,False
caf.champions,2020-02-28T19:00:00Z,Raja Casablanca,TP Mazembe,2.0,0.0,False
caf.champions,2020-02-29T16:00:00Z,Al Ahly,Mamelodi Sundowns,2.0,0.0,False
caf.champions,2020-02-29T19:00:00Z,Wydad AC,Etoile Sahel,2.0,0.0,False
caf.confed,2020-03-01T13:00:00Z,Enyimba,Horoya,1.0,1.0,False
caf.confed,2020-03-01T13:00:00Z,Zanaco,Pyramids FC,0.0,3.0,False
caf.confed,2020-03-01T16:00:00Z,Al-Nasr Benghazi,Hassania Agadir,0.0,5.0,False
caf.confed,2020-03-01T19:00:00Z,Al-Masry,RSB Berkane,2.0,2.0,False
caf.champions,2020-03-06T19:00:00Z,Esperance Sportive de Tunis,Zamalek,1.0,0.0,False
caf.champions,2020-03-07T13:00:00Z,Mamelodi Sundowns,Al Ahly,1.0,1.0,False
caf.champions,2020-03-07T13:00:00Z,TP Mazembe,Raja Casablanca,1.0,0.0,False
caf.champions,2020-03-07T19:00:00Z,Etoile Sahel,Wydad AC,1.0,0.0,False
caf.confed,2020-03-08T13:00:00Z,Pyramids FC,Zanaco,0.0,1.0,False
caf.confed,2020-03-08T16:00:00Z,Hassania Agadir,Al-Nasr Benghazi,2.0,0.0,False
caf.confed,2020-03-08T16:00:00Z,Horoya,Enyimba,2.0,0.0,False
caf.confed,2020-03-08T19:00:00Z,RSB Berkane,Al-Masry,1.0,0.0,False
uefa.champions,2020-03-10T20:00:00Z,RB Leipzig,Tottenham Hotspur,3.0,0.0,False
uefa.champions,2020-03-10T20:00:00Z,Valencia,Atalanta,3.0,4.0,False
concacaf.champions,2020-03-11T00:00:00Z,CF Montréal,Club Deportivo Olimpia,1.0,2.0,False
uefa.champions,2020-03-11T20:00:00Z,Liverpool,Atlético Madrid,2.0,3.0,False
uefa.champions,2020-03-11T20:00:00Z,Paris Saint-Germain,Borussia Dortmund,2.0,0.0,False
concacaf.champions,2020-03-12T00:00:00Z,New York City FC,Tigres UANL,0.0,1.0,False
concacaf.champions,2020-03-12T02:30:00Z,América,Atlanta United FC,3.0,0.0,False
uefa.europa,2020-03-12T17:55:00Z,Eintracht Frankfurt,FC Basel,0.0,3.0,False
uefa.europa,2020-03-12T17:55:00Z,Istanbul Basaksehir,F.C. København,1.0,0.0,False
uefa.europa,2020-03-12T17:55:00Z,LASK Linz,Manchester United,0.0,5.0,False
uefa.europa,2020-03-12T20:00:00Z,Olympiacos,Wolverhampton Wanderers,1.0,1.0,False
uefa.europa,2020-03-12T20:00:00Z,Rangers,Bayer Leverkusen,1.0,3.0,False
uefa.europa,2020-03-12T20:00:00Z,VfL Wolfsburg,Shakhtar Donetsk,1.0,2.0,False
uefa.europa,2020-08-05T16:55:00Z,F.C. København,Istanbul Basaksehir,3.0,0.0,False
uefa.europa,2020-08-05T16:55:00Z,Shakhtar Donetsk,VfL Wolfsburg,3.0,0.0,False
uefa.europa,2020-08-05T19:00:00Z,Internazionale,Getafe,2.0,0.0,False
uefa.europa,2020-08-05T19:00:00Z,Manchester United,LASK Linz,2.0,1.0,False
uefa.europa,2020-08-06T16:55:00Z,Bayer Leverkusen,Rangers,1.0,0.0,False
uefa.europa,2020-08-06T16:55:00Z,Sevilla,AS Roma,2.0,0.0,False
uefa.europa,2020-08-06T19:00:00Z,FC Basel,Eintracht Frankfurt,1.0,0.0,False
uefa.europa,2020-08-06T19:00:00Z,Wolverhampton Wanderers,Olympiacos,1.0,0.0,False
uefa.champions,2020-08-07T19:00:00Z,Juventus,Lyon,2.0,1.0,False
uefa.champions,2020-08-07T19:00:00Z,Manchester City,Real Madrid,2.0,1.0,False
uefa.champions,2020-08-08T19:00:00Z,Barcelona,Napoli,3.0,1.0,False
uefa.champions,2020-08-08T19:00:00Z,Bayern Munich,Chelsea,4.0,1.0,False
uefa.europa,2020-08-10T19:00:00Z,Internazionale,Bayer Leverkusen,2.0,1.0,False
uefa.europa,2020-08-10T19:00:00Z,Manchester United,F.C. København,1.0,0.0,False
uefa.europa,2020-08-11T19:00:00Z,Shakhtar Donetsk,FC Basel,4.0,1.0,False
uefa.europa,2020-08-11T19:00:00Z,Wolverhampton Wanderers,Sevilla,0.0,1.0,False
uefa.champions,2020-08-12T19:00:00Z,Atalanta,Paris Saint-Germain,1.0,2.0,False
uefa.champions,2020-08-13T19:00:00Z,RB Leipzig,Atlético Madrid,2.0,1.0,False
uefa.champions,2020-08-14T19:00:00Z,Barcelona,Bayern Munich,2.0,8.0,False
uefa.champions,2020-08-15T19:00:00Z,Manchester City,Lyon,1.0,3.0,False
uefa.europa,2020-08-16T19:00:00Z,Sevilla,Manchester United,2.0,1.0,False
uefa.europa,2020-08-17T19:00:00Z,Internazionale,Shakhtar Donetsk,5.0,0.0,False
uefa.champions,2020-08-18T19:00:00Z,RB Leipzig,Paris Saint-Germain,0.0,3.0,False
uefa.champions,2020-08-19T19:00:00Z,Lyon,Bayern Munich,0.0,3.0,False
uefa.europa,2020-08-21T19:00:00Z,Sevilla,Internazionale,3.0,2.0,False
uefa.champions,2020-08-23T19:00:00Z,Paris Saint-Germain,Bayern Munich,0.0,1.0,False
caf.champions,2020-10-17T19:00:00Z,Wydad AC,Al Ahly,0.0,2.0,False
caf.champions,2020-10-18T19:00:00Z,Raja Casablanca,Zamalek,0.0,1.0,False
caf.confed,2020-10-19T19:00:00Z,RSB Berkane,Hassania Agadir,2.0,1.0,False
uefa.champions,2020-10-20T16:55:00Z,Dynamo Kyiv,Juventus,0.0,2.0,False
uefa.champions,2020-10-20T16:55:00Z,Zenit St Petersburg,Club Brugge,1.0,2.0,False
caf.confed,2020-10-20T19:00:00Z,Pyramids FC,Horoya,2.0,0.0,False
uefa.champions,2020-10-20T19:00:00Z,Barcelona,Ferencvaros,5.0,1.0,False
uefa.champions,2020-10-20T19:00:00Z,Chelsea,Sevilla,0.0,0.0,False
uefa.champions,2020-10-20T19:00:00Z,Lazio,Borussia Dortmund,3.0,1.0,False
uefa.champions,2020-10-20T19:00:00Z,Paris Saint-Germain,Manchester United,1.0,2.0,False
uefa.champions,2020-10-20T19:00:00Z,RB Leipzig,Istanbul Basaksehir,2.0,0.0,False
uefa.champions,2020-10-20T19:00:00Z,Stade Rennais,Krasnodar,1.0,1.0,False
uefa.champions,2020-10-21T16:55:00Z,RB Salzburg,Lokomotiv Moscow,2.0,2.0,False
uefa.champions,2020-10-21T16:55:00Z,Real Madrid,Shakhtar Donetsk,2.0,3.0,False
uefa.champions,2020-10-21T19:00:00Z,Ajax Amsterdam,Liverpool,0.0,1.0,False
uefa.champions,2020-10-21T19:00:00Z,Bayern Munich,Atlético Madrid,4.0,0.0,False
uefa.champions,2020-10-21T19:00:00Z,FC Midtjylland,Atalanta,0.0,4.0,False
uefa.champions,2020-10-21T19:00:00Z,Internazionale,Borussia Mönchengladbach,2.0,2.0,False
uefa.champions,2020-10-21T19:00:00Z,Manchester City,FC Porto,3.0,1.0,False
uefa.champions,2020-10-21T19:00:00Z,Olympiacos,Marseille,1.0,0.0,False
uefa.europa,2020-10-22T16:55:00Z,Bayer Leverkusen,Nice,6.0,2.0,False
uefa.europa,2020-10-22T16:55:00Z,CSKA Sofia,CFR Cluj-Napoca,0.0,2.0,False
uefa.europa,2020-10-22T16:55:00Z,Dundalk,Molde,1.0,2.0,False
uefa.europa,2020-10-22T16:55:00Z,Hapoel Be'er,Slavia Prague,3.0,1.0,False
uefa.europa,2020-10-22T16:55:00Z,Lech Poznan,Benfica,2.0,4.0,False
uefa.europa,2020-10-22T16:55:00Z,Napoli,AZ Alkmaar,0.0,1.0,False
uefa.europa,2020-10-22T16:55:00Z,PAOK,Omonia Nicosia,1.0,1.0,False
uefa.europa,2020-10-22T16:55:00Z,PSV Eindhoven,Granada,1.0,2.0,False
uefa.europa,2020-10-22T16:55:00Z,Rapid Vienna,Arsenal,1.0,2.0,False
uefa.europa,2020-10-22T16:55:00Z,Rijeka,Real Sociedad,0.0,1.0,False
uefa.europa,2020-10-22T16:55:00Z,Standard Liege,Rangers,0.0,2.0,False
uefa.europa,2020-10-22T16:55:00Z,Young Boys,AS Roma,1.0,2.0,False
uefa.europa,2020-10-22T19:00:00Z,Braga,AEK Athens,3.0,0.0,False
uefa.europa,2020-10-22T19:00:00Z,Celtic,AC Milan,1.0,3.0,False
uefa.europa,2020-10-22T19:00:00Z,Dinamo Zagreb,Feyenoord Rotterdam,0.0,0.0,False
uefa.europa,2020-10-22T19:00:00Z,Leicester City,FC Zorya Luhansk,3.0,0.0,False
uefa.europa,2020-10-22T19:00:00Z,Liberec,KAA Gent,1.0,0.0,False
uefa.europa,2020-10-22T19:00:00Z,Ludogorets Razgrad,Antwerp,1.0,2.0,False
uefa.europa,2020-10-22T19:00:00Z,Maccabi Tel-Aviv,FK Qarabag,1.0,0.0,False
uefa.europa,2020-10-22T19:00:00Z,Sparta Prague,Lille,1.0,4.0,False
uefa.europa,2020-10-22T19:00:00Z,TSG Hoffenheim,Red Star Belgrade,2.0,0.0,False
uefa.europa,2020-10-22T19:00:00Z,Tottenham Hotspur,LASK Linz,3.0,0.0,False
uefa.europa,2020-10-22T19:00:00Z,Villarreal,Sivasspor,5.0,3.0,False
uefa.europa,2020-10-22T19:00:00Z,Wolfsberger,CSKA Moscow,1.0,1.0,False
caf.champions,2020-10-23T19:00:00Z,Al Ahly,Wydad AC,3.0,1.0,False
caf.confed,2020-10-25T19:00:00Z,Pyramids FC,RSB Berkane,0.0,1.0,False
uefa.champions,2020-10-27T17:55:00Z,Lokomotiv Moscow,Bayern Munich,1.0,2.0,False
uefa.champions,2020-10-27T17:55:00Z,Shakhtar Donetsk,Internazionale,0.0,0.0,False
uefa.champions,2020-10-27T20:00:00Z,Atalanta,Ajax Amsterdam,2.0,2.0,False
uefa.champions,2020-10-27T20:00:00Z,Atlético Madrid,RB Salzburg,3.0,2.0,False
uefa.champions,2020-10-27T20:00:00Z,Borussia Mönchengladbach,Real Madrid,2.0,2.0,False
uefa.champions,2020-10-27T20:00:00Z,FC Porto,Olympiacos,2.0,0.0,False
uefa.champions,2020-10-27T20:00:00Z,Liverpool,FC Midtjylland,2.0,0.0,False
uefa.champions,2020-10-27T20:00:00Z,Marseille,Manchester City,0.0,3.0,False
uefa.champions,2020-10-28T17:55:00Z,Istanbul Basaksehir,Paris Saint-Germain,0.0,2.0,False
uefa.champions,2020-10-28T17:55:00Z,Krasnodar,Chelsea,0.0,4.0,False
uefa.champions,2020-10-28T20:00:00Z,Borussia Dortmund,Zenit St Petersburg,2.0,0.0,False
uefa.champions,2020-10-28T20:00:00Z,Club Brugge,Lazio,1.0,1.0,False
uefa.champions,2020-10-28T20:00:00Z,Ferencvaros,Dynamo Kyiv,2.0,2.0,False
uefa.champions,2020-10-28T20:00:00Z,Juventus,Barcelona,0.0,2.0,False
uefa.champions,2020-10-28T20:00:00Z,Manchester United,RB Leipzig,5.0,0.0,False
uefa.champions,2020-10-28T20:00:00Z,Sevilla,Stade Rennais,1.0,0.0,False
uefa.europa,2020-10-29T17:55:00Z,AC Milan,Sparta Prague,3.0,0.0,False
uefa.europa,2020-10-29T17:55:00Z,AEK Athens,Leicester City,1.0,2.0,False
uefa.europa,2020-10-29T17:55:00Z,Antwerp,Tottenham Hotspur,1.0,0.0,False
uefa.europa,2020-10-29T17:55:00Z,CSKA Moscow,Dinamo Zagreb,0.0,0.0,False
uefa.europa,2020-10-29T17:55:00Z,FC Zorya Luhansk,Braga,1.0,2.0,False
uefa.europa,2020-10-29T17:55:00Z,FK Qarabag,Villarreal,1.0,3.0,False
uefa.europa,2020-10-29T17:55:00Z,Feyenoord Rotterdam,Wolfsberger,1.0,4.0,False
uefa.europa,2020-10-29T17:55:00Z,KAA Gent,TSG Hoffenheim,1.0,4.0,False
uefa.europa,2020-10-29T17:55:00Z,LASK Linz,Ludogorets Razgrad,4.0,3.0,False
uefa.europa,2020-10-29T17:55:00Z,Lille,Celtic,2.0,2.0,False
uefa.europa,2020-10-29T17:55:00Z,Red Star Belgrade,Liberec,5.0,1.0,False
uefa.europa,2020-10-29T17:55:00Z,Sivasspor,Maccabi Tel-Aviv,1.0,2.0,False
uefa.europa,2020-10-29T20:00:00Z,AS Roma,CSKA Sofia,0.0,0.0,False
uefa.europa,2020-10-29T20:00:00Z,AZ Alkmaar,Rijeka,4.0,1.0,False
uefa.europa,2020-10-29T20:00:00Z,Arsenal,Dundalk,3.0,0.0,False
uefa.europa,2020-10-29T20:00:00Z,Benfica,Standard Liege,3.0,0.0,False
uefa.europa,2020-10-29T20:00:00Z,CFR Cluj-Napoca,Young Boys,1.0,1.0,False
uefa.europa,2020-10-29T20:00:00Z,Granada,PAOK,0.0,0.0,False
uefa.europa,2020-10-29T20:00:00Z,Molde,Rapid Vienna,1.0,0.0,False
uefa.europa,2020-10-29T20:00:00Z,Nice,Hapoel Be'er,1.0,0.0,False
uefa.europa,2020-10-29T20:00:00Z,Omonia Nicosia,PSV Eindhoven,1.0,2.0,False
uefa.europa,2020-10-29T20:00:00Z,Rangers,Lech Poznan,1.0,0.0,False
uefa.europa,2020-10-29T20:00:00Z,Real Sociedad,Napoli,0.0,1.0,False
uefa.europa,2020-10-29T20:00:00Z,Slavia Prague,Bayer Leverkusen,1.0,0.0,False
uefa.champions,2020-11-03T17:55:00Z,Lokomotiv Moscow,Atlético Madrid,1.0,1.0,False
uefa.champions,2020-11-03T17:55:00Z,Shakhtar Donetsk,Borussia Mönchengladbach,0.0,6.0,False
uefa.champions,2020-11-03T20:00:00Z,Atalanta,Liverpool,0.0,5.0,False
uefa.champions,2020-11-03T20:00:00Z,FC Midtjylland,Ajax Amsterdam,1.0,2.0,False
uefa.champions,2020-11-03T20:00:00Z,FC Porto,Marseille,3.0,0.0,False
uefa.champions,2020-11-03T20:00:00Z,Manchester City,Olympiacos,3.0,0.0,False
uefa.champions,2020-11-03T20:00:00Z,RB Salzburg,Bayern Munich,2.0,6.0,False
uefa.champions,2020-11-03T20:00:00Z,Real Madrid,Internazionale,3.0,2.0,False
uefa.champions,2020-11-04T17:55:00Z,Istanbul Basaksehir,Manchester United,2.0,1.0,False
uefa.champions,2020-11-04T17:55:00Z,Zenit St Petersburg,Lazio,1.0,1.0,False
caf.champions,2020-11-04T19:00:00Z,Zamalek,Raja Casablanca,3.0,1.0,False
uefa.champions,2020-11-04T20:00:00Z,Barcelona,Dynamo Kyiv,2.0,1.0,False
uefa.champions,2020-11-04T20:00:00Z,Chelsea,Stade Rennais,3.0,0.0,False
uefa.champions,2020-11-04T20:00:00Z,Club Brugge,Borussia Dortmund,0.0,3.0,False
uefa.champions,2020-11-04T20:00:00Z,Ferencvaros,Juventus,1.0,4.0,False
uefa.champions,2020-11-04T20:00:00Z,RB Leipzig,Paris Saint-Germain,2.0,1.0,False
uefa.champions,2020-11-04T20:00:00Z,Sevilla,Krasnodar,3.0,2.0,False
uefa.europa,2020-11-05T17:55:00Z,AS Roma,CFR Cluj-Napoca,5.0,0.0,False
uefa.europa,2020-11-05T17:55:00Z,Benfica,Rangers,3.0,3.0,False
uefa.europa,2020-11-05T17:55:00Z,Hapoel Be'er,Bayer Leverkusen,2.0,4.0,False
uefa.europa,2020-11-05T17:55:00Z,Lech Poznan,Standard Liege,3.0,1.0,False
uefa.europa,2020-11-05T17:55:00Z,Ludogorets Razgrad,Tottenham Hotspur,1.0,3.0,False
uefa.europa,2020-11-05T17:55:00Z,Omonia Nicosia,Granada,0.0,2.0,False
uefa.europa,2020-11-05T17:55:00Z,PAOK,PSV Eindhoven,4.0,1.0,False
uefa.europa,2020-11-05T17:55:00Z,Rapid Vienna,Dundalk,4.0,3.0,False
uefa.europa,2020-11-05T17:55:00Z,Real Sociedad,AZ Alkmaar,1.0,0.0,False
uefa.europa,2020-11-05T17:55:00Z,Rijeka,Napoli,1.0,2.0,False
uefa.europa,2020-11-05T17:55:00Z,Sivasspor,FK Qarabag,2.0,0.0,False
uefa.europa,2020-11-05T17:55:00Z,Slavia Prague,Nice,3.0,2.0,False
uefa.europa,2020-11-05T20:00:00Z,AC Milan,Lille,0.0,3.0,False
uefa.europa,2020-11-05T20:00:00Z,Antwerp,LASK Linz,0.0,1.0,False
uefa.europa,2020-11-05T20:00:00Z,Arsenal,Molde,4.0,1.0,False
uefa.europa,2020-11-05T20:00:00Z,Celtic,Sparta Prague,1.0,4.0,False
uefa.europa,2020-11-05T20:00:00Z,Dinamo Zagreb,Wolfsberger,1.0,0.0,False
uefa.europa,2020-11-05T20:00:00Z,FC Zorya Luhansk,AEK Athens,1.0,4.0,False
uefa.europa,2020-11-05T20:00:00Z,Feyenoord Rotterdam,CSKA Moscow,3.0,1.0,False
uefa.europa,2020-11-05T20:00:00Z,Leicester City,Braga,4.0,0.0,False
uefa.europa,2020-11-05T20:00:00Z,Red Star Belgrade,KAA Gent,2.0,1.0,False
uefa.europa,2020-11-05T20:00:00Z,TSG Hoffenheim,Liberec,5.0,0.0,False
uefa.europa,2020-11-05T20:00:00Z,Young Boys,CSKA Sofia,3.0,0.0,False
uefa.europa,2020-11-05T21:10:00Z,Villarreal,Maccabi Tel-Aviv,4.0,0.0,False
uefa.champions,2020-11-24T17:55:00Z,Krasnodar,Sevilla,1.0,2.0,False
uefa.champions,2020-11-24T17:55:00Z,Stade Rennais,Chelsea,1.0,2.0,False
uefa.champions,2020-11-24T20:00:00Z,Borussia Dortmund,Club Brugge,3.0,0.0,False
uefa.champions,2020-11-24T20:00:00Z,Dynamo Kyiv,Barcelona,0.0,4.0,False
uefa.champions,2020-11-24T20:00:00Z,Juventus,Ferencvaros,2.0,1.0,False
uefa.champions,2020-11-24T20:00:00Z,Lazio,Zenit St Petersburg,3.0,1.0,False
uefa.champions,2020-11-24T20:00:00Z,Manchester United,Istanbul Basaksehir,4.0,1.0,False
uefa.champions,2020-11-24T20:00:00Z,Paris Saint-Germain,RB Leipzig,1.0,0.0,False
uefa.champions,2020-11-25T17:55:00Z,Borussia Mönchengladbach,Shakhtar Donetsk,4.0,0.0,False
uefa.champions,2020-11-25T17:55:00Z,Olympiacos,Manchester City,0.0,1.0,False
uefa.champions,2020-11-25T20:00:00Z,Ajax Amsterdam,FC Midtjylland,3.0,1.0,False
uefa.champions,2020-11-25T20:00:00Z,Atlético Madrid,Lokomotiv Moscow,0.0,0.0,False
uefa.champions,2020-11-25T20:00:00Z,Bayern Munich,RB Salzburg,3.0,1.0,False
uefa.champions,2020-11-25T20:00:00Z,Internazionale,Real Madrid,0.0,2.0,False
uefa.champions,2020-11-25T20:00:00Z,Liverpool,Atalanta,0.0,2.0,False
uefa.champions,2020-11-25T20:00:00Z,Marseille,FC Porto,0.0,2.0,False
uefa.europa,2020-11-26T17:55:00Z,AEK Athens,FC Zorya Luhansk,0.0,3.0,False
uefa.europa,2020-11-26T17:55:00Z,Braga,Leicester City,3.0,3.0,False
uefa.europa,2020-11-26T17:55:00Z,CSKA Moscow,Feyenoord Rotterdam,0.0,0.0,False
uefa.europa,2020-11-26T17:55:00Z,CSKA Sofia,Young Boys,0.0,1.0,False
uefa.europa,2020-11-26T17:55:00Z,FK Qarabag,Sivasspor,2.0,3.0,False
uefa.europa,2020-11-26T17:55:00Z,KAA Gent,Red Star Belgrade,0.0,2.0,False
uefa.europa,2020-11-26T17:55:00Z,LASK Linz,Antwerp,0.0,2.0,False
uefa.europa,2020-11-26T17:55:00Z,Liberec,TSG Hoffenheim,0.0,2.0,False
uefa.europa,2020-11-26T17:55:00Z,Lille,AC Milan,1.0,1.0,False
uefa.europa,2020-11-26T17:55:00Z,Maccabi Tel-Aviv,Villarreal,1.0,1.0,False
uefa.europa,2020-11-26T17:55:00Z,Molde,Arsenal,0.0,3.0,False
uefa.europa,2020-11-26T17:55:00Z,Sparta Prague,Celtic,4.0,1.0,False
uefa.europa,2020-11-26T17:55:00Z,Wolfsberger,Dinamo Zagreb,0.0,3.0,False
uefa.europa,2020-11-26T20:00:00Z,AZ Alkmaar,Real Sociedad,0.0,0.0,False
uefa.europa,2020-11-26T20:00:00Z,Bayer Leverkusen,Hapoel Be'er,4.0,1.0,False
uefa.europa,2020-11-26T20:00:00Z,CFR Cluj-Napoca,AS Roma,0.0,2.0,False
uefa.europa,2020-11-26T20:00:00Z,Dundalk,Rapid Vienna,1.0,3.0,False
uefa.europa,2020-11-26T20:00:00Z,Granada,Omonia Nicosia,2.0,1.0,False
uefa.europa,2020-11-26T20:00:00Z,Napoli,Rijeka,2.0,0.0,False
uefa.europa,2020-11-26T20:00:00Z,Nice,Slavia Prague,1.0,3.0,False
uefa.europa,2020-11-26T20:00:00Z,PSV Eindhoven,PAOK,3.0,2.0,False
uefa.europa,2020-11-26T20:00:00Z,Rangers,Benfica,2.0,2.0,False
uefa.europa,2020-11-26T20:00:00Z,Standard Liege,Lech Poznan,2.0,1.0,False
uefa.europa,2020-11-26T20:00:00Z,Tottenham Hotspur,Ludogorets Razgrad,4.0,0.0,False
caf.champions,2020-11-27T19:00:00Z,Zamalek,Al Ahly,1.0,2.0,False
uefa.champions,2020-12-01T17:55:00Z,Lokomotiv Moscow,RB Salzburg,1.0,3.0,False
uefa.champions,2020-12-01T17:55:00Z,Shakhtar Donetsk,Real Madrid,2.0,0.0,False
uefa.champions,2020-12-01T20:00:00Z,Atalanta,FC Midtjylland,1.0,1.0,False
uefa.champions,2020-12-01T20:00:00Z,Atlético Madrid,Bayern Munich,1.0,1.0,False
uefa.champions,2020-12-01T20:00:00Z,Borussia Mönchengladbach,Internazionale,2.0,3.0,False
uefa.champions,2020-12-01T20:00:00Z,FC Porto,Manchester City,0.0,0.0,False
uefa.champions,2020-12-01T20:00:00Z,Liverpool,Ajax Amsterdam,1.0,0.0,False
uefa.champions,2020-12-01T20:00:00Z,Marseille,Olympiacos,2.0,1.0,False
uefa.champions,2020-12-02T17:55:00Z,Istanbul Basaksehir,RB Leipzig,3.0,4.0,False
uefa.champions,2020-12-02T17:55:00Z,Krasnodar,Stade Rennais,1.0,0.0,False
uefa.champions,2020-12-02T20:00:00Z,Borussia Dortmund,Lazio,1.0,1.0,False
uefa.champions,2020-12-02T20:00:00Z,Club Brugge,Zenit St Petersburg,3.0,0.0,False
uefa.champions,2020-12-02T20:00:00Z,Ferencvaros,Barcelona,0.0,3.0,False
uefa.champions,2020-12-02T20:00:00Z,Juventus,Dynamo Kyiv,3.0,0.0,False
uefa.champions,2020-12-02T20:00:00Z,Manchester United,Paris Saint-Germain,1.0,3.0,False
uefa.champions,2020-12-02T20:00:00Z,Sevilla,Chelsea,0.0,4.0,False
uefa.europa,2020-12-03T17:55:00Z,AC Milan,Celtic,4.0,2.0,False
uefa.europa,2020-12-03T17:55:00Z,AEK Athens,Braga,2.0,4.0,False
uefa.europa,2020-12-03T17:55:00Z,Antwerp,Ludogorets Razgrad,3.0,1.0,False
uefa.europa,2020-12-03T17:55:00Z,CSKA Moscow,Wolfsberger,0.0,1.0,False
uefa.europa,2020-12-03T17:55:00Z,FC Zorya Luhansk,Leicester City,1.0,0.0,False
uefa.europa,2020-12-03T17:55:00Z,FK Qarabag,Maccabi Tel-Aviv,1.0,1.0,False
uefa.europa,2020-12-03T17:55:00Z,Feyenoord Rotterdam,Dinamo Zagreb,0.0,2.0,False
uefa.europa,2020-12-03T17:55:00Z,KAA Gent,Liberec,1.0,2.0,False
uefa.europa,2020-12-03T17:55:00Z,LASK Linz,Tottenham Hotspur,3.0,3.0,False
uefa.europa,2020-12-03T17:55:00Z,Lille,Sparta Prague,2.0,1.0,False
uefa.europa,2020-12-03T17:55:00Z,Red Star Belgrade,TSG Hoffenheim,0.0,0.0,False
uefa.europa,2020-12-03T17:55:00Z,Sivasspor,Villarreal,0.0,1.0,False
uefa.europa,2020-12-03T20:00:00Z,AS Roma,Young Boys,3.0,1.0,False
uefa.europa,2020-12-03T20:00:00Z,AZ Alkmaar,Napoli,1.0,1.0,False
uefa.europa,2020-12-03T20:00:00Z,Arsenal,Rapid Vienna,4.0,1.0,False
uefa.europa,2020-12-03T20:00:00Z,Benfica,Lech Poznan,4.0,0.0,False
uefa.europa,2020-12-03T20:00:00Z,CFR Cluj-Napoca,CSKA Sofia,0.0,0.0,False
uefa.europa,2020-12-03T20:00:00Z,Granada,PSV Eindhoven,0.0,1.0,False
uefa.europa,2020-12-03T20:00:00Z,Molde,Dundalk,3.0,1.0,False
uefa.europa,2020-12-03T20:00:00Z,Nice,Bayer Leverkusen,2.0,3.0,False
uefa.europa,2020-12-03T20:00:00Z,Omonia Nicosia,PAOK,2.0,1.0,False
uefa.europa,2020-12-03T20:00:00Z,Rangers,Standard Liege,3.0,2.0,False
uefa.europa,2020-12-03T20:00:00Z,Real Sociedad,Rijeka,2.0,2.0,False
uefa.europa,2020-12-03T20:00:00Z,Slavia Prague,Hapoel Be'er,3.0,0.0,False
uefa.champions,2020-12-08T17:55:00Z,Lazio,Club Brugge,2.0,2.0,False
uefa.champions,2020-12-08T17:55:00Z,Zenit St Petersburg,Borussia Dortmund,1.0,2.0,False
uefa.champions,2020-12-08T20:00:00Z,Barcelona,Juventus,0.0,3.0,False
uefa.champions,2020-12-08T20:00:00Z,Chelsea,Krasnodar,1.0,1.0,False
uefa.champions,2020-12-08T20:00:00Z,Dynamo Kyiv,Ferencvaros,1.0,0.0,False
uefa.champions,2020-12-08T20:00:00Z,RB Leipzig,Manchester United,3.0,2.0,False
uefa.champions,2020-12-08T20:00:00Z,Stade Rennais,Sevilla,1.0,3.0,False
uefa.champions,2020-12-09T17:55:00Z,Ajax Amsterdam,Atalanta,0.0,1.0,False
uefa.champions,2020-12-09T17:55:00Z,FC Midtjylland,Liverpool,1.0,1.0,False
uefa.champions,2020-12-09T17:55:00Z,Paris Saint-Germain,Istanbul Basaksehir,5.0,1.0,False
uefa.champions,2020-12-09T20:00:00Z,Bayern Munich,Lokomotiv Moscow,2.0,0.0,False
uefa.champions,2020-12-09T20:00:00Z,Internazionale,Shakhtar Donetsk,0.0,0.0,False
uefa.champions,2020-12-09T20:00:00Z,Manchester City,Marseille,3.0,0.0,False
uefa.champions,2020-12-09T20:00:00Z,Olympiacos,FC Porto,0.0,2.0,False
uefa.champions,2020-12-09T20:00:00Z,RB Salzburg,Atlético Madrid,0.0,2.0,False
uefa.champions,2020-12-09T20:00:00Z,Real Madrid,Borussia Mönchengladbach,2.0,0.0,False
uefa.europa,2020-12-10T17:55:00Z,Bayer Leverkusen,Slavia Prague,4.0,0.0,False
uefa.europa,2020-12-10T17:55:00Z,CSKA Sofia,AS Roma,3.0,1.0,False
uefa.europa,2020-12-10T17:55:00Z,Dundalk,Arsenal,2.0,4.0,False
uefa.europa,2020-12-10T17:55:00Z,Hapoel Be'er,Nice,1.0,0.0,False
uefa.europa,2020-12-10T17:55:00Z,Lech Poznan,Rangers,0.0,2.0,False
uefa.europa,2020-12-10T17:55:00Z,Napoli,Real Sociedad,1.0,1.0,False
uefa.europa,2020-12-10T17:55:00Z,PAOK,Granada,0.0,0.0,False
uefa.europa,2020-12-10T17:55:00Z,PSV Eindhoven,Omonia Nicosia,4.0,0.0,False
uefa.europa,2020-12-10T17:55:00Z,Rapid Vienna,Molde,2.0,2.0,False
uefa.europa,2020-12-10T17:55:00Z,Rijeka,AZ Alkmaar,2.0,1.0,False
uefa.europa,2020-12-10T17:55:00Z,Standard Liege,Benfica,2.0,2.0,False
uefa.europa,2020-12-10T17:55:00Z,Young Boys,CFR Cluj-Napoca,2.0,1.0,False
uefa.europa,2020-12-10T20:00:00Z,Braga,FC Zorya Luhansk,2.0,0.0,False
uefa.europa,2020-12-10T20:00:00Z,Celtic,Lille,3.0,2.0,False
uefa.europa,2020-12-10T20:00:00Z,Dinamo Zagreb,CSKA Moscow,3.0,1.0,False
uefa.europa,2020-12-10T20:00:00Z,Leicester City,AEK Athens,2.0,0.0,False
uefa.europa,2020-12-10T20:00:00Z,Liberec,Red Star Belgrade,0.0,0.0,False
uefa.europa,2020-12-10T20:00:00Z,Ludogorets Razgrad,LASK Linz,1.0,3.0,False
uefa.europa,2020-12-10T20:00:00Z,Maccabi Tel-Aviv,Sivasspor,1.0,0.0,False
uefa.europa,2020-12-10T20:00:00Z,Sparta Prague,AC Milan,0.0,1.0,False
uefa.europa,2020-12-10T20:00:00Z,TSG Hoffenheim,KAA Gent,4.0,1.0,False
uefa.europa,2020-12-10T20:00:00Z,Tottenham Hotspur,Antwerp,2.0,0.0,False
uefa.europa,2020-12-10T20:00:00Z,Villarreal,FK Qarabag,0.0,0.0,False
uefa.europa,2020-12-10T20:00:00Z,Wolfsberger,Feyenoord Rotterdam,1.0,0.0,False
concacaf.champions,2020-12-16T01:00:00Z,Club Deportivo Olimpia,CF Montréal,0.0,1.0,False
concacaf.champions,2020-12-16T03:30:00Z,Tigres UANL,New York City FC,4.0,0.0,False
concacaf.champions,2020-12-17T01:00:00Z,Atlanta United FC,América,1.0,0.0,False
concacaf.champions,2020-12-17T03:30:00Z,LAFC,Cruz Azul,2.0,1.0,False
concacaf.champions,2020-12-20T01:00:00Z,Tigres UANL,Club Deportivo Olimpia,3.0,0.0,False
concacaf.champions,2020-12-20T03:30:00Z,LAFC,América,3.0,1.0,False
concacaf.champions,2020-12-23T03:00:00Z,Tigres UANL,LAFC,2.0,1.0,False
caf.champions,2021-02-12T19:00:00Z,AS Vita Club,Simba SC,0.0,1.0,False
caf.champions,2021-02-12T19:00:00Z,Zamalek,MC Alger,0.0,0.0,False
caf.champions,2021-02-13T13:00:00Z,Esperance Sportive de Tunis,Teungueth,2.0,1.0,False
caf.champions,2021-02-13T13:00:00Z,TP Mazembe,CR Belouizdad,0.0,0.0,False
caf.champions,2021-02-13T16:00:00Z,Horoya,Petro de Luanda,2.0,0.0,False
caf.champions,2021-02-13T16:00:00Z,Mamelodi Sundowns,Al Hilal Omdurman,2.0,0.0,False
caf.champions,2021-02-16T19:00:00Z,Al Ahly,Al-Merrikh,3.0,0.0,False
uefa.champions,2021-02-16T20:00:00Z,Barcelona,Paris Saint-Germain,1.0,4.0,False
uefa.champions,2021-02-16T20:00:00Z,RB Leipzig,Liverpool,0.0,2.0,False
uefa.champions,2021-02-17T20:00:00Z,FC Porto,Juventus,2.0,1.0,False
uefa.champions,2021-02-17T20:00:00Z,Sevilla,Borussia Dortmund,2.0,3.0,False
uefa.europa,2021-02-18T15:00:00Z,Dynamo Kyiv,Club Brugge,1.0,1.0,False
uefa.europa,2021-02-18T17:55:00Z,Braga,AS Roma,0.0,2.0,False
uefa.europa,2021-02-18T17:55:00Z,Krasnodar,Dinamo Zagreb,2.0,3.0,False
uefa.europa,2021-02-18T17:55:00Z,Olympiacos,PSV Eindhoven,4.0,2.0,False
uefa.europa,2021-02-18T17:55:00Z,Real Sociedad,Manchester United,0.0,4.0,False
uefa.europa,2021-02-18T17:55:00Z,Red Star Belgrade,AC Milan,2.0,2.0,False
uefa.europa,2021-02-18T17:55:00Z,Slavia Prague,Leicester City,0.0,0.0,False
uefa.europa,2021-02-18T17:55:00Z,Wolfsberger,Tottenham Hotspur,1.0,4.0,False
uefa.europa,2021-02-18T17:55:00Z,Young Boys,Bayer Leverkusen,4.0,3.0,False
uefa.europa,2021-02-18T20:00:00Z,Antwerp,Rangers,3.0,4.0,False
uefa.europa,2021-02-18T20:00:00Z,Benfica,Arsenal,1.0,1.0,False
uefa.europa,2021-02-18T20:00:00Z,Granada,Napoli,2.0,0.0,False
uefa.europa,2021-02-18T20:00:00Z,Lille,Ajax Amsterdam,1.0,2.0,False
uefa.europa,2021-02-18T20:00:00Z,Maccabi Tel-Aviv,Shakhtar Donetsk,0.0,2.0,False
uefa.europa,2021-02-18T20:00:00Z,Molde,TSG Hoffenheim,3.0,3.0,False
uefa.europa,2021-02-18T20:00:00Z,RB Salzburg,Villarreal,0.0,2.0,False
caf.champions,2021-02-23T13:00:00Z,Al-Merrikh,AS Vita Club,1.0,4.0,False
caf.champions,2021-02-23T13:00:00Z,Petro de Luanda,Wydad AC,0.0,1.0,False
caf.champions,2021-02-23T13:00:00Z,Simba SC,Al Ahly,1.0,0.0,False
caf.champions,2021-02-23T16:00:00Z,Kaizer Chiefs,Horoya,0.0,0.0,False
caf.champions,2021-02-23T16:00:00Z,Teungueth,Zamalek,0.0,0.0,False
caf.champions,2021-02-23T19:00:00Z,MC Alger,Esperance Sportive de Tunis,1.0,1.0,False
uefa.champions,2021-02-23T20:00:00Z,Atlético Madrid,Chelsea,0.0,1.0,False
uefa.champions,2021-02-23T20:00:00Z,Lazio,Bayern Munich,1.0,4.0,False
caf.champions,2021-02-24T13:00:00Z,Al Hilal Omdurman,TP Mazembe,0.0,0.0,False
uefa.europa,2021-02-24T17:00:00Z,Tottenham Hotspur,Wolfsberger,4.0,0.0,False
uefa.champions,2021-02-24T20:00:00Z,Atalanta,Real Madrid,0.0,1.0,False
uefa.champions,2021-02-24T20:00:00Z,Borussia Mönchengladbach,Manchester City,0.0,2.0,False
uefa.europa,2021-02-25T17:55:00Z,Ajax Amsterdam,Lille,2.0,1.0,False
uefa.europa,2021-02-25T17:55:00Z,Arsenal,Benfica,3.0,2.0,False
uefa.europa,2021-02-25T17:55:00Z,Napoli,Granada,2.0,1.0,False
uefa.europa,2021-02-25T17:55:00Z,Rangers,Antwerp,5.0,2.0,False
uefa.europa,2021-02-25T17:55:00Z,Shakhtar Donetsk,Maccabi Tel-Aviv,1.0,0.0,False
uefa.europa,2021-02-25T17:55:00Z,TSG Hoffenheim,Molde,0.0,2.0,False
uefa.europa,2021-02-25T17:55:00Z,Villarreal,RB Salzburg,2.0,1.0,False
uefa.europa,2021-02-25T20:00:00Z,AC Milan,Red Star Belgrade,1.0,1.0,False
uefa.europa,2021-02-25T20:00:00Z,AS Roma,Braga,3.0,1.0,False
uefa.europa,2021-02-25T20:00:00Z,Bayer Leverkusen,Young Boys,0.0,2.0,False
uefa.europa,2021-02-25T20:00:00Z,Club Brugge,Dynamo Kyiv,0.0,1.0,False
uefa.europa,2021-02-25T20:00:00Z,Dinamo Zagreb,Krasnodar,1.0,0.0,False
uefa.europa,2021-02-25T20:00:00Z,Leicester City,Slavia Prague,0.0,2.0,False
uefa.europa,2021-02-25T20:00:00Z,Manchester United,Real Sociedad,0.0,0.0,False
uefa.europa,2021-02-25T20:00:00Z,PSV Eindhoven,Olympiacos,2.0,1.0,False
caf.champions,2021-02-28T13:00:00Z,CR Belouizdad,Mamelodi Sundowns,1.0,5.0,False
caf.champions,2021-02-28T16:00:00Z,Wydad AC,Kaizer Chiefs,4.0,0.0,False
caf.champions,2021-03-05T19:00:00Z,CR Belouizdad,Al Hilal Omdurman,1.0,1.0,False
caf.champions,2021-03-06T13:00:00Z,Al-Merrikh,Simba SC,0.0,0.0,False
caf.champions,2021-03-06T13:00:00Z,TP Mazembe,Mamelodi Sundowns,1.0,2.0,False
caf.champions,2021-03-06T16:00:00Z,Esperance Sportive de Tunis,Zamalek,3.0,1.0,False
caf.champions,2021-03-06T16:00:00Z,Kaizer Chiefs,Petro de Luanda,2.0,0.0,False
caf.champions,2021-03-06T16:00:00Z,Teungueth,MC Alger,0.0,1.0,False
caf.champions,2021-03-06T19:00:00Z,Al Ahly,AS Vita Club,2.0,2.0,False
caf.champions,2021-03-06T19:00:00Z,Wydad AC,Horoya,2.0,0.0,False
uefa.champions,2021-03-09T20:00:00Z,Borussia Dortmund,Sevilla,2.0,2.0,False
uefa.champions,2021-03-09T20:00:00Z,Juventus,FC Porto,3.0,2.0,False
caf.confed,2021-03-10T13:00:00Z,Club Sportif Sfaxien,Salitas,1.0,0.0,False
caf.confed,2021-03-10T13:00:00Z,Enyimba,Al Ahli Benghazi,2.0,1.0,False
caf.confed,2021-03-10T16:00:00Z,Etoile Sahel,Jaraaf,2.0,0.0,False
caf.confed,2021-03-10T16:00:00Z,Pyramids FC,Nkana,3.0,0.0,False
caf.confed,2021-03-10T16:00:00Z,Raja Casablanca,Namungo,1.0,0.0,False
caf.confed,2021-03-10T19:00:00Z,ES Setif,Orlando Pirates,0.0,0.0,False
caf.confed,2021-03-10T19:00:00Z,JS Kabylie,Coton Sport Garoua,1.0,0.0,False
caf.confed,2021-03-10T19:00:00Z,RSB Berkane,NAPSA Stars,2.0,0.0,False
uefa.champions,2021-03-10T20:00:00Z,Liverpool,RB Leipzig,2.0,0.0,False
uefa.champions,2021-03-10T20:00:00Z,Paris Saint-Germain,Barcelona,1.0,1.0,False
uefa.europa,2021-03-11T17:55:00Z,Ajax Amsterdam,Young Boys,3.0,0.0,False
uefa.europa,2021-03-11T17:55:00Z,Dynamo Kyiv,Villarreal,0.0,2.0,False
uefa.europa,2021-03-11T17:55:00Z,Manchester United,AC Milan,1.0,1.0,False
uefa.europa,2021-03-11T17:55:00Z,Slavia Prague,Rangers,1.0,1.0,False
uefa.europa,2021-03-11T20:00:00Z,AS Roma,Shakhtar Donetsk,3.0,0.0,False
uefa.europa,2021-03-11T20:00:00Z,Granada,Molde,2.0,0.0,False
uefa.europa,2021-03-11T20:00:00Z,Olympiacos,Arsenal,1.0,3.0,False
uefa.europa,2021-03-11T20:00:00Z,Tottenham Hotspur,Dinamo Zagreb,2.0,0.0,False
caf.champions,2021-03-16T13:00:00Z,AS Vita Club,Al Ahly,0.0,3.0,False
caf.champions,2021-03-16T13:00:00Z,Al Hilal Omdurman,CR Belouizdad,0.0,0.0,False
caf.champions,2021-03-16T13:00:00Z,Simba SC,Al-Merrikh,3.0,0.0,False
caf.champions,2021-03-16T16:00:00Z,Horoya,Wydad AC,0.0,0.0,False
caf.champions,2021-03-16T16:00:00Z,Mamelodi Sundowns,TP Mazembe,1.0,0.0,False
caf.champions,2021-03-16T16:00:00Z,Petro de Luanda,Kaizer Chiefs,0.0,0.0,False
caf.champions,2021-03-16T19:00:00Z,MC Alger,Teungueth,1.0,0.0,False
caf.champions,2021-03-16T19:00:00Z,Zamalek,Esperance Sportive de Tunis,0.0,1.0,False
uefa.champions,2021-03-16T20:00:00Z,Manchester City,Borussia Mönchengladbach,2.0,0.0,False
uefa.champions,2021-03-16T20:00:00Z,Real Madrid,Atalanta,3.0,1.0,False
caf.confed,2021-03-17T13:00:00Z,Coton Sport Garoua,RSB Berkane,2.0,0.0,False
caf.confed,2021-03-17T13:00:00Z,NAPSA Stars,JS Kabylie,2.0,2.0,False
caf.confed,2021-03-17T13:00:00Z,Namungo,Pyramids FC,0.0,2.0,False
caf.confed,2021-03-17T16:00:00Z,Jaraaf,Club Sportif Sfaxien,1.0,1.0,False
caf.confed,2021-03-17T16:00:00Z,Nkana,Raja Casablanca,0.0,2.0,False
caf.confed,2021-03-17T16:00:00Z,Orlando Pirates,Enyimba,2.0,1.0,False
caf.confed,2021-03-17T16:00:00Z,Salitas,Etoile Sahel,1.0,0.0,False
caf.confed,2021-03-17T19:00:00Z,Al Ahli Benghazi,ES Setif,1.0,0.0,False
uefa.champions,2021-03-17T20:00:00Z,Bayern Munich,Lazio,2.0,1.0,False
uefa.champions,2021-03-17T20:00:00Z,Chelsea,Atlético Madrid,2.0,0.0,False
uefa.europa,2021-03-18T17:55:00Z,Arsenal,Olympiacos,0.0,1.0,False
uefa.europa,2021-03-18T17:55:00Z,Dinamo Zagreb,Tottenham Hotspur,3.0,0.0,False
uefa.europa,2021-03-18T17:55:00Z,Molde,Granada,2.0,1.0,False
uefa.europa,2021-03-18T17:55:00Z,Shakhtar Donetsk,AS Roma,1.0,2.0,False
uefa.europa,2021-03-18T20:00:00Z,AC Milan,Manchester United,0.0,1.0,False
uefa.europa,2021-03-18T20:00:00Z,Rangers,Slavia Prague,0.0,2.0,False
uefa.europa,2021-03-18T20:00:00Z,Villarreal,Dynamo Kyiv,2.0,0.0,False
uefa.europa,2021-03-18T20:00:00Z,Young Boys,Ajax Amsterdam,0.0,2.0,False
caf.champions,2021-04-02T13:00:00Z,Al Hilal Omdurman,Mamelodi Sundowns,0.0,0.0,False
caf.champions,2021-04-02T19:00:00Z,CR Belouizdad,TP Mazembe,2.0,0.0,False
caf.champions,2021-04-03T13:00:00Z,Al-Merrikh,Al Ahly,2.0,2.0,False
caf.champions,2021-04-03T13:00:00Z,Simba SC,AS Vita Club,4.0,1.0,False
caf.champions,2021-04-03T16:00:00Z,Kaizer Chiefs,Wydad AC,1.0,0.0,False
caf.champions,2021-04-03T16:00:00Z,Petro de Luanda,Horoya,0.0,1.0,False
caf.champions,2021-04-03T16:00:00Z,Teungueth,Esperance Sportive de Tunis,2.0,1.0,False
caf.champions,2021-04-03T19:00:00Z,MC Alger,Zamalek,0.0,2.0,False
caf.confed,2021-04-04T13:00:00Z,Enyimba,ES Setif,2.0,1.0,False
caf.confed,2021-04-04T13:00:00Z,NAPSA Stars,Coton Sport Garoua,0.0,1.0,False
caf.confed,2021-04-04T14:00:00Z,Namungo,Nkana,0.0,1.0,False
caf.confed,2021-04-04T16:00:00Z,Etoile Sahel,Club Sportif Sfaxien,0.0,0.0,False
caf.confed,2021-04-04T16:00:00Z,Jaraaf,Salitas,2.0,0.0,False
caf.confed,2021-04-04T16:00:00Z,Raja Casablanca,Pyramids FC,2.0,0.0,False
caf.confed,2021-04-04T19:00:00Z,Al Ahli Benghazi,Orlando Pirates,0.0,0.0,False
caf.confed,2021-04-04T19:00:00Z,RSB Berkane,JS Kabylie,0.0,0.0,False
uefa.champions,2021-04-06T19:00:00Z,Manchester City,Borussia Dortmund,2.0,1.0,False
uefa.champions,2021-04-06T19:00:00Z,Real Madrid,Liverpool,3.0,1.0,False
concacaf.champions,2021-04-06T22:00:00Z,Club Deportivo Marathón,Portland Timbers,2.0,2.0,False
concacaf.champions,2021-04-07T00:00:00Z,Alajuelense,Atlanta United FC,0.0,1.0,False
concacaf.champions,2021-04-07T02:00:00Z,Arcahaie,Cruz Azul,0.0,0.0,False
uefa.champions,2021-04-07T19:00:00Z,Bayern Munich,Paris Saint-Germain,2.0,3.0,False
uefa.champions,2021-04-07T19:00:00Z,FC Porto,Chelsea,0.0,2.0,False
concacaf.champions,2021-04-07T22:00:00Z,Saprissa,Philadelphia Union,0.0,1.0,False
concacaf.champions,2021-04-08T00:00:00Z,León,Toronto FC,1.0,1.0,False
concacaf.champions,2021-04-08T02:00:00Z,Club Deportivo Olimpia,América,1.0,2.0,False
uefa.europa,2021-04-08T19:00:00Z,Ajax Amsterdam,AS Roma,1.0,2.0,False
uefa.europa,2021-04-08T19:00:00Z,Arsenal,Slavia Prague,1.0,1.0,False
uefa.europa,2021-04-08T19:00:00Z,Dinamo Zagreb,Villarreal,0.0,1.0,False
uefa.europa,2021-04-08T19:00:00Z,Granada,Manchester United,0.0,2.0,False
concacaf.champions,2021-04-09T00:00:00Z,Real Estelí,Columbus Crew,0.0,4.0,False
concacaf.champions,2021-04-09T02:00:00Z,Atlético Pantoja,Monterrey,0.0,3.0,False
caf.champions,2021-04-09T13:00:00Z,Mamelodi Sundowns,CR Belouizdad,0.0,2.0,False
caf.champions,2021-04-09T13:00:00Z,TP Mazembe,Al Hilal Omdurman,2.0,1.0,False
caf.champions,2021-04-09T19:00:00Z,AS Vita Club,Al-Merrikh,3.0,1.0,False
caf.champions,2021-04-09T19:00:00Z,Al Ahly,Simba SC,1.0,0.0,False
caf.champions,2021-04-10T16:00:00Z,Esperance Sportive de Tunis,MC Alger,1.0,1.0,False
caf.champions,2021-04-10T16:00:00Z,Zamalek,Teungueth,4.0,1.0,False
caf.champions,2021-04-10T19:00:00Z,Horoya,Kaizer Chiefs,2.0,2.0,False
caf.champions,2021-04-10T19:00:00Z,Wydad AC,Petro de Luanda,2.0,0.0,False
caf.confed,2021-04-11T13:00:00Z,Coton Sport Garoua,NAPSA Stars,5.0,1.0,False
caf.confed,2021-04-11T13:00:00Z,Nkana,Namungo,1.0,0.0,False
caf.confed,2021-04-11T16:00:00Z,Club Sportif Sfaxien,Etoile Sahel,2.0,2.0,False
caf.confed,2021-04-11T16:00:00Z,Orlando Pirates,Al Ahli Benghazi,3.0,0.0,False
caf.confed,2021-04-11T19:00:00Z,ES Setif,Enyimba,3.0,0.0,False
caf.confed,2021-04-11T19:00:00Z,JS Kabylie,RSB Berkane,0.0,0.0,False
caf.confed,2021-04-11T19:00:00Z,Pyramids FC,Raja Casablanca,0.0,3.0,False
caf.confed,2021-04-12T13:00:00Z,Salitas,Jaraaf,0.0,1.0,False
uefa.champions,2021-04-13T19:00:00Z,Chelsea,FC Porto,0.0,1.0,False
uefa.champions,2021-04-13T19:00:00Z,Paris Saint-Germain,Bayern Munich,0.0,1.0,False
concacaf.champions,2021-04-13T22:00:00Z,Atlanta United FC,Alajuelense,1.0,0.0,False
concacaf.champions,2021-04-14T00:00:00Z,Portland Timbers,Club Deportivo Marathón,5.0,0.0,False
concacaf.champions,2021-04-14T02:30:00Z,Cruz Azul,Arcahaie,8.0,0.0,False
uefa.champions,2021-04-14T19:00:00Z,Borussia Dortmund,Manchester City,1.0,2.0,False
uefa.champions,2021-04-14T19:00:00Z,Liverpool,Real Madrid,0.0,0.0,False
concacaf.champions,2021-04-14T22:00:00Z,Toronto FC,León,2.0,1.0,False
concacaf.champions,2021-04-15T00:00:00Z,América,Club Deportivo Olimpia,0.0,1.0,False
concacaf.champions,2021-04-15T00:00:00Z,Philadelphia Union,Saprissa,4.0,0.0,False
uefa.europa,2021-04-15T19:00:00Z,AS Roma,Ajax Amsterdam,1.0,1.0,False
uefa.europa,2021-04-15T19:00:00Z,Manchester United,Granada,2.0,0.0,False
uefa.europa,2021-04-15T19:00:00Z,Slavia Prague,Arsenal,0.0,4.0,False
uefa.europa,2021-04-15T19:00:00Z,Villarreal,Dinamo Zagreb,2.0,1.0,False
concacaf.champions,2021-04-16T00:00:00Z,Columbus Crew,Real Estelí,1.0,0.0,False
concacaf.champions,2021-04-16T02:00:00Z,Monterrey,Atlético Pantoja,3.0,1.0,False
caf.confed,2021-04-21T13:00:00Z,Coton Sport Garoua,JS Kabylie,1.0,2.0,False
caf.confed,2021-04-21T13:00:00Z,Namungo,Raja Casablanca,0.0,3.0,False
caf.confed,2021-04-21T13:00:00Z,Nkana,Pyramids FC,0.0,1.0,False
caf.confed,2021-04-21T13:00:00Z,Orlando Pirates,ES Setif,0.0,0.0,False
caf.confed,2021-04-21T16:00:00Z,Jaraaf,Etoile Sahel,1.0,0.0,False
caf.confed,2021-04-21T16:00:00Z,NAPSA Stars,RSB Berkane,1.0,0.0,False
caf.confed,2021-04-21T16:00:00Z,Salitas,Club Sportif Sfaxien,0.0,2.0,False
caf.confed,2021-04-22T21:00:00Z,Al Ahli Benghazi,Enyimba,1.0,0.0,False
uefa.champions,2021-04-27T19:00:00Z,Real Madrid,Chelsea,1.0,1.0,False
concacaf.champions,2021-04-28T00:00:00Z,Atlanta United FC,Philadelphia Union,0.0,3.0,False
concacaf.champions,2021-04-28T02:00:00Z,Toronto FC,Cruz Azul,1.0,3.0,False
caf.confed,2021-04-28T19:00:00Z,Pyramids FC,Namungo,1.0,0.0,False
uefa.champions,2021-04-28T19:00:00Z,Paris Saint-Germain,Manchester City,1.0,2.0,False
caf.confed,2021-04-28T21:00:00Z,Club Sportif Sfaxien,Jaraaf,0.0,0.0,False
caf.confed,2021-04-28T21:00:00Z,ES Setif,Al Ahli Benghazi,1.0,0.0,False
caf.confed,2021-04-28T21:00:00Z,Enyimba,Orlando Pirates,1.0,0.0,False
caf.confed,2021-04-28T21:00:00Z,Etoile Sahel,Salitas,2.0,1.0,False
caf.confed,2021-04-28T21:00:00Z,Raja Casablanca,Nkana,2.0,0.0,False
caf.confed,2021-04-28T22:00:00Z,JS Kabylie,NAPSA Stars,2.0,1.0,False
caf.confed,2021-04-28T22:00:00Z,RSB Berkane,Coton Sport Garoua,2.0,1.0,False
concacaf.champions,2021-04-29T00:30:00Z,Columbus Crew,Monterrey,2.0,2.0,False
concacaf.champions,2021-04-29T02:30:00Z,Portland Timbers,América,1.0,1.0,False
uefa.europa,2021-04-29T19:00:00Z,Manchester United,AS Roma,6.0,2.0,False
uefa.europa,2021-04-29T19:00:00Z,Villarreal,Arsenal,2.0,1.0,False
uefa.champions,2021-05-04T19:00:00Z,Manchester City,Paris Saint-Germain,2.0,0.0,False
concacaf.champions,2021-05-05T00:00:00Z,Philadelphia Union,Atlanta United FC,1.0,1.0,False
concacaf.champions,2021-05-05T02:15:00Z,Cruz Azul,Toronto FC,1.0,0.0,False
uefa.champions,2021-05-05T19:00:00Z,Chelsea,Real Madrid,2.0,0.0,False
concacaf.champions,2021-05-06T00:00:00Z,Monterrey,Columbus Crew,3.0,0.0,False
concacaf.champions,2021-05-06T02:15:00Z,América,Portland Timbers,3.0,1.0,False
uefa.europa,2021-05-06T19:00:00Z,AS Roma,Manchester United,3.0,2.0,False
uefa.europa,2021-05-06T19:00:00Z,Arsenal,Villarreal,0.0,0.0,False
caf.champions,2021-05-14T19:00:00Z,MC Alger,Wydad AC,1.0,1.0,False
caf.champions,2021-05-15T16:00:00Z,CR Belouizdad,Esperance Sportive de Tunis,2.0,0.0,False
caf.champions,2021-05-15T16:00:00Z,Kaizer Chiefs,Simba SC,4.0,0.0,False
caf.champions,2021-05-15T19:00:00Z,Al Ahly,Mamelodi Sundowns,2.0,0.0,False
caf.confed,2021-05-16T13:00:00Z,Coton Sport Garoua,Jaraaf,1.0,0.0,False
caf.confed,2021-05-16T13:00:00Z,Orlando Pirates,Raja Casablanca,1.0,1.0,False
caf.confed,2021-05-16T16:00:00Z,Club Sportif Sfaxien,JS Kabylie,0.0,1.0,False
caf.confed,2021-05-16T16:00:00Z,Pyramids FC,Enyimba,4.0,1.0,False
caf.champions,2021-05-22T13:00:00Z,Mamelodi Sundowns,Al Ahly,1.0,1.0,False
caf.champions,2021-05-22T13:00:00Z,Simba SC,Kaizer Chiefs,3.0,0.0,False
caf.champions,2021-05-22T16:00:00Z,Esperance Sportive de Tunis,CR Belouizdad,2.0,0.0,False
caf.champions,2021-05-22T16:00:00Z,Wydad AC,MC Alger,1.0,0.0,False
caf.confed,2021-05-23T13:00:00Z,Enyimba,Pyramids FC,1.0,1.0,False
caf.confed,2021-05-23T16:00:00Z,JS Kabylie,Club Sportif Sfaxien,1.0,1.0,False
caf.confed,2021-05-23T16:00:00Z,Jaraaf,Coton Sport Garoua,2.0,1.0,False
caf.confed,2021-05-23T16:00:00Z,Raja Casablanca,Orlando Pirates,4.0,0.0,False
uefa.europa,2021-05-26T19:00:00Z,Villarreal,Manchester United,1.0,1.0,False
uefa.champions,2021-05-29T19:00:00Z,Manchester City,Chelsea,0.0,1.0,False
caf.champions,2021-06-19T17:00:00Z,Esperance Sportive de Tunis,Al Ahly,0.0,1.0,False
caf.champions,2021-06-19T19:00:00Z,Wydad AC,Kaizer Chiefs,0.0,1.0,False
caf.confed,2021-06-20T16:00:00Z,Coton Sport Garoua,JS Kabylie,1.0,2.0,False
caf.confed,2021-06-20T19:00:00Z,Pyramids FC,Raja Casablanca,0.0,0.0,False
caf.champions,2021-06-26T16:00:00Z,Kaizer Chiefs,Wydad AC,0.0,0.0,False
caf.champions,2021-06-26T19:00:00Z,Al Ahly,Esperance Sportive de Tunis,3.0,0.0,False
caf.confed,2021-06-27T19:00:00Z,JS Kabylie,Coton Sport Garoua,3.0,0.0,False
caf.confed,2021-06-27T19:00:00Z,Raja Casablanca,Pyramids FC,0.0,0.0,False
caf.confed,2021-07-10T19:00:00Z,Raja Casablanca,JS Kabylie,2.0,1.0,False
caf.champions,2021-07-17T19:00:00Z,Kaizer Chiefs,Al Ahly,0.0,3.0,False
concacaf.leagues.cup,2021-08-11T00:00:00Z,Sporting Kansas City,León,1.0,6.0,False
concacaf.leagues.cup,2021-08-11T02:00:00Z,Seattle Sounders FC,Tigres UANL,3.0,0.0,False
concacaf.champions,2021-08-12T02:00:00Z,Monterrey,Cruz Azul,1.0,0.0,False
concacaf.leagues.cup,2021-08-12T02:58:00Z,New York City FC,Pumas UNAM,1.0,1.0,False
concacaf.leagues.cup,2021-08-12T23:00:00Z,Orlando City SC,Santos,0.0,1.0,False
concacaf.champions,2021-08-13T02:00:00Z,América,Philadelphia Union,2.0,0.0,False
uefa.europa.conf,2021-09-14T14:30:00Z,Maccabi Haifa,Feyenoord Rotterdam,0.0,0.0,False
uefa.europa.conf,2021-09-14T14:30:00Z,Maccabi Tel-Aviv,Alashkert FC,4.0,1.0,False
uefa.champions,2021-09-14T16:45:00Z,Sevilla,RB Salzburg,1.0,1.0,False
uefa.champions,2021-09-14T16:45:00Z,Young Boys,Manchester United,2.0,1.0,False
uefa.champions,2021-09-14T19:00:00Z,Barcelona,Bayern Munich,0.0,3.0,False
uefa.champions,2021-09-14T19:00:00Z,Chelsea,Zenit St Petersburg,1.0,0.0,False
uefa.champions,2021-09-14T19:00:00Z,Dynamo Kyiv,Benfica,0.0,0.0,False
uefa.champions,2021-09-14T19:00:00Z,Lille,VfL Wolfsburg,0.0,0.0,False
uefa.champions,2021-09-14T19:00:00Z,Malmö FF,Juventus,0.0,3.0,False
uefa.champions,2021-09-14T19:00:00Z,Villarreal,Atalanta,2.0,2.0,False
concacaf.leagues.cup,2021-09-15T02:00:00Z,Seattle Sounders FC,Santos,1.0,0.0,False
uefa.europa,2021-09-15T14:30:00Z,Spartak Moscow,Legia Warsaw,0.0,1.0,False
uefa.champions,2021-09-15T16:45:00Z,Besiktas,Borussia Dortmund,1.0,2.0,False
uefa.champions,2021-09-15T16:45:00Z,Sheriff Tiraspol,Shakhtar Donetsk,2.0,0.0,False
uefa.champions,2021-09-15T19:00:00Z,Atlético Madrid,FC Porto,0.0,0.0,False
uefa.champions,2021-09-15T19:00:00Z,Club Brugge,Paris Saint-Germain,1.0,1.0,False
uefa.champions,2021-09-15T19:00:00Z,Internazionale,Real Madrid,0.0,1.0,False
uefa.champions,2021-09-15T19:00:00Z,Liverpool,AC Milan,3.0,2.0,False
uefa.champions,2021-09-15T19:00:00Z,Manchester City,RB Leipzig,6.0,3.0,False
uefa.champions,2021-09-15T19:00:00Z,Sporting CP,Ajax Amsterdam,1.0,5.0,False
concacaf.champions,2021-09-16T01:00:00Z,Philadelphia Union,América,0.0,2.0,False
concacaf.leagues.cup,2021-09-16T03:00:00Z,León,Pumas UNAM,2.0,0.0,False
uefa.europa.conf,2021-09-16T14:30:00Z,Kairat Almaty,Omonia Nicosia,0.0,0.0,False
uefa.europa,2021-09-16T16:45:00Z,Bayer Leverkusen,Ferencvaros,2.0,1.0,False
uefa.europa,2021-09-16T16:45:00Z,Dinamo Zagreb,West Ham United,0.0,2.0,False
uefa.europa,2021-09-16T16:45:00Z,FC Midtjylland,Ludogorets Razgrad,1.0,1.0,False
uefa.europa,2021-09-16T16:45:00Z,Galatasaray,Lazio,1.0,0.0,False
uefa.europa,2021-09-16T16:45:00Z,Lokomotiv Moscow,Marseille,1.0,1.0,False
uefa.europa,2021-09-16T16:45:00Z,Rapid Vienna,Racing Genk,0.0,1.0,False
uefa.europa,2021-09-16T16:45:00Z,Real Betis,Celtic,4.0,3.0,False
uefa.europa,2021-09-16T16:45:00Z,Red Star Belgrade,Braga,2.0,1.0,False
uefa.europa.conf,2021-09-16T16:45:00Z,FK Qarabag,FC Basel,0.0,0.0,False
uefa.europa.conf,2021-09-16T16:45:00Z,Flora,KAA Gent,0.0,1.0,False
uefa.europa.conf,2021-09-16T16:45:00Z,HJK Helsinki,LASK Linz,0.0,2.0,False
uefa.europa.conf,2021-09-16T16:45:00Z,Lincoln Red Imps,PAOK,0.0,2.0,False
uefa.europa.conf,2021-09-16T16:45:00Z,NS Mura,Vitesse,0.0,2.0,False
uefa.europa.conf,2021-09-16T16:45:00Z,Slavia Prague,1. FC Union Berlin,3.0,1.0,False
uefa.europa.conf,2021-09-16T16:45:00Z,Slovan Bratislava,F.C. København,1.0,3.0,False
uefa.europa.conf,2021-09-16T16:45:00Z,Stade Rennais,Tottenham Hotspur,2.0,2.0,False
uefa.europa,2021-09-16T19:00:00Z,AS Monaco,SK Sturm Graz,1.0,0.0,False
uefa.europa,2021-09-16T19:00:00Z,Brøndby IF,Sparta Prague,0.0,0.0,False
uefa.europa,2021-09-16T19:00:00Z,Eintracht Frankfurt,Fenerbahce,1.0,1.0,False
uefa.europa,2021-09-16T19:00:00Z,Leicester City,Napoli,2.0,2.0,False
uefa.europa,2021-09-16T19:00:00Z,Olympiacos,Antwerp,2.0,1.0,False
uefa.europa,2021-09-16T19:00:00Z,PSV Eindhoven,Real Sociedad,2.0,2.0,False
uefa.europa,2021-09-16T19:00:00Z,Rangers,Lyon,0.0,2.0,False
uefa.europa.conf,2021-09-16T19:00:00Z,AS Roma,CSKA Sofia,5.0,1.0,False
uefa.europa.conf,2021-09-16T19:00:00Z,Anorthosis,Partizan Belgrade,0.0,2.0,False
uefa.europa.conf,2021-09-16T19:00:00Z,Bodo/Glimt,FC Zorya Luhansk,3.0,1.0,False
uefa.europa.conf,2021-09-16T19:00:00Z,Jablonec,CFR Cluj-Napoca,1.0,0.0,False
uefa.europa.conf,2021-09-16T19:00:00Z,Randers FC,AZ Alkmaar,2.0,2.0,False
concacaf.champions,2021-09-17T02:00:00Z,Cruz Azul,Monterrey,1.0,4.0,False
concacaf.leagues.cup,2021-09-23T02:00:00Z,León,Seattle Sounders FC,3.0,2.0,False
uefa.champions,2021-09-28T16:45:00Z,Ajax Amsterdam,Besiktas,2.0,0.0,False
uefa.champions,2021-09-28T16:45:00Z,Shakhtar Donetsk,Internazionale,0.0,0.0,False
uefa.champions,2021-09-28T19:00:00Z,AC Milan,Atlético Madrid,1.0,2.0,False
uefa.champions,2021-09-28T19:00:00Z,Borussia Dortmund,Sporting CP,1.0,0.0,False
uefa.champions,2021-09-28T19:00:00Z,FC Porto,Liverpool,1.0,5.0,False
uefa.champions,2021-09-28T19:00:00Z,Paris Saint-Germain,Manchester City,2.0,0.0,False
uefa.champions,2021-09-28T19:00:00Z,RB Leipzig,Club Brugge,1.0,2.0,False
uefa.champions,2021-09-28T19:00:00Z,Real Madrid,Sheriff Tiraspol,1.0,2.0,False
uefa.champions,2021-09-29T16:45:00Z,Atalanta,Young Boys,1.0,0.0,False
uefa.champions,2021-09-29T16:45:00Z,Zenit St Petersburg,Malmö FF,4.0,0.0,False
uefa.champions,2021-09-29T19:00:00Z,Bayern Munich,Dynamo Kyiv,5.0,0.0,False
uefa.champions,2021-09-29T19:00:00Z,Benfica,Barcelona,3.0,0.0,False
uefa.champions,2021-09-29T19:00:00Z,Juventus,Chelsea,1.0,0.0,False
uefa.champions,2021-09-29T19:00:00Z,Manchester United,Villarreal,2.0,1.0,False
uefa.champions,2021-09-29T19:00:00Z,RB Salzburg,Lille,2.0,1.0,False
uefa.champions,2021-09-29T19:00:00Z,VfL Wolfsburg,Sevilla,1.0,1.0,False
uefa.europa,2021-09-30T16:45:00Z,Antwerp,Eintracht Frankfurt,0.0,1.0,False
uefa.europa,2021-09-30T16:45:00Z,Fenerbahce,Olympiacos,0.0,3.0,False
uefa.europa,2021-09-30T16:45:00Z,Legia Warsaw,Leicester City,1.0,0.0,False
uefa.europa,2021-09-30T16:45:00Z,Lyon,Brøndby IF,3.0,0.0,False
uefa.europa,2021-09-30T16:45:00Z,Napoli,Spartak Moscow,2.0,3.0,False
uefa.europa,2021-09-30T16:45:00Z,Real Sociedad,AS Monaco,1.0,1.0,False
uefa.europa,2021-09-30T16:45:00Z,SK Sturm Graz,PSV Eindhoven,1.0,4.0,False
uefa.europa,2021-09-30T16:45:00Z,Sparta Prague,Rangers,1.0,0.0,False
uefa.europa.conf,2021-09-30T16:45:00Z,AZ Alkmaar,Jablonec,1.0,0.0,False
uefa.europa.conf,2021-09-30T16:45:00Z,Alashkert FC,HJK Helsinki,2.0,4.0,False
uefa.europa.conf,2021-09-30T16:45:00Z,CFR Cluj-Napoca,Randers FC,1.0,1.0,False
uefa.europa.conf,2021-09-30T16:45:00Z,CSKA Sofia,Bodo/Glimt,0.0,0.0,False
uefa.europa.conf,2021-09-30T16:45:00Z,FC Zorya Luhansk,AS Roma,0.0,3.0,False
uefa.europa.conf,2021-09-30T16:45:00Z,KAA Gent,Anorthosis,2.0,0.0,False
uefa.europa.conf,2021-09-30T16:45:00Z,LASK Linz,Maccabi Tel-Aviv,1.0,1.0,False
uefa.europa.conf,2021-09-30T16:45:00Z,Partizan Belgrade,Flora,2.0,0.0,False
uefa.europa,2021-09-30T19:00:00Z,Braga,FC Midtjylland,3.0,1.0,False
uefa.europa,2021-09-30T19:00:00Z,Celtic,Bayer Leverkusen,0.0,4.0,False
uefa.europa,2021-09-30T19:00:00Z,Ferencvaros,Real Betis,1.0,3.0,False
uefa.europa,2021-09-30T19:00:00Z,Lazio,Lokomotiv Moscow,2.0,0.0,False
uefa.europa,2021-09-30T19:00:00Z,Ludogorets Razgrad,Red Star Belgrade,0.0,1.0,False
uefa.europa,2021-09-30T19:00:00Z,Marseille,Galatasaray,0.0,0.0,False
uefa.europa,2021-09-30T19:00:00Z,Racing Genk,Dinamo Zagreb,0.0,3.0,False
uefa.europa,2021-09-30T19:00:00Z,West Ham United,Rapid Vienna,2.0,0.0,False
uefa.europa.conf,2021-09-30T19:00:00Z,1. FC Union Berlin,Maccabi Haifa,3.0,0.0,False
uefa.europa.conf,2021-09-30T19:00:00Z,F.C. København,Lincoln Red Imps,3.0,1.0,False
uefa.europa.conf,2021-09-30T19:00:00Z,FC Basel,Kairat Almaty,4.0,2.0,False
uefa.europa.conf,2021-09-30T19:00:00Z,Feyenoord Rotterdam,Slavia Prague,2.0,1.0,False
uefa.europa.conf,2021-09-30T19:00:00Z,Omonia Nicosia,FK Qarabag,1.0,4.0,False
uefa.europa.conf,2021-09-30T19:00:00Z,PAOK,Slovan Bratislava,1.0,1.0,False
uefa.europa.conf,2021-09-30T19:00:00Z,Tottenham Hotspur,NS Mura,5.0,1.0,False
uefa.europa.conf,2021-09-30T19:00:00Z,Vitesse,Stade Rennais,1.0,2.0,False
uefa.europa,2021-10-19T14:30:00Z,Celtic,Ferencvaros,2.0,0.0,False
uefa.champions,2021-10-19T16:45:00Z,Besiktas,Sporting CP,1.0,4.0,False
uefa.champions,2021-10-19T16:45:00Z,Club Brugge,Manchester City,1.0,5.0,False
uefa.champions,2021-10-19T19:00:00Z,Ajax Amsterdam,Borussia Dortmund,4.0,0.0,False
uefa.champions,2021-10-19T19:00:00Z,Atlético Madrid,Liverpool,2.0,3.0,False
uefa.champions,2021-10-19T19:00:00Z,FC Porto,AC Milan,1.0,0.0,False
uefa.champions,2021-10-19T19:00:00Z,Internazionale,Sheriff Tiraspol,3.0,1.0,False
uefa.champions,2021-10-19T19:00:00Z,Paris Saint-Germain,RB Leipzig,3.0,2.0,False
uefa.champions,2021-10-19T19:00:00Z,Shakhtar Donetsk,Real Madrid,0.0,5.0,False
uefa.europa,2021-10-20T14:30:00Z,Spartak Moscow,Leicester City,3.0,4.0,False
uefa.champions,2021-10-20T16:45:00Z,Barcelona,Dynamo Kyiv,1.0,0.0,False
uefa.champions,2021-10-20T16:45:00Z,RB Salzburg,VfL Wolfsburg,3.0,1.0,False
uefa.champions,2021-10-20T19:00:00Z,Benfica,Bayern Munich,0.0,4.0,False
uefa.champions,2021-10-20T19:00:00Z,Chelsea,Malmö FF,4.0,0.0,False
uefa.champions,2021-10-20T19:00:00Z,Lille,Sevilla,0.0,0.0,False
uefa.champions,2021-10-20T19:00:00Z,Manchester United,Atalanta,3.0,2.0,False
uefa.champions,2021-10-20T19:00:00Z,Young Boys,Villarreal,1.0,4.0,False
uefa.champions,2021-10-20T19:00:00Z,Zenit St Petersburg,Juventus,0.0,1.0,False
uefa.europa.conf,2021-10-21T14:30:00Z,HJK Helsinki,Maccabi Tel-Aviv,0.0,5.0,False
uefa.europa,2021-10-21T16:45:00Z,FC Midtjylland,Red Star Belgrade,1.0,1.0,False
uefa.europa,2021-10-21T16:45:00Z,Fenerbahce,Antwerp,2.0,2.0,False
uefa.europa,2021-10-21T16:45:00Z,Lazio,Marseille,0.0,0.0,False
uefa.europa,2021-10-21T16:45:00Z,Ludogorets Razgrad,Braga,0.0,1.0,False
uefa.europa,2021-10-21T16:45:00Z,Rapid Vienna,Dinamo Zagreb,2.0,1.0,False
uefa.europa,2021-10-21T16:45:00Z,Real Betis,Bayer Leverkusen,1.0,1.0,False
uefa.europa.conf,2021-10-21T16:45:00Z,Alashkert FC,LASK Linz,0.0,3.0,False
uefa.europa.conf,2021-10-21T16:45:00Z,Anorthosis,Flora,2.0,2.0,False
uefa.europa.conf,2021-10-21T16:45:00Z,Bodo/Glimt,AS Roma,6.0,1.0,False
uefa.europa.conf,2021-10-21T16:45:00Z,F.C. København,PAOK,1.0,2.0,False
uefa.europa.conf,2021-10-21T16:45:00Z,FK Qarabag,Kairat Almaty,2.0,1.0,False
uefa.europa.conf,2021-10-21T16:45:00Z,Feyenoord Rotterdam,1. FC Union Berlin,3.0,1.0,False
uefa.europa.conf,2021-10-21T16:45:00Z,Maccabi Haifa,Slavia Prague,1.0,0.0,False
uefa.europa.conf,2021-10-21T16:45:00Z,NS Mura,Stade Rennais,1.0,2.0,False
uefa.europa.conf,2021-10-21T16:45:00Z,Vitesse,Tottenham Hotspur,1.0,0.0,False
uefa.europa,2021-10-21T19:00:00Z,Eintracht Frankfurt,Olympiacos,3.0,1.0,False
uefa.europa,2021-10-21T19:00:00Z,Lokomotiv Moscow,Galatasaray,0.0,1.0,False
uefa.europa,2021-10-21T19:00:00Z,Napoli,Legia Warsaw,3.0,0.0,False
uefa.europa,2021-10-21T19:00:00Z,PSV Eindhoven,AS Monaco,1.0,2.0,False
uefa.europa,2021-10-21T19:00:00Z,Rangers,Brøndby IF,2.0,0.0,False
uefa.europa,2021-10-21T19:00:00Z,SK Sturm Graz,Real Sociedad,0.0,1.0,False
uefa.europa,2021-10-21T19:00:00Z,Sparta Prague,Lyon,3.0,4.0,False
uefa.europa,2021-10-21T19:00:00Z,West Ham United,Racing Genk,3.0,0.0,False
uefa.europa.conf,2021-10-21T19:00:00Z,CFR Cluj-Napoca,AZ Alkmaar,0.0,1.0,False
uefa.europa.conf,2021-10-21T19:00:00Z,CSKA Sofia,FC Zorya Luhansk,0.0,1.0,False
uefa.europa.conf,2021-10-21T19:00:00Z,FC Basel,Omonia Nicosia,3.0,1.0,False
uefa.europa.conf,2021-10-21T19:00:00Z,Jablonec,Randers FC,2.0,2.0,False
uefa.europa.conf,2021-10-21T19:00:00Z,Partizan Belgrade,KAA Gent,0.0,1.0,False
uefa.europa.conf,2021-10-21T19:00:00Z,Slovan Bratislava,Lincoln Red Imps,2.0,0.0,False
concacaf.champions,2021-10-29T02:00:00Z,Monterrey,América,1.0,0.0,False
uefa.champions,2021-11-02T17:45:00Z,Malmö FF,Chelsea,0.0,1.0,False
uefa.champions,2021-11-02T17:45:00Z,VfL Wolfsburg,RB Salzburg,2.0,1.0,False
uefa.champions,2021-11-02T20:00:00Z,Atalanta,Manchester United,2.0,2.0,False
uefa.champions,2021-11-02T20:00:00Z,Bayern Munich,Benfica,5.0,2.0,False
uefa.champions,2021-11-02T20:00:00Z,Dynamo Kyiv,Barcelona,0.0,1.0,False
uefa.champions,2021-11-02T20:00:00Z,Juventus,Zenit St Petersburg,4.0,2.0,False
uefa.champions,2021-11-02T20:00:00Z,Sevilla,Lille,1.0,2.0,False
uefa.champions,2021-11-02T20:00:00Z,Villarreal,Young Boys,2.0,0.0,False
uefa.champions,2021-11-03T17:45:00Z,AC Milan,FC Porto,1.0,1.0,False
uefa.champions,2021-11-03T17:45:00Z,Real Madrid,Shakhtar Donetsk,2.0,1.0,False
uefa.champions,2021-11-03T20:00:00Z,Borussia Dortmund,Ajax Amsterdam,1.0,3.0,False
uefa.champions,2021-11-03T20:00:00Z,Liverpool,Atlético Madrid,2.0,0.0,False
uefa.champions,2021-11-03T20:00:00Z,Manchester City,Club Brugge,4.0,1.0,False
uefa.champions,2021-11-03T20:00:00Z,RB Leipzig,Paris Saint-Germain,2.0,2.0,False
uefa.champions,2021-11-03T20:00:00Z,Sheriff Tiraspol,Internazionale,1.0,3.0,False
uefa.champions,2021-11-03T20:00:00Z,Sporting CP,Besiktas,4.0,0.0,False
uefa.europa.conf,2021-11-04T15:30:00Z,Flora,Anorthosis,2.0,2.0,False
uefa.europa.conf,2021-11-04T15:30:00Z,Kairat Almaty,FK Qarabag,1.0,2.0,False
uefa.europa,2021-11-04T17:45:00Z,AS Monaco,PSV Eindhoven,0.0,0.0,False
uefa.europa,2021-11-04T17:45:00Z,Brøndby IF,Rangers,1.0,1.0,False
uefa.europa,2021-11-04T17:45:00Z,Galatasaray,Lokomotiv Moscow,1.0,1.0,False
uefa.europa,2021-11-04T17:45:00Z,Legia Warsaw,Napoli,1.0,4.0,False
uefa.europa,2021-11-04T17:45:00Z,Lyon,Sparta Prague,3.0,0.0,False
uefa.europa,2021-11-04T17:45:00Z,Olympiacos,Eintracht Frankfurt,1.0,2.0,False
uefa.europa,2021-11-04T17:45:00Z,Racing Genk,West Ham United,2.0,2.0,False
uefa.europa,2021-11-04T17:45:00Z,Real Sociedad,SK Sturm Graz,1.0,1.0,False
uefa.europa.conf,2021-11-04T17:45:00Z,AZ Alkmaar,CFR Cluj-Napoca,2.0,0.0,False
uefa.europa.conf,2021-11-04T17:45:00Z,FC Zorya Luhansk,CSKA Sofia,2.0,0.0,False
uefa.europa.conf,2021-11-04T17:45:00Z,KAA Gent,Partizan Belgrade,1.0,1.0,False
uefa.europa.conf,2021-11-04T17:45:00Z,LASK Linz,Alashkert FC,2.0,0.0,False
uefa.europa.conf,2021-11-04T17:45:00Z,Lincoln Red Imps,Slovan Bratislava,1.0,4.0,False
uefa.europa.conf,2021-11-04T17:45:00Z,Maccabi Tel-Aviv,HJK Helsinki,3.0,0.0,False
uefa.europa.conf,2021-11-04T17:45:00Z,Omonia Nicosia,FC Basel,1.0,1.0,False
uefa.europa.conf,2021-11-04T17:45:00Z,Randers FC,Jablonec,2.0,2.0,False
uefa.europa,2021-11-04T20:00:00Z,Antwerp,Fenerbahce,0.0,3.0,False
uefa.europa,2021-11-04T20:00:00Z,Bayer Leverkusen,Real Betis,4.0,0.0,False
uefa.europa,2021-11-04T20:00:00Z,Braga,Ludogorets Razgrad,4.0,2.0,False
uefa.europa,2021-11-04T20:00:00Z,Dinamo Zagreb,Rapid Vienna,3.0,1.0,False
uefa.europa,2021-11-04T20:00:00Z,Ferencvaros,Celtic,2.0,3.0,False
uefa.europa,2021-11-04T20:00:00Z,Leicester City,Spartak Moscow,1.0,1.0,False
uefa.europa,2021-11-04T20:00:00Z,Marseille,Lazio,2.0,2.0,False
uefa.europa,2021-11-04T20:00:00Z,Red Star Belgrade,FC Midtjylland,0.0,1.0,False
uefa.europa.conf,2021-11-04T20:00:00Z,1. FC Union Berlin,Feyenoord Rotterdam,1.0,2.0,False
uefa.europa.conf,2021-11-04T20:00:00Z,AS Roma,Bodo/Glimt,2.0,2.0,False
uefa.europa.conf,2021-11-04T20:00:00Z,PAOK,F.C. København,1.0,2.0,False
uefa.europa.conf,2021-11-04T20:00:00Z,Slavia Prague,Maccabi Haifa,1.0,0.0,False
uefa.europa.conf,2021-11-04T20:00:00Z,Stade Rennais,NS Mura,1.0,0.0,False
uefa.europa.conf,2021-11-04T20:00:00Z,Tottenham Hotspur,Vitesse,3.0,2.0,False
uefa.champions,2021-11-23T17:45:00Z,Dynamo Kyiv,Bayern Munich,1.0,2.0,False
uefa.champions,2021-11-23T17:45:00Z,Villarreal,Manchester United,0.0,2.0,False
uefa.champions,2021-11-23T20:00:00Z,Barcelona,Benfica,0.0,0.0,False
uefa.champions,2021-11-23T20:00:00Z,Chelsea,Juventus,4.0,0.0,False
uefa.champions,2021-11-23T20:00:00Z,Lille,RB Salzburg,1.0,0.0,False
uefa.champions,2021-11-23T20:00:00Z,Malmö FF,Zenit St Petersburg,1.0,1.0,False
uefa.champions,2021-11-23T20:00:00Z,Sevilla,VfL Wolfsburg,2.0,0.0,False
uefa.champions,2021-11-23T20:00:00Z,Young Boys,Atalanta,3.0,3.0,False
uefa.europa,2021-11-24T15:30:00Z,Spartak Moscow,Napoli,2.0,1.0,False
uefa.champions,2021-11-24T17:45:00Z,Besiktas,Ajax Amsterdam,1.0,2.0,False
uefa.champions,2021-11-24T17:45:00Z,Internazionale,Shakhtar Donetsk,2.0,0.0,False
uefa.champions,2021-11-24T20:00:00Z,Atlético Madrid,AC Milan,0.0,1.0,False
uefa.champions,2021-11-24T20:00:00Z,Club Brugge,RB Leipzig,0.0,5.0,False
uefa.champions,2021-11-24T20:00:00Z,Liverpool,FC Porto,2.0,0.0,False
uefa.champions,2021-11-24T20:00:00Z,Manchester City,Paris Saint-Germain,2.0,1.0,False
uefa.champions,2021-11-24T20:00:00Z,Sheriff Tiraspol,Real Madrid,0.0,3.0,False
uefa.champions,2021-11-24T20:00:00Z,Sporting CP,Borussia Dortmund,3.0,1.0,False
uefa.europa.conf,2021-11-25T15:30:00Z,Flora,Partizan Belgrade,1.0,0.0,False
uefa.europa.conf,2021-11-25T15:30:00Z,Kairat Almaty,FC Basel,2.0,3.0,False
uefa.europa,2021-11-25T17:45:00Z,Bayer Leverkusen,Celtic,3.0,2.0,False
uefa.europa,2021-11-25T17:45:00Z,Dinamo Zagreb,Racing Genk,1.0,1.0,False
uefa.europa,2021-11-25T17:45:00Z,FC Midtjylland,Braga,3.0,2.0,False
uefa.europa,2021-11-25T17:45:00Z,Galatasaray,Marseille,4.0,2.0,False
uefa.europa,2021-11-25T17:45:00Z,Lokomotiv Moscow,Lazio,0.0,3.0,False
uefa.europa,2021-11-25T17:45:00Z,Rapid Vienna,West Ham United,0.0,2.0,False
uefa.europa,2021-11-25T17:45:00Z,Real Betis,Ferencvaros,2.0,0.0,False
uefa.europa,2021-11-25T17:45:00Z,Red Star Belgrade,Ludogorets Razgrad,1.0,0.0,False
uefa.europa.conf,2021-11-25T17:45:00Z,FK Qarabag,Omonia Nicosia,2.0,2.0,False
uefa.europa.conf,2021-11-25T17:45:00Z,HJK Helsinki,Alashkert FC,1.0,0.0,False
uefa.europa.conf,2021-11-25T17:45:00Z,Lincoln Red Imps,F.C. København,0.0,4.0,False
uefa.europa.conf,2021-11-25T17:45:00Z,Maccabi Haifa,1. FC Union Berlin,0.0,1.0,False
uefa.europa.conf,2021-11-25T17:45:00Z,NS Mura,Tottenham Hotspur,2.0,1.0,False
uefa.europa.conf,2021-11-25T17:45:00Z,Slavia Prague,Feyenoord Rotterdam,2.0,2.0,False
uefa.europa.conf,2021-11-25T17:45:00Z,Slovan Bratislava,PAOK,0.0,0.0,False
uefa.europa.conf,2021-11-25T17:45:00Z,Stade Rennais,Vitesse,3.0,3.0,False
uefa.europa,2021-11-25T20:00:00Z,AS Monaco,Real Sociedad,2.0,1.0,False
uefa.europa,2021-11-25T20:00:00Z,Brøndby IF,Lyon,1.0,3.0,False
uefa.europa,2021-11-25T20:00:00Z,Eintracht Frankfurt,Antwerp,2.0,2.0,False
uefa.europa,2021-11-25T20:00:00Z,Leicester City,Legia Warsaw,3.0,1.0,False
uefa.europa,2021-11-25T20:00:00Z,Olympiacos,Fenerbahce,1.0,0.0,False
uefa.europa,2021-11-25T20:00:00Z,PSV Eindhoven,SK Sturm Graz,2.0,0.0,False
uefa.europa,2021-11-25T20:00:00Z,Rangers,Sparta Prague,2.0,0.0,False
uefa.europa.conf,2021-11-25T20:00:00Z,AS Roma,FC Zorya Luhansk,4.0,0.0,False
uefa.europa.conf,2021-11-25T20:00:00Z,Anorthosis,KAA Gent,1.0,0.0,False
uefa.europa.conf,2021-11-25T20:00:00Z,Bodo/Glimt,CSKA Sofia,2.0,0.0,False
uefa.europa.conf,2021-11-25T20:00:00Z,Jablonec,AZ Alkmaar,1.0,1.0,False
uefa.europa.conf,2021-11-25T20:00:00Z,Maccabi Tel-Aviv,LASK Linz,0.0,1.0,False
uefa.europa.conf,2021-11-25T20:00:00Z,Randers FC,CFR Cluj-Napoca,2.0,1.0,False
uefa.champions,2021-12-07T17:45:00Z,Paris Saint-Germain,Club Brugge,4.0,1.0,False
uefa.champions,2021-12-07T17:45:00Z,RB Leipzig,Manchester City,2.0,1.0,False
uefa.champions,2021-12-07T20:00:00Z,AC Milan,Liverpool,1.0,2.0,False
uefa.champions,2021-12-07T20:00:00Z,Ajax Amsterdam,Sporting CP,4.0,2.0,False
uefa.champions,2021-12-07T20:00:00Z,Borussia Dortmund,Besiktas,5.0,0.0,False
uefa.champions,2021-12-07T20:00:00Z,FC Porto,Atlético Madrid,1.0,3.0,False
uefa.champions,2021-12-07T20:00:00Z,Real Madrid,Internazionale,2.0,0.0,False
uefa.champions,2021-12-07T20:00:00Z,Shakhtar Donetsk,Sheriff Tiraspol,1.0,1.0,False
uefa.champions,2021-12-08T17:45:00Z,Juventus,Malmö FF,1.0,0.0,False
uefa.champions,2021-12-08T17:45:00Z,Zenit St Petersburg,Chelsea,3.0,3.0,False
uefa.champions,2021-12-08T20:00:00Z,Bayern Munich,Barcelona,3.0,0.0,False
uefa.champions,2021-12-08T20:00:00Z,Benfica,Dynamo Kyiv,2.0,0.0,False
uefa.champions,2021-12-08T20:00:00Z,Manchester United,Young Boys,1.0,1.0,False
uefa.champions,2021-12-08T20:00:00Z,RB Salzburg,Sevilla,1.0,0.0,False
uefa.champions,2021-12-08T20:00:00Z,VfL Wolfsburg,Lille,1.0,3.0,False
uefa.europa,2021-12-09T17:45:00Z,Antwerp,Olympiacos,1.0,0.0,False
uefa.europa,2021-12-09T17:45:00Z,Fenerbahce,Eintracht Frankfurt,1.0,1.0,False
uefa.europa,2021-12-09T17:45:00Z,Legia Warsaw,Spartak Moscow,0.0,1.0,False
uefa.europa,2021-12-09T17:45:00Z,Lyon,Rangers,1.0,1.0,False
uefa.europa,2021-12-09T17:45:00Z,Napoli,Leicester City,3.0,2.0,False
uefa.europa,2021-12-09T17:45:00Z,Real Sociedad,PSV Eindhoven,3.0,0.0,False
uefa.europa,2021-12-09T17:45:00Z,SK Sturm Graz,AS Monaco,1.0,1.0,False
uefa.europa,2021-12-09T17:45:00Z,Sparta Prague,Brøndby IF,2.0,0.0,False
uefa.europa.conf,2021-12-09T17:45:00Z,AZ Alkmaar,Randers FC,1.0,0.0,False
uefa.europa.conf,2021-12-09T17:45:00Z,Alashkert FC,Maccabi Tel-Aviv,1.0,1.0,False
uefa.europa.conf,2021-12-09T17:45:00Z,CFR Cluj-Napoca,Jablonec,2.0,0.0,False
uefa.europa.conf,2021-12-09T17:45:00Z,CSKA Sofia,AS Roma,2.0,3.0,False
uefa.europa.conf,2021-12-09T17:45:00Z,FC Zorya Luhansk,Bodo/Glimt,1.0,1.0,False
uefa.europa.conf,2021-12-09T17:45:00Z,KAA Gent,Flora,1.0,0.0,False
uefa.europa.conf,2021-12-09T17:45:00Z,LASK Linz,HJK Helsinki,3.0,0.0,False
uefa.europa.conf,2021-12-09T17:45:00Z,Partizan Belgrade,Anorthosis,1.0,1.0,False
uefa.champions,2021-12-09T18:00:00Z,Atalanta,Villarreal,2.0,3.0,False
uefa.europa,2021-12-09T20:00:00Z,Braga,Red Star Belgrade,1.0,1.0,False
uefa.europa,2021-12-09T20:00:00Z,Celtic,Real Betis,3.0,2.0,False
uefa.europa,2021-12-09T20:00:00Z,Ferencvaros,Bayer Leverkusen,1.0,0.0,False
uefa.europa,2021-12-09T20:00:00Z,Lazio,Galatasaray,0.0,0.0,False
uefa.europa,2021-12-09T20:00:00Z,Ludogorets Razgrad,FC Midtjylland,0.0,0.0,False
uefa.europa,2021-12-09T20:00:00Z,Marseille,Lokomotiv Moscow,1.0,0.0,False
uefa.europa,2021-12-09T20:00:00Z,Racing Genk,Rapid Vienna,0.0,1.0,False
uefa.europa,2021-12-09T20:00:00Z,West Ham United,Dinamo Zagreb,0.0,1.0,False
uefa.europa.conf,2021-12-09T20:00:00Z,1. FC Union Berlin,Slavia Prague,1.0,1.0,False
uefa.europa.conf,2021-12-09T20:00:00Z,F.C. København,Slovan Bratislava,2.0,0.0,False
uefa.europa.conf,2021-12-09T20:00:00Z,FC Basel,FK Qarabag,3.0,0.0,False
uefa.europa.conf,2021-12-09T20:00:00Z,Feyenoord Rotterdam,Maccabi Haifa,2.0,1.0,False
uefa.europa.conf,2021-12-09T20:00:00Z,Omonia Nicosia,Kairat Almaty,0.0,0.0,False
uefa.europa.conf,2021-12-09T20:00:00Z,PAOK,Lincoln Red Imps,2.0,0.0,False
uefa.europa.conf,2021-12-09T20:00:00Z,Tottenham Hotspur,Stade Rennais,0.0,3.0,False
uefa.europa.conf,2021-12-09T20:00:00Z,Vitesse,NS Mura,3.0,1.0,False
caf.champions,2022-02-11T16:00:00Z,Etoile Sahel,CR Belouizdad,0.0,0.0,False
caf.champions,2022-02-11T16:00:00Z,Mamelodi Sundowns,Al Hilal Omdurman,1.0,0.0,False
caf.champions,2022-02-11T19:00:00Z,Wydad AC,Sagrada Esperança,3.0,0.0,False
caf.champions,2022-02-12T13:00:00Z,Esperance Sportive de Tunis,Jwaneng Galaxy,4.0,0.0,False
caf.champions,2022-02-12T16:00:00Z,Horoya,ES Setif,0.0,1.0,False
caf.champions,2022-02-12T16:00:00Z,Zamalek,Petro de Luanda,2.0,2.0,False
caf.champions,2022-02-12T19:00:00Z,Raja Casablanca,AmaZulu,1.0,0.0,False
caf.confed,2022-02-13T13:00:00Z,Coton Sport Garoua,Al-Masry,0.0,0.0,False
caf.confed,2022-02-13T13:00:00Z,Simba SC,ASEC Mimosas,3.0,1.0,False
caf.confed,2022-02-13T13:00:00Z,TP Mazembe,Otôho d'Oyo,1.0,0.0,False
caf.confed,2022-02-13T16:00:00Z,Orlando Pirates,JS Saoura,2.0,0.0,False
caf.confed,2022-02-13T16:00:00Z,Pyramids FC,Al Ahli Tripoli,2.0,1.0,False
caf.confed,2022-02-13T19:00:00Z,Club Sportif Sfaxien,Zanaco,1.0,0.0,False
caf.confed,2022-02-13T19:00:00Z,RSB Berkane,USGN,5.0,3.0,False
uefa.champions,2022-02-15T20:00:00Z,Paris Saint-Germain,Real Madrid,1.0,0.0,False
uefa.champions,2022-02-15T20:00:00Z,Sporting CP,Manchester City,0.0,5.0,False
concacaf.champions,2022-02-16T01:00:00Z,Santos,New York City FC,0.0,2.0,False
concacaf.champions,2022-02-16T03:00:00Z,Santos,CF Montréal,1.0,0.0,False
uefa.champions,2022-02-16T20:00:00Z,Internazionale,Liverpool,0.0,2.0,False
uefa.champions,2022-02-16T20:00:00Z,RB Salzburg,Bayern Munich,1.0,1.0,False
concacaf.champions,2022-02-16T23:00:00Z,CD Guastatoya,León,0.0,2.0,False
concacaf.champions,2022-02-17T01:00:00Z,Forge FC,Cruz Azul,0.0,1.0,False
concacaf.champions,2022-02-17T03:00:00Z,Saprissa,Pumas UNAM,2.0,2.0,False
uefa.europa,2022-02-17T17:45:00Z,Barcelona,Napoli,1.0,1.0,False
uefa.europa,2022-02-17T17:45:00Z,Borussia Dortmund,Rangers,2.0,4.0,False
uefa.europa,2022-02-17T17:45:00Z,Sheriff Tiraspol,Braga,2.0,0.0,False
uefa.europa,2022-02-17T17:45:00Z,Zenit St Petersburg,Real Betis,2.0,3.0,False
uefa.europa.conf,2022-02-17T17:45:00Z,FC Midtjylland,PAOK,1.0,0.0,False
uefa.europa.conf,2022-02-17T17:45:00Z,Fenerbahce,Slavia Prague,2.0,3.0,False
uefa.europa.conf,2022-02-17T17:45:00Z,PSV Eindhoven,Maccabi Tel-Aviv,1.0,0.0,False
uefa.europa.conf,2022-02-17T17:45:00Z,Rapid Vienna,Vitesse,2.0,1.0,False
uefa.europa,2022-02-17T20:00:00Z,Atalanta,Olympiacos,2.0,1.0,False
uefa.europa,2022-02-17T20:00:00Z,FC Porto,Lazio,2.0,1.0,False
uefa.europa,2022-02-17T20:00:00Z,RB Leipzig,Real Sociedad,2.0,2.0,False
uefa.europa,2022-02-17T20:00:00Z,Sevilla,Dinamo Zagreb,3.0,1.0,False
uefa.europa.conf,2022-02-17T20:00:00Z,Celtic,Bodo/Glimt,1.0,3.0,False
uefa.europa.conf,2022-02-17T20:00:00Z,Leicester City,Randers FC,4.0,1.0,False
uefa.europa.conf,2022-02-17T20:00:00Z,Marseille,FK Qarabag,3.0,1.0,False
uefa.europa.conf,2022-02-17T20:00:00Z,Sparta Prague,Partizan Belgrade,0.0,1.0,False
concacaf.champions,2022-02-18T00:00:00Z,Comunicaciones,Colorado Rapids,1.0,0.0,False
concacaf.champions,2022-02-18T02:00:00Z,FC Motagua,Seattle Sounders FC,0.0,0.0,False
caf.champions,2022-02-18T13:00:00Z,Al Hilal Omdurman,Al Ahly,0.0,0.0,False
caf.champions,2022-02-18T19:00:00Z,AmaZulu,Horoya,1.0,0.0,False
caf.champions,2022-02-18T19:00:00Z,ES Setif,Raja Casablanca,0.0,1.0,False
caf.champions,2022-02-19T13:00:00Z,Al-Merrikh,Mamelodi Sundowns,0.0,0.0,False
caf.champions,2022-02-19T13:00:00Z,Petro de Luanda,Wydad AC,2.0,1.0,False
caf.champions,2022-02-19T16:00:00Z,Jwaneng Galaxy,Etoile Sahel,1.0,1.0,False
caf.champions,2022-02-19T16:00:00Z,Sagrada Esperança,Zamalek,0.0,0.0,False
caf.champions,2022-02-19T19:00:00Z,CR Belouizdad,Esperance Sportive de Tunis,1.0,1.0,False
caf.confed,2022-02-20T13:00:00Z,Zanaco,Pyramids FC,0.0,2.0,False
caf.confed,2022-02-20T16:00:00Z,ASEC Mimosas,RSB Berkane,3.0,1.0,False
caf.confed,2022-02-20T16:00:00Z,Al Ittihad Tripoli,Orlando Pirates,3.0,2.0,False
caf.confed,2022-02-20T16:00:00Z,Al-Masry,TP Mazembe,2.0,0.0,False
caf.confed,2022-02-20T16:00:00Z,USGN,Simba SC,1.0,1.0,False
caf.confed,2022-02-20T19:00:00Z,Al Ahli Tripoli,Club Sportif Sfaxien,2.0,1.0,False
caf.confed,2022-02-20T19:00:00Z,JS Saoura,Royal Leopards,2.0,0.0,False
uefa.champions,2022-02-22T20:00:00Z,Chelsea,Lille,2.0,0.0,False
uefa.champions,2022-02-22T20:00:00Z,Villarreal,Juventus,1.0,1.0,False
concacaf.champions,2022-02-23T03:15:00Z,León,CD Guastatoya,1.0,0.0,False
caf.confed,2022-02-23T13:00:00Z,Otôho d'Oyo,Coton Sport Garoua,1.0,1.0,False
uefa.champions,2022-02-23T20:00:00Z,Atlético Madrid,Manchester United,1.0,1.0,False
uefa.champions,2022-02-23T20:00:00Z,Benfica,Ajax Amsterdam,2.0,2.0,False
concacaf.champions,2022-02-23T23:00:00Z,New York City FC,Santos,4.0,0.0,False
concacaf.champions,2022-02-24T01:15:00Z,CF Montréal,Santos,3.0,0.0,False
concacaf.champions,2022-02-24T01:15:00Z,Colorado Rapids,Comunicaciones,1.0,0.0,False
concacaf.champions,2022-02-24T03:30:00Z,Pumas UNAM,Saprissa,4.0,1.0,False
uefa.europa,2022-02-24T17:45:00Z,Dinamo Zagreb,Sevilla,1.0,0.0,False
uefa.europa,2022-02-24T17:45:00Z,Lazio,FC Porto,2.0,2.0,False
uefa.europa,2022-02-24T17:45:00Z,Olympiacos,Atalanta,0.0,3.0,False
uefa.europa,2022-02-24T17:45:00Z,Real Sociedad,RB Leipzig,1.0,3.0,False
uefa.europa.conf,2022-02-24T17:45:00Z,Bodo/Glimt,Celtic,2.0,0.0,False
uefa.europa.conf,2022-02-24T17:45:00Z,FK Qarabag,Marseille,0.0,3.0,False
uefa.europa.conf,2022-02-24T17:45:00Z,Maccabi Tel-Aviv,PSV Eindhoven,1.0,1.0,False
uefa.europa.conf,2022-02-24T17:45:00Z,Partizan Belgrade,Sparta Prague,2.0,1.0,False
uefa.europa.conf,2022-02-24T17:45:00Z,Randers FC,Leicester City,1.0,3.0,False
uefa.europa,2022-02-24T20:00:00Z,Braga,Sheriff Tiraspol,2.0,0.0,False
uefa.europa,2022-02-24T20:00:00Z,Napoli,Barcelona,2.0,4.0,False
uefa.europa,2022-02-24T20:00:00Z,Rangers,Borussia Dortmund,2.0,2.0,False
uefa.europa,2022-02-24T20:00:00Z,Real Betis,Zenit St Petersburg,0.0,0.0,False
uefa.europa.conf,2022-02-24T20:00:00Z,PAOK,FC Midtjylland,2.0,1.0,False
uefa.europa.conf,2022-02-24T20:00:00Z,Slavia Prague,Fenerbahce,3.0,2.0,False
uefa.europa.conf,2022-02-24T20:00:00Z,Vitesse,Rapid Vienna,2.0,0.0,False
concacaf.champions,2022-02-25T01:30:00Z,Cruz Azul,Forge FC,3.0,1.0,False
concacaf.champions,2022-02-25T03:45:00Z,Seattle Sounders FC,FC Motagua,5.0,0.0,False
caf.champions,2022-02-25T16:00:00Z,Al-Merrikh,Al Hilal Omdurman,2.0,1.0,False
caf.champions,2022-02-25T16:00:00Z,AmaZulu,ES Setif,1.0,0.0,False
caf.champions,2022-02-25T19:00:00Z,Raja Casablanca,Horoya,1.0,0.0,False
caf.champions,2022-02-26T13:00:00Z,Esperance Sportive de Tunis,Etoile Sahel,0.0,0.0,False
caf.champions,2022-02-26T16:00:00Z,Jwaneng Galaxy,CR Belouizdad,1.0,2.0,False
caf.champions,2022-02-26T16:00:00Z,Sagrada Esperança,Petro de Luanda,0.0,1.0,False
caf.champions,2022-02-26T19:00:00Z,Al Ahly,Mamelodi Sundowns,0.0,1.0,False
caf.champions,2022-02-26T19:00:00Z,Wydad AC,Zamalek,3.0,1.0,False
caf.confed,2022-02-27T13:00:00Z,TP Mazembe,Coton Sport Garoua,1.0,0.0,False
caf.confed,2022-02-27T16:00:00Z,Al Ittihad Tripoli,JS Saoura,1.0,1.0,False
caf.confed,2022-02-27T16:00:00Z,Otôho d'Oyo,Al-Masry,1.0,0.0,False
caf.confed,2022-02-27T16:00:00Z,Pyramids FC,Club Sportif Sfaxien,1.0,0.0,False
caf.confed,2022-02-27T16:00:00Z,USGN,ASEC Mimosas,2.0,0.0,False
caf.confed,2022-02-27T19:00:00Z,Al Ahli Tripoli,Zanaco,2.0,0.0,False
caf.confed,2022-02-27T19:00:00Z,RSB Berkane,Simba SC,2.0,0.0,False
caf.confed,2022-02-27T19:00:00Z,Royal Leopards,Orlando Pirates,2.0,6.0,False
caf.champions,2022-03-05T19:00:00Z,Al Ahly,Al-Merrikh,3.0,2.0,False
caf.confed,2022-03-06T14:00:00Z,Royal Leopards,Al Ittihad Tripoli,1.0,2.0,False
uefa.champions,2022-03-08T20:00:00Z,Bayern Munich,RB Salzburg,7.0,1.0,False
uefa.champions,2022-03-08T20:00:00Z,Liverpool,Internazionale,0.0,1.0,False
concacaf.champions,2022-03-09T01:00:00Z,New York City FC,Comunicaciones,3.0,1.0,False
concacaf.champions,2022-03-09T03:00:00Z,Seattle Sounders FC,León,3.0,0.0,False
uefa.europa,2022-03-09T17:45:00Z,FC Porto,Lyon,0.0,1.0,False
uefa.europa,2022-03-09T17:45:00Z,Real Betis,Eintracht Frankfurt,1.0,2.0,False
uefa.champions,2022-03-09T20:00:00Z,Manchester City,Sporting CP,0.0,0.0,False
uefa.champions,2022-03-09T20:00:00Z,Real Madrid,Paris Saint-Germain,3.0,1.0,False
concacaf.champions,2022-03-10T01:00:00Z,New England Revolution,Pumas UNAM,3.0,0.0,False
concacaf.champions,2022-03-10T03:00:00Z,Cruz Azul,CF Montréal,1.0,0.0,False
uefa.europa,2022-03-10T17:45:00Z,Sevilla,West Ham United,1.0,0.0,False
uefa.europa.conf,2022-03-10T17:45:00Z,PAOK,KAA Gent,1.0,0.0,False
uefa.europa.conf,2022-03-10T17:45:00Z,Partizan Belgrade,Feyenoord Rotterdam,2.0,5.0,False
uefa.europa.conf,2022-03-10T17:45:00Z,Slavia Prague,LASK Linz,4.0,1.0,False
uefa.europa.conf,2022-03-10T17:45:00Z,Vitesse,AS Roma,0.0,1.0,False
uefa.europa,2022-03-10T20:00:00Z,Atalanta,Bayer Leverkusen,3.0,2.0,False
uefa.europa,2022-03-10T20:00:00Z,Barcelona,Galatasaray,0.0,0.0,False
uefa.europa,2022-03-10T20:00:00Z,Braga,AS Monaco,2.0,0.0,False
uefa.europa,2022-03-10T20:00:00Z,Rangers,Red Star Belgrade,3.0,0.0,False
uefa.europa.conf,2022-03-10T20:00:00Z,Bodo/Glimt,AZ Alkmaar,2.0,1.0,False
uefa.europa.conf,2022-03-10T20:00:00Z,Leicester City,Stade Rennais,2.0,0.0,False
uefa.europa.conf,2022-03-10T20:00:00Z,Marseille,FC Basel,2.0,1.0,False
uefa.europa.conf,2022-03-10T20:00:00Z,PSV Eindhoven,F.C. København,4.0,4.0,False
caf.champions,2022-03-11T13:00:00Z,Al Hilal Omdurman,Al-Merrikh,1.0,0.0,False
caf.champions,2022-03-11T16:00:00Z,Zamalek,Wydad AC,0.0,1.0,False
caf.champions,2022-03-11T19:00:00Z,CR Belouizdad,Jwaneng Galaxy,4.0,1.0,False
caf.champions,2022-03-12T13:00:00Z,Etoile Sahel,Esperance Sportive de Tunis,0.0,2.0,False
caf.champions,2022-03-12T13:00:00Z,Mamelodi Sundowns,Al Ahly,1.0,0.0,False
caf.champions,2022-03-12T16:00:00Z,Horoya,Raja Casablanca,2.0,1.0,False
caf.champions,2022-03-12T16:00:00Z,Petro de Luanda,Sagrada Esperança,3.0,0.0,False
caf.champions,2022-03-12T19:00:00Z,ES Setif,AmaZulu,2.0,0.0,False
caf.confed,2022-03-13T13:00:00Z,Coton Sport Garoua,TP Mazembe,2.0,2.0,False
caf.confed,2022-03-13T13:00:00Z,Simba SC,RSB Berkane,1.0,0.0,False
caf.confed,2022-03-13T13:00:00Z,Zanaco,Al Ahli Tripoli,2.0,3.0,False
caf.confed,2022-03-13T16:00:00Z,ASEC Mimosas,USGN,2.0,1.0,False
caf.confed,2022-03-13T16:00:00Z,Al-Masry,Otôho d'Oyo,1.0,0.0,False
caf.confed,2022-03-13T16:00:00Z,Orlando Pirates,Royal Leopards,3.0,0.0,False
caf.confed,2022-03-13T19:00:00Z,Club Sportif Sfaxien,Pyramids FC,1.0,1.0,False
caf.confed,2022-03-13T19:00:00Z,JS Saoura,Al Ittihad Tripoli,1.0,0.0,False
uefa.champions,2022-03-15T20:00:00Z,Ajax Amsterdam,Benfica,0.0,1.0,False
uefa.champions,2022-03-15T20:00:00Z,Manchester United,Atlético Madrid,0.0,1.0,False
concacaf.champions,2022-03-16T00:00:00Z,Comunicaciones,New York City FC,4.0,2.0,False
uefa.champions,2022-03-16T20:00:00Z,Juventus,Villarreal,0.0,3.0,False
uefa.champions,2022-03-16T20:00:00Z,Lille,Chelsea,1.0,2.0,False
concacaf.champions,2022-03-17T00:00:00Z,CF Montréal,Cruz Azul,1.0,1.0,False
concacaf.champions,2022-03-17T02:15:00Z,Pumas UNAM,New England Revolution,3.0,0.0,False
uefa.europa,2022-03-17T17:45:00Z,AS Monaco,Braga,1.0,1.0,False
uefa.europa,2022-03-17T17:45:00Z,Bayer Leverkusen,Atalanta,0.0,1.0,False
uefa.europa,2022-03-17T17:45:00Z,Galatasaray,Barcelona,1.0,2.0,False
uefa.europa,2022-03-17T17:45:00Z,Red Star Belgrade,Rangers,2.0,1.0,False
uefa.europa.conf,2022-03-17T17:45:00Z,AZ Alkmaar,Bodo/Glimt,2.0,2.0,False
uefa.europa.conf,2022-03-17T17:45:00Z,F.C. København,PSV Eindhoven,0.0,4.0,False
uefa.europa.conf,2022-03-17T17:45:00Z,FC Basel,Marseille,1.0,2.0,False
uefa.europa.conf,2022-03-17T17:45:00Z,Stade Rennais,Leicester City,2.0,1.0,False
uefa.europa,2022-03-17T20:00:00Z,Eintracht Frankfurt,Real Betis,1.0,1.0,False
uefa.europa,2022-03-17T20:00:00Z,Lyon,FC Porto,1.0,1.0,False
uefa.europa,2022-03-17T20:00:00Z,West Ham United,Sevilla,2.0,0.0,False
uefa.europa.conf,2022-03-17T20:00:00Z,AS Roma,Vitesse,1.0,1.0,False
uefa.europa.conf,2022-03-17T20:00:00Z,Feyenoord Rotterdam,Partizan Belgrade,3.0,1.0,False
uefa.europa.conf,2022-03-17T20:00:00Z,KAA Gent,PAOK,1.0,2.0,False
uefa.europa.conf,2022-03-17T20:00:00Z,LASK Linz,Slavia Prague,4.0,3.0,False
concacaf.champions,2022-03-18T00:30:00Z,León,Seattle Sounders FC,1.0,1.0,False
caf.champions,2022-03-18T16:00:00Z,Al-Merrikh,Al Ahly,1.0,3.0,False
caf.champions,2022-03-18T16:00:00Z,AmaZulu,Raja Casablanca,0.0,2.0,False
caf.champions,2022-03-18T19:00:00Z,ES Setif,Horoya,3.0,2.0,False
caf.champions,2022-03-19T13:00:00Z,Al Hilal Omdurman,Mamelodi Sundowns,2.0,4.0,False
caf.champions,2022-03-19T13:00:00Z,Petro de Luanda,Zamalek,0.0,0.0,False
caf.champions,2022-03-19T16:00:00Z,Jwaneng Galaxy,Esperance Sportive de Tunis,0.0,3.0,False
caf.champions,2022-03-19T19:00:00Z,CR Belouizdad,Etoile Sahel,2.0,0.0,False
caf.champions,2022-03-19T19:00:00Z,Sagrada Esperança,Wydad AC,1.0,2.0,False
caf.confed,2022-03-20T13:00:00Z,Al-Masry,Coton Sport Garoua,2.0,0.0,False
caf.confed,2022-03-20T13:00:00Z,Zanaco,Club Sportif Sfaxien,1.0,0.0,False
caf.confed,2022-03-20T16:00:00Z,ASEC Mimosas,Simba SC,3.0,0.0,False
caf.confed,2022-03-20T16:00:00Z,Al Ittihad Tripoli,Royal Leopards,3.0,2.0,False
caf.confed,2022-03-20T16:00:00Z,Otôho d'Oyo,TP Mazembe,2.0,2.0,False
caf.confed,2022-03-20T16:00:00Z,USGN,RSB Berkane,2.0,2.0,False
caf.confed,2022-03-20T19:00:00Z,Al Ahli Tripoli,Pyramids FC,1.0,0.0,False
caf.confed,2022-03-20T19:00:00Z,JS Saoura,Orlando Pirates,0.0,2.0,False
caf.champions,2022-04-01T13:00:00Z,Etoile Sahel,Jwaneng Galaxy,3.0,2.0,False
caf.champions,2022-04-01T16:00:00Z,Horoya,AmaZulu,1.0,1.0,False
caf.champions,2022-04-01T16:00:00Z,Zamalek,Sagrada Esperança,0.0,0.0,False
caf.champions,2022-04-02T13:00:00Z,Mamelodi Sundowns,Al-Merrikh,3.0,0.0,False
caf.champions,2022-04-02T21:00:00Z,Esperance Sportive de Tunis,CR Belouizdad,2.0,1.0,False
caf.champions,2022-04-02T21:00:00Z,Wydad AC,Petro de Luanda,5.0,1.0,False
caf.confed,2022-04-03T13:00:00Z,TP Mazembe,Al-Masry,2.0,0.0,False
caf.confed,2022-04-03T16:00:00Z,Orlando Pirates,Al Ittihad Tripoli,0.0,0.0,False
caf.confed,2022-04-03T16:00:00Z,Royal Leopards,JS Saoura,0.0,2.0,False
caf.confed,2022-04-03T19:00:00Z,Coton Sport Garoua,Otôho d'Oyo,0.0,1.0,False
caf.confed,2022-04-03T19:00:00Z,RSB Berkane,ASEC Mimosas,1.0,0.0,False
caf.confed,2022-04-03T19:00:00Z,Simba SC,USGN,4.0,0.0,False
caf.champions,2022-04-03T20:00:00Z,Al Ahly,Al Hilal Omdurman,1.0,0.0,False
caf.confed,2022-04-03T20:00:00Z,Club Sportif Sfaxien,Al Ahli Tripoli,0.0,0.0,False
caf.confed,2022-04-03T20:00:00Z,Pyramids FC,Zanaco,1.0,0.0,False
caf.champions,2022-04-03T21:00:00Z,Raja Casablanca,ES Setif,1.0,0.0,False
uefa.champions,2022-04-05T19:00:00Z,Benfica,Liverpool,1.0,3.0,False
uefa.champions,2022-04-05T19:00:00Z,Manchester City,Atlético Madrid,1.0,0.0,False
concacaf.champions,2022-04-06T02:00:00Z,Pumas UNAM,Cruz Azul,2.0,1.0,False
uefa.champions,2022-04-06T19:00:00Z,Chelsea,Real Madrid,1.0,3.0,False
uefa.champions,2022-04-06T19:00:00Z,Villarreal,Bayern Munich,1.0,0.0,False
concacaf.champions,2022-04-07T02:00:00Z,Seattle Sounders FC,New York City FC,3.0,1.0,False
uefa.europa,2022-04-07T16:45:00Z,RB Leipzig,Atalanta,1.0,1.0,False
uefa.europa.conf,2022-04-07T16:45:00Z,Feyenoord Rotterdam,Slavia Prague,3.0,3.0,False
uefa.europa,2022-04-07T19:00:00Z,Braga,Rangers,1.0,0.0,False
uefa.europa,2022-04-07T19:00:00Z,Eintracht Frankfurt,Barcelona,1.0,1.0,False
uefa.europa,2022-04-07T19:00:00Z,West Ham United,Lyon,1.0,1.0,False
uefa.europa.conf,2022-04-07T19:00:00Z,Bodo/Glimt,AS Roma,2.0,1.0,False
uefa.europa.conf,2022-04-07T19:00:00Z,Leicester City,PSV Eindhoven,0.0,0.0,False
uefa.europa.conf,2022-04-07T19:00:00Z,Marseille,PAOK,2.0,1.0,False
uefa.champions,2022-04-12T19:00:00Z,Bayern Munich,Villarreal,1.0,1.0,False
uefa.champions,2022-04-12T19:00:00Z,Real Madrid,Chelsea,2.0,3.0,False
concacaf.champions,2022-04-13T02:00:00Z,Cruz Azul,Pumas UNAM,0.0,0.0,False
uefa.champions,2022-04-13T19:00:00Z,Atlético Madrid,Manchester City,0.0,0.0,False
uefa.champions,2022-04-13T19:00:00Z,Liverpool,Benfica,3.0,3.0,False
concacaf.champions,2022-04-14T01:00:00Z,New York City FC,Seattle Sounders FC,1.0,1.0,False
uefa.europa,2022-04-14T16:45:00Z,Atalanta,RB Leipzig,0.0,2.0,False
uefa.europa.conf,2022-04-14T16:45:00Z,PSV Eindhoven,Leicester City,1.0,2.0,False
uefa.europa,2022-04-14T19:00:00Z,Barcelona,Eintracht Frankfurt,2.0,3.0,False
uefa.europa,2022-04-14T19:00:00Z,Lyon,West Ham United,0.0,3.0,False
uefa.europa,2022-04-14T19:00:00Z,Rangers,Braga,3.0,1.0,False
uefa.europa.conf,2022-04-14T19:00:00Z,AS Roma,Bodo/Glimt,4.0,0.0,False
uefa.europa.conf,2022-04-14T19:00:00Z,PAOK,Marseille,0.0,1.0,False
uefa.europa.conf,2022-04-14T19:00:00Z,Slavia Prague,Feyenoord Rotterdam,1.0,3.0,False
caf.champions,2022-04-15T21:00:00Z,ES Setif,Esperance Sportive de Tunis,0.0,0.0,False
caf.champions,2022-04-16T16:00:00Z,Petro de Luanda,Mamelodi Sundowns,2.0,1.0,False
caf.champions,2022-04-16T20:00:00Z,Al Ahly,Raja Casablanca,2.0,1.0,False
caf.champions,2022-04-16T21:00:00Z,CR Belouizdad,Wydad AC,0.0,1.0,False
caf.confed,2022-04-17T16:00:00Z,Simba SC,Orlando Pirates,1.0,0.0,False
caf.confed,2022-04-17T20:00:00Z,Al Ittihad Tripoli,Al Ahli Tripoli,0.0,0.0,False
caf.confed,2022-04-17T20:00:00Z,Al-Masry,RSB Berkane,2.0,1.0,False
caf.confed,2022-04-17T20:00:00Z,Pyramids FC,TP Mazembe,0.0,0.0,False
caf.champions,2022-04-22T21:00:00Z,Esperance Sportive de Tunis,ES Setif,0.0,1.0,False
caf.champions,2022-04-22T22:00:00Z,Raja Casablanca,Al Ahly,1.0,1.0,False
caf.champions,2022-04-23T16:00:00Z,Mamelodi Sundowns,Petro de Luanda,1.0,1.0,False
caf.champions,2022-04-23T22:00:00Z,Wydad AC,CR Belouizdad,0.0,0.0,False
caf.confed,2022-04-24T13:00:00Z,TP Mazembe,Pyramids FC,2.0,0.0,False
caf.confed,2022-04-24T16:00:00Z,Orlando Pirates,Simba SC,1.0,0.0,False
caf.confed,2022-04-24T20:00:00Z,Al Ahli Tripoli,Al Ittihad Tripoli,1.0,0.0,False
caf.confed,2022-04-24T22:00:00Z,RSB Berkane,Al-Masry,1.0,0.0,False
uefa.champions,2022-04-26T19:00:00Z,Manchester City,Real Madrid,4.0,3.0,False
uefa.champions,2022-04-27T19:00:00Z,Liverpool,Villarreal,2.0,0.0,False
concacaf.champions,2022-04-28T02:30:00Z,Pumas UNAM,Seattle Sounders FC,2.0,2.0,False
uefa.europa,2022-04-28T19:00:00Z,RB Leipzig,Rangers,1.0,0.0,False
uefa.europa,2022-04-28T19:00:00Z,West Ham United,Eintracht Frankfurt,1.0,2.0,False
uefa.europa.conf,2022-04-28T19:00:00Z,Feyenoord Rotterdam,Marseille,3.0,2.0,False
uefa.europa.conf,2022-04-28T19:00:00Z,Leicester City,AS Roma,1.0,1.0,False
uefa.champions,2022-05-03T19:00:00Z,Villarreal,Liverpool,2.0,3.0,False
uefa.champions,2022-05-04T19:00:00Z,Real Madrid,Manchester City,3.0,1.0,False
concacaf.champions,2022-05-05T02:00:00Z,Seattle Sounders FC,Pumas UNAM,3.0,0.0,False
uefa.europa,2022-05-05T19:00:00Z,Eintracht Frankfurt,West Ham United,1.0,0.0,False
uefa.europa,2022-05-05T19:00:00Z,Rangers,RB Leipzig,3.0,1.0,False
uefa.europa.conf,2022-05-05T19:00:00Z,AS Roma,Leicester City,1.0,0.0,False
uefa.europa.conf,2022-05-05T19:00:00Z,Marseille,Feyenoord Rotterdam,0.0,0.0,False
caf.champions,2022-05-07T13:00:00Z,Petro de Luanda,Wydad AC,1.0,3.0,False
caf.champions,2022-05-07T19:00:00Z,Al Ahly,ES Setif,4.0,0.0,False
caf.confed,2022-05-08T13:00:00Z,TP Mazembe,RSB Berkane,1.0,0.0,False
caf.confed,2022-05-08T16:00:00Z,Al Ahli Tripoli,Orlando Pirates,0.0,2.0,False
caf.champions,2022-05-13T19:00:00Z,Wydad AC,Petro de Luanda,1.0,1.0,False
caf.champions,2022-05-14T19:00:00Z,ES Setif,Al Ahly,2.0,2.0,False
caf.confed,2022-05-15T16:00:00Z,Orlando Pirates,Al Ahli Tripoli,0.0,1.0,False
caf.confed,2022-05-15T19:00:00Z,RSB Berkane,TP Mazembe,4.0,1.0,False
uefa.europa,2022-05-18T19:00:00Z,Eintracht Frankfurt,Rangers,1.0,1.0,False
caf.confed,2022-05-20T19:00:00Z,Orlando Pirates,RSB Berkane,1.0,1.0,False
uefa.europa.conf,2022-05-25T19:00:00Z,AS Roma,Feyenoord Rotterdam,1.0,0.0,False
uefa.champions,2022-05-28T19:36:00Z,Liverpool,Real Madrid,0.0,1.0,False
caf.champions,2022-05-30T19:00:00Z,Al Ahly,Wydad AC,0.0,2.0,False
uefa.champions,2022-09-06T16:45:00Z,Borussia Dortmund,F.C. København,3.0,0.0,False
uefa.champions,2022-09-06T16:45:00Z,Dinamo Zagreb,Chelsea,1.0,0.0,False
uefa.champions,2022-09-06T19:00:00Z,Benfica,Maccabi Haifa,2.0,0.0,False
uefa.champions,2022-09-06T19:00:00Z,Celtic,Real Madrid,0.0,3.0,False
uefa.champions,2022-09-06T19:00:00Z,Paris Saint-Germain,Juventus,2.0,1.0,False
uefa.champions,2022-09-06T19:00:00Z,RB Leipzig,Shakhtar Donetsk,1.0,4.0,False
uefa.champions,2022-09-06T19:00:00Z,RB Salzburg,AC Milan,1.0,1.0,False
uefa.champions,2022-09-06T19:00:00Z,Sevilla,Manchester City,0.0,4.0,False
uefa.champions,2022-09-07T16:45:00Z,Ajax Amsterdam,Rangers,4.0,0.0,False
uefa.champions,2022-09-07T16:45:00Z,Eintracht Frankfurt,Sporting CP,0.0,3.0,False
uefa.champions,2022-09-07T19:00:00Z,Atlético Madrid,FC Porto,2.0,1.0,False
uefa.champions,2022-09-07T19:00:00Z,Barcelona,Viktoria Plzen,5.0,1.0,False
uefa.champions,2022-09-07T19:00:00Z,Club Brugge,Bayer Leverkusen,1.0,0.0,False
uefa.champions,2022-09-07T19:00:00Z,Internazionale,Bayern Munich,0.0,2.0,False
uefa.champions,2022-09-07T19:00:00Z,Napoli,Liverpool,4.0,1.0,False
uefa.champions,2022-09-07T19:00:00Z,Tottenham Hotspur,Marseille,2.0,0.0,False
uefa.europa,2022-09-08T16:45:00Z,1. FC Union Berlin,Union St.-Gilloise,0.0,1.0,False
uefa.europa,2022-09-08T16:45:00Z,AEK Larnaca,Stade Rennais,1.0,2.0,False
uefa.europa,2022-09-08T16:45:00Z,FC Zürich,Arsenal,1.0,2.0,False
uefa.europa,2022-09-08T16:45:00Z,Fenerbahce,Dynamo Kyiv,2.0,1.0,False
uefa.europa,2022-09-08T16:45:00Z,HJK Helsinki,Real Betis,0.0,2.0,False
uefa.europa,2022-09-08T16:45:00Z,Ludogorets Razgrad,AS Roma,2.0,1.0,False
uefa.europa,2022-09-08T16:45:00Z,Malmö FF,Braga,0.0,2.0,False
uefa.europa,2022-09-08T16:45:00Z,PSV Eindhoven,Bodo/Glimt,1.0,1.0,False
uefa.europa.conf,2022-09-08T16:45:00Z,Anderlecht,Silkeborg IF,1.0,0.0,False
uefa.europa.conf,2022-09-08T16:45:00Z,Austria Vienna,Hapoel Be'er,0.0,0.0,False
uefa.europa.conf,2022-09-08T16:45:00Z,Ballkani,CFR Cluj-Napoca,1.0,1.0,False
uefa.europa.conf,2022-09-08T16:45:00Z,Fiorentina,Rigas Futbola Skola,1.0,1.0,False
uefa.europa.conf,2022-09-08T16:45:00Z,Heart of Midlothian,Istanbul Basaksehir,0.0,4.0,False
uefa.europa.conf,2022-09-08T16:45:00Z,Slovacko,Partizan Belgrade,3.0,3.0,False
uefa.europa.conf,2022-09-08T16:45:00Z,Villarreal,Lech Poznan,4.0,3.0,False
uefa.europa.conf,2022-09-08T17:40:00Z,Nice,FC Cologne,1.0,1.0,False
uefa.europa,2022-09-08T19:00:00Z,Ferencvaros,Trabzonspor,3.0,2.0,False
uefa.europa,2022-09-08T19:00:00Z,Lazio,Feyenoord Rotterdam,4.0,2.0,False
uefa.europa,2022-09-08T19:00:00Z,Manchester United,Real Sociedad,0.0,1.0,False
uefa.europa,2022-09-08T19:00:00Z,Nantes,Olympiacos,2.0,1.0,False
uefa.europa,2022-09-08T19:00:00Z,Omonia Nicosia,Sheriff Tiraspol,0.0,3.0,False
uefa.europa,2022-09-08T19:00:00Z,Red Star Belgrade,AS Monaco,0.0,1.0,False
uefa.europa,2022-09-08T19:00:00Z,SC Freiburg,FK Qarabag,2.0,1.0,False
uefa.europa,2022-09-08T19:00:00Z,SK Sturm Graz,FC Midtjylland,1.0,0.0,False
uefa.europa.conf,2022-09-08T19:00:00Z,FC Basel,Pyunik,3.0,1.0,False
uefa.europa.conf,2022-09-08T19:00:00Z,FC Vaduz,Apollon Limassol,0.0,0.0,False
uefa.europa.conf,2022-09-08T19:00:00Z,Molde,KAA Gent,0.0,0.0,False
uefa.europa.conf,2022-09-08T19:00:00Z,SC Dnipro-1,AZ Alkmaar,0.0,1.0,False
uefa.europa.conf,2022-09-08T19:00:00Z,Shamrock Rovers,Djurgården,0.0,0.0,False
uefa.europa.conf,2022-09-08T19:00:00Z,Sivasspor,Slavia Prague,1.0,1.0,False
uefa.europa.conf,2022-09-08T19:00:00Z,Slovan Bratislava,Zalgiris Vilnius,0.0,0.0,False
uefa.europa.conf,2022-09-08T19:00:00Z,West Ham United,FCSB,3.0,1.0,False
uefa.champions,2022-09-13T16:45:00Z,Sporting CP,Tottenham Hotspur,2.0,0.0,False
uefa.champions,2022-09-13T16:45:00Z,Viktoria Plzen,Internazionale,0.0,2.0,False
uefa.champions,2022-09-13T19:00:00Z,Bayer Leverkusen,Atlético Madrid,2.0,0.0,False
uefa.champions,2022-09-13T19:00:00Z,Bayern Munich,Barcelona,2.0,0.0,False
uefa.champions,2022-09-13T19:00:00Z,FC Porto,Club Brugge,0.0,4.0,False
uefa.champions,2022-09-13T19:00:00Z,Liverpool,Ajax Amsterdam,2.0,1.0,False
uefa.champions,2022-09-13T19:00:00Z,Marseille,Eintracht Frankfurt,0.0,1.0,False
uefa.champions,2022-09-14T16:45:00Z,AC Milan,Dinamo Zagreb,3.0,1.0,False
uefa.champions,2022-09-14T16:45:00Z,Shakhtar Donetsk,Celtic,1.0,1.0,False
uefa.champions,2022-09-14T19:00:00Z,Chelsea,RB Salzburg,1.0,1.0,False
uefa.champions,2022-09-14T19:00:00Z,F.C. København,Sevilla,0.0,0.0,False
uefa.champions,2022-09-14T19:00:00Z,Juventus,Benfica,1.0,2.0,False
uefa.champions,2022-09-14T19:00:00Z,Maccabi Haifa,Paris Saint-Germain,1.0,3.0,False
uefa.champions,2022-09-14T19:00:00Z,Manchester City,Borussia Dortmund,2.0,1.0,False
uefa.champions,2022-09-14T19:00:00Z,Rangers,Napoli,0.0,3.0,False
uefa.champions,2022-09-14T19:00:00Z,Real Madrid,RB Leipzig,2.0,0.0,False
uefa.europa,2022-09-15T16:45:00Z,AS Monaco,Ferencvaros,0.0,1.0,False
uefa.europa,2022-09-15T16:45:00Z,FC Midtjylland,Lazio,5.0,1.0,False
uefa.europa,2022-09-15T16:45:00Z,FK Qarabag,Nantes,3.0,0.0,False
uefa.europa,2022-09-15T16:45:00Z,Feyenoord Rotterdam,SK Sturm Graz,6.0,0.0,False
uefa.europa,2022-09-15T16:45:00Z,Olympiacos,SC Freiburg,0.0,3.0,False
uefa.europa,2022-09-15T16:45:00Z,Real Sociedad,Omonia Nicosia,2.0,1.0,False
uefa.europa,2022-09-15T16:45:00Z,Sheriff Tiraspol,Manchester United,0.0,2.0,False
uefa.europa,2022-09-15T16:45:00Z,Trabzonspor,Red Star Belgrade,2.0,1.0,False
uefa.europa.conf,2022-09-15T16:45:00Z,AZ Alkmaar,FC Vaduz,4.0,1.0,False
uefa.europa.conf,2022-09-15T16:45:00Z,Apollon Limassol,SC Dnipro-1,1.0,3.0,False
uefa.europa.conf,2022-09-15T16:45:00Z,CFR Cluj-Napoca,Sivasspor,0.0,1.0,False
uefa.europa.conf,2022-09-15T16:45:00Z,Djurgården,Molde,3.0,2.0,False
uefa.europa.conf,2022-09-15T16:45:00Z,KAA Gent,Shamrock Rovers,3.0,0.0,False
uefa.europa.conf,2022-09-15T16:45:00Z,Pyunik,Slovan Bratislava,2.0,0.0,False
uefa.europa.conf,2022-09-15T16:45:00Z,Slavia Prague,Ballkani,3.0,2.0,False
uefa.europa.conf,2022-09-15T16:45:00Z,Zalgiris Vilnius,FC Basel,0.0,1.0,False
uefa.europa,2022-09-15T19:00:00Z,AS Roma,HJK Helsinki,3.0,0.0,False
uefa.europa,2022-09-15T19:00:00Z,Bodo/Glimt,FC Zürich,2.0,1.0,False
uefa.europa,2022-09-15T19:00:00Z,Braga,1. FC Union Berlin,1.0,0.0,False
uefa.europa,2022-09-15T19:00:00Z,Dynamo Kyiv,AEK Larnaca,0.0,1.0,False
uefa.europa,2022-09-15T19:00:00Z,Real Betis,Ludogorets Razgrad,3.0,2.0,False
uefa.europa,2022-09-15T19:00:00Z,Stade Rennais,Fenerbahce,2.0,2.0,False
uefa.europa,2022-09-15T19:00:00Z,Union St.-Gilloise,Malmö FF,3.0,2.0,False
uefa.europa.conf,2022-09-15T19:00:00Z,FC Cologne,Slovacko,4.0,2.0,False
uefa.europa.conf,2022-09-15T19:00:00Z,FCSB,Anderlecht,0.0,0.0,False
uefa.europa.conf,2022-09-15T19:00:00Z,Hapoel Be'er,Villarreal,1.0,2.0,False
uefa.europa.conf,2022-09-15T19:00:00Z,Istanbul Basaksehir,Fiorentina,3.0,0.0,False
uefa.europa.conf,2022-09-15T19:00:00Z,Lech Poznan,Austria Vienna,4.0,1.0,False
uefa.europa.conf,2022-09-15T19:00:00Z,Partizan Belgrade,Nice,1.0,1.0,False
uefa.europa.conf,2022-09-15T19:00:00Z,Rigas Futbola Skola,Heart of Midlothian,0.0,2.0,False
uefa.europa.conf,2022-09-15T19:00:00Z,Silkeborg IF,West Ham United,2.0,3.0,False
uefa.champions,2022-10-04T16:45:00Z,Bayern Munich,Viktoria Plzen,5.0,0.0,False
uefa.champions,2022-10-04T17:00:00Z,Marseille,Sporting CP,4.0,1.0,False
uefa.champions,2022-10-04T19:00:00Z,Ajax Amsterdam,Napoli,1.0,6.0,False
uefa.champions,2022-10-04T19:00:00Z,Club Brugge,Atlético Madrid,2.0,0.0,False
uefa.champions,2022-10-04T19:00:00Z,Eintracht Frankfurt,Tottenham Hotspur,0.0,0.0,False
uefa.champions,2022-10-04T19:00:00Z,FC Porto,Bayer Leverkusen,2.0,0.0,False
uefa.champions,2022-10-04T19:00:00Z,Internazionale,Barcelona,1.0,0.0,False
uefa.champions,2022-10-04T19:00:00Z,Liverpool,Rangers,2.0,0.0,False
uefa.champions,2022-10-05T16:45:00Z,RB Leipzig,Celtic,3.0,1.0,False
uefa.champions,2022-10-05T16:45:00Z,RB Salzburg,Dinamo Zagreb,1.0,0.0,False
uefa.champions,2022-10-05T19:00:00Z,Benfica,Paris Saint-Germain,1.0,1.0,False
uefa.champions,2022-10-05T19:00:00Z,Chelsea,AC Milan,3.0,0.0,False
uefa.champions,2022-10-05T19:00:00Z,Juventus,Maccabi Haifa,3.0,1.0,False
uefa.champions,2022-10-05T19:00:00Z,Manchester City,F.C. København,5.0,0.0,False
uefa.champions,2022-10-05T19:00:00Z,Real Madrid,Shakhtar Donetsk,2.0,1.0,False
uefa.champions,2022-10-05T19:00:00Z,Sevilla,Borussia Dortmund,1.0,4.0,False
uefa.europa,2022-10-06T16:45:00Z,AS Monaco,Trabzonspor,3.0,1.0,False
uefa.europa,2022-10-06T16:45:00Z,FC Zürich,PSV Eindhoven,1.0,5.0,False
uefa.europa,2022-10-06T16:45:00Z,HJK Helsinki,Ludogorets Razgrad,1.0,1.0,False
uefa.europa,2022-10-06T16:45:00Z,Malmö FF,1. FC Union Berlin,0.0,1.0,False
uefa.europa,2022-10-06T16:45:00Z,Omonia Nicosia,Manchester United,2.0,3.0,False
uefa.europa,2022-10-06T16:45:00Z,Red Star Belgrade,Ferencvaros,4.0,1.0,False
uefa.europa,2022-10-06T16:45:00Z,SK Sturm Graz,Lazio,0.0,0.0,False
uefa.europa,2022-10-06T16:45:00Z,Sheriff Tiraspol,Real Sociedad,0.0,2.0,False
uefa.europa.conf,2022-10-06T16:45:00Z,Anderlecht,West Ham United,0.0,1.0,False
uefa.europa.conf,2022-10-06T16:45:00Z,Lech Poznan,Hapoel Be'er,0.0,0.0,False
uefa.europa.conf,2022-10-06T16:45:00Z,Molde,Shamrock Rovers,3.0,0.0,False
uefa.europa.conf,2022-10-06T16:45:00Z,Pyunik,Zalgiris Vilnius,2.0,0.0,False
uefa.europa.conf,2022-10-06T16:45:00Z,SC Dnipro-1,FC Vaduz,2.0,2.0,False
uefa.europa.conf,2022-10-06T16:45:00Z,Silkeborg IF,FCSB,5.0,0.0,False
uefa.europa.conf,2022-10-06T16:45:00Z,Sivasspor,Ballkani,3.0,4.0,False
uefa.europa.conf,2022-10-06T16:45:00Z,Slovacko,Nice,0.0,1.0,False
uefa.europa,2022-10-06T19:00:00Z,AS Roma,Real Betis,1.0,2.0,False
uefa.europa,2022-10-06T19:00:00Z,Arsenal,Bodo/Glimt,3.0,0.0,False
uefa.europa,2022-10-06T19:00:00Z,Braga,Union St.-Gilloise,1.0,2.0,False
uefa.europa,2022-10-06T19:00:00Z,FC Midtjylland,Feyenoord Rotterdam,2.0,2.0,False
uefa.europa,2022-10-06T19:00:00Z,Fenerbahce,AEK Larnaca,2.0,0.0,False
uefa.europa,2022-10-06T19:00:00Z,Olympiacos,FK Qarabag,0.0,3.0,False
uefa.europa,2022-10-06T19:00:00Z,SC Freiburg,Nantes,2.0,0.0,False
uefa.europa,2022-10-06T19:00:00Z,Stade Rennais,Dynamo Kyiv,2.0,1.0,False
uefa.europa.conf,2022-10-06T19:00:00Z,AZ Alkmaar,Apollon Limassol,3.0,2.0,False
uefa.europa.conf,2022-10-06T19:00:00Z,FC Basel,Slovan Bratislava,0.0,2.0,False
uefa.europa.conf,2022-10-06T19:00:00Z,FC Cologne,Partizan Belgrade,0.0,1.0,False
uefa.europa.conf,2022-10-06T19:00:00Z,Heart of Midlothian,Fiorentina,0.0,3.0,False
uefa.europa.conf,2022-10-06T19:00:00Z,KAA Gent,Djurgården,0.0,1.0,False
uefa.europa.conf,2022-10-06T19:00:00Z,Rigas Futbola Skola,Istanbul Basaksehir,0.0,0.0,False
uefa.europa.conf,2022-10-06T19:00:00Z,Slavia Prague,CFR Cluj-Napoca,0.0,1.0,False
uefa.europa.conf,2022-10-06T19:00:00Z,Villarreal,Austria Vienna,5.0,0.0,False
uefa.champions,2022-10-11T16:45:00Z,F.C. København,Manchester City,0.0,0.0,False
uefa.champions,2022-10-11T16:45:00Z,Maccabi Haifa,Juventus,2.0,0.0,False
uefa.champions,2022-10-11T19:00:00Z,AC Milan,Chelsea,0.0,2.0,False
uefa.champions,2022-10-11T19:00:00Z,Borussia Dortmund,Sevilla,1.0,1.0,False
uefa.champions,2022-10-11T19:00:00Z,Celtic,RB Leipzig,0.0,2.0,False
uefa.champions,2022-10-11T19:00:00Z,Dinamo Zagreb,RB Salzburg,1.0,1.0,False
uefa.champions,2022-10-11T19:00:00Z,Paris Saint-Germain,Benfica,1.0,1.0,False
uefa.champions,2022-10-11T19:00:00Z,Shakhtar Donetsk,Real Madrid,1.0,1.0,False
uefa.champions,2022-10-12T16:45:00Z,Atlético Madrid,Club Brugge,0.0,0.0,False
uefa.champions,2022-10-12T16:45:00Z,Napoli,Ajax Amsterdam,4.0,2.0,False
uefa.champions,2022-10-12T19:00:00Z,Barcelona,Internazionale,3.0,3.0,False
uefa.champions,2022-10-12T19:00:00Z,Bayer Leverkusen,FC Porto,0.0,3.0,False
uefa.champions,2022-10-12T19:00:00Z,Rangers,Liverpool,1.0,7.0,False
uefa.champions,2022-10-12T19:00:00Z,Sporting CP,Marseille,0.0,2.0,False
uefa.champions,2022-10-12T19:00:00Z,Tottenham Hotspur,Eintracht Frankfurt,3.0,2.0,False
uefa.champions,2022-10-12T19:00:00Z,Viktoria Plzen,Bayern Munich,2.0,4.0,False
uefa.europa,2022-10-13T16:45:00Z,AEK Larnaca,Fenerbahce,1.0,2.0,False
uefa.europa,2022-10-13T16:45:00Z,Bodo/Glimt,Arsenal,0.0,1.0,False
uefa.europa,2022-10-13T16:45:00Z,Dynamo Kyiv,Stade Rennais,0.0,1.0,False
uefa.europa,2022-10-13T16:45:00Z,FK Qarabag,Olympiacos,0.0,0.0,False
uefa.europa,2022-10-13T16:45:00Z,Feyenoord Rotterdam,FC Midtjylland,2.0,2.0,False
uefa.europa,2022-10-13T16:45:00Z,Nantes,SC Freiburg,0.0,4.0,False
uefa.europa,2022-10-13T16:45:00Z,Real Betis,AS Roma,1.0,1.0,False
uefa.europa,2022-10-13T16:45:00Z,Union St.-Gilloise,Braga,3.0,3.0,False
uefa.europa.conf,2022-10-13T16:45:00Z,Apollon Limassol,AZ Alkmaar,1.0,0.0,False
uefa.europa.conf,2022-10-13T16:45:00Z,Austria Vienna,Villarreal,0.0,1.0,False
uefa.europa.conf,2022-10-13T16:45:00Z,CFR Cluj-Napoca,Slavia Prague,2.0,0.0,False
uefa.europa.conf,2022-10-13T16:45:00Z,Djurgården,KAA Gent,4.0,2.0,False
uefa.europa.conf,2022-10-13T16:45:00Z,Fiorentina,Heart of Midlothian,5.0,1.0,False
uefa.europa.conf,2022-10-13T16:45:00Z,Istanbul Basaksehir,Rigas Futbola Skola,3.0,0.0,False
uefa.europa.conf,2022-10-13T16:45:00Z,Partizan Belgrade,FC Cologne,2.0,0.0,False
uefa.europa.conf,2022-10-13T16:45:00Z,Slovan Bratislava,FC Basel,3.0,3.0,False
uefa.europa,2022-10-13T19:00:00Z,1. FC Union Berlin,Malmö FF,1.0,0.0,False
uefa.europa,2022-10-13T19:00:00Z,Ferencvaros,Red Star Belgrade,2.0,1.0,False
uefa.europa,2022-10-13T19:00:00Z,Lazio,SK Sturm Graz,2.0,2.0,False
uefa.europa,2022-10-13T19:00:00Z,Ludogorets Razgrad,HJK Helsinki,2.0,0.0,False
uefa.europa,2022-10-13T19:00:00Z,Manchester United,Omonia Nicosia,1.0,0.0,False
uefa.europa,2022-10-13T19:00:00Z,PSV Eindhoven,FC Zürich,5.0,0.0,False
uefa.europa,2022-10-13T19:00:00Z,Real Sociedad,Sheriff Tiraspol,3.0,0.0,False
uefa.europa,2022-10-13T19:00:00Z,Trabzonspor,AS Monaco,4.0,0.0,False
uefa.europa.conf,2022-10-13T19:00:00Z,Ballkani,Sivasspor,1.0,2.0,False
uefa.europa.conf,2022-10-13T19:00:00Z,FC Vaduz,SC Dnipro-1,1.0,2.0,False
uefa.europa.conf,2022-10-13T19:00:00Z,FCSB,Silkeborg IF,0.0,5.0,False
uefa.europa.conf,2022-10-13T19:00:00Z,Hapoel Be'er,Lech Poznan,1.0,1.0,False
uefa.europa.conf,2022-10-13T19:00:00Z,Nice,Slovacko,1.0,2.0,False
uefa.europa.conf,2022-10-13T19:00:00Z,Shamrock Rovers,Molde,0.0,2.0,False
uefa.europa.conf,2022-10-13T19:00:00Z,West Ham United,Anderlecht,2.0,1.0,False
uefa.europa.conf,2022-10-13T19:00:00Z,Zalgiris Vilnius,Pyunik,2.0,1.0,False
uefa.europa,2022-10-20T17:00:00Z,Arsenal,PSV Eindhoven,1.0,0.0,False
uefa.champions,2022-10-25T16:45:00Z,RB Salzburg,Chelsea,1.0,2.0,False
uefa.champions,2022-10-25T16:45:00Z,Sevilla,F.C. København,3.0,0.0,False
uefa.champions,2022-10-25T19:00:00Z,Benfica,Juventus,4.0,3.0,False
uefa.champions,2022-10-25T19:00:00Z,Borussia Dortmund,Manchester City,0.0,0.0,False
uefa.champions,2022-10-25T19:00:00Z,Celtic,Shakhtar Donetsk,1.0,1.0,False
uefa.champions,2022-10-25T19:00:00Z,Dinamo Zagreb,AC Milan,0.0,4.0,False
uefa.champions,2022-10-25T19:00:00Z,Paris Saint-Germain,Maccabi Haifa,7.0,2.0,False
uefa.champions,2022-10-25T19:00:00Z,RB Leipzig,Real Madrid,3.0,2.0,False
uefa.champions,2022-10-26T16:45:00Z,Club Brugge,FC Porto,0.0,4.0,False
uefa.champions,2022-10-26T16:45:00Z,Internazionale,Viktoria Plzen,4.0,0.0,False
uefa.champions,2022-10-26T19:00:00Z,Ajax Amsterdam,Liverpool,0.0,3.0,False
uefa.champions,2022-10-26T19:00:00Z,Atlético Madrid,Bayer Leverkusen,2.0,2.0,False
uefa.champions,2022-10-26T19:00:00Z,Barcelona,Bayern Munich,0.0,3.0,False
uefa.champions,2022-10-26T19:00:00Z,Eintracht Frankfurt,Marseille,2.0,1.0,False
uefa.champions,2022-10-26T19:00:00Z,Napoli,Rangers,3.0,0.0,False
uefa.champions,2022-10-26T19:00:00Z,Tottenham Hotspur,Sporting CP,1.0,1.0,False
uefa.europa,2022-10-27T16:45:00Z,1. FC Union Berlin,Braga,1.0,0.0,False
uefa.europa,2022-10-27T16:45:00Z,AEK Larnaca,Dynamo Kyiv,3.0,3.0,False
uefa.europa,2022-10-27T16:45:00Z,FC Zürich,Bodo/Glimt,2.0,1.0,False
uefa.europa,2022-10-27T16:45:00Z,Fenerbahce,Stade Rennais,3.0,3.0,False
uefa.europa,2022-10-27T16:45:00Z,Lazio,FC Midtjylland,2.0,1.0,False
uefa.europa,2022-10-27T16:45:00Z,Ludogorets Razgrad,Real Betis,0.0,1.0,False
uefa.europa,2022-10-27T16:45:00Z,Malmö FF,Union St.-Gilloise,0.0,2.0,False
uefa.europa,2022-10-27T16:45:00Z,PSV Eindhoven,Arsenal,2.0,0.0,False
uefa.europa.conf,2022-10-27T16:45:00Z,Anderlecht,FCSB,2.0,2.0,False
uefa.europa.conf,2022-10-27T16:45:00Z,Austria Vienna,Lech Poznan,1.0,1.0,False
uefa.europa.conf,2022-10-27T16:45:00Z,FC Vaduz,AZ Alkmaar,1.0,2.0,False
uefa.europa.conf,2022-10-27T16:45:00Z,Fiorentina,Istanbul Basaksehir,2.0,1.0,False
uefa.europa.conf,2022-10-27T16:45:00Z,Nice,Partizan Belgrade,2.0,1.0,False
uefa.europa.conf,2022-10-27T16:45:00Z,Villarreal,Hapoel Be'er,2.0,2.0,False
uefa.europa,2022-10-27T19:00:00Z,Ferencvaros,AS Monaco,1.0,1.0,False
uefa.europa,2022-10-27T19:00:00Z,HJK Helsinki,AS Roma,1.0,2.0,False
uefa.europa,2022-10-27T19:00:00Z,Manchester United,Sheriff Tiraspol,3.0,0.0,False
uefa.europa,2022-10-27T19:00:00Z,Nantes,FK Qarabag,2.0,1.0,False
uefa.europa,2022-10-27T19:00:00Z,Omonia Nicosia,Real Sociedad,0.0,2.0,False
uefa.europa,2022-10-27T19:00:00Z,Red Star Belgrade,Trabzonspor,2.0,1.0,False
uefa.europa,2022-10-27T19:00:00Z,SC Freiburg,Olympiacos,1.0,1.0,False
uefa.europa,2022-10-27T19:00:00Z,SK Sturm Graz,Feyenoord Rotterdam,1.0,0.0,False
uefa.europa.conf,2022-10-27T19:00:00Z,Ballkani,Slavia Prague,0.0,1.0,False
uefa.europa.conf,2022-10-27T19:00:00Z,FC Basel,Zalgiris Vilnius,2.0,2.0,False
uefa.europa.conf,2022-10-27T19:00:00Z,Heart of Midlothian,Rigas Futbola Skola,2.0,1.0,False
uefa.europa.conf,2022-10-27T19:00:00Z,Molde,Djurgården,2.0,3.0,False
uefa.europa.conf,2022-10-27T19:00:00Z,SC Dnipro-1,Apollon Limassol,1.0,0.0,False
uefa.europa.conf,2022-10-27T19:00:00Z,Shamrock Rovers,KAA Gent,1.0,1.0,False
uefa.europa.conf,2022-10-27T19:00:00Z,Sivasspor,CFR Cluj-Napoca,3.0,0.0,False
uefa.europa.conf,2022-10-27T19:00:00Z,Slovan Bratislava,Pyunik,2.0,1.0,False
uefa.europa.conf,2022-10-27T19:00:00Z,West Ham United,Silkeborg IF,1.0,0.0,False
uefa.europa.conf,2022-10-28T11:00:00Z,Slovacko,FC Cologne,0.0,1.0,False
uefa.champions,2022-11-01T17:45:00Z,Bayer Leverkusen,Club Brugge,0.0,0.0,False
uefa.champions,2022-11-01T17:45:00Z,FC Porto,Atlético Madrid,2.0,1.0,False
uefa.champions,2022-11-01T20:00:00Z,Bayern Munich,Internazionale,2.0,0.0,False
uefa.champions,2022-11-01T20:00:00Z,Liverpool,Napoli,2.0,0.0,False
uefa.champions,2022-11-01T20:00:00Z,Marseille,Tottenham Hotspur,1.0,2.0,False
uefa.champions,2022-11-01T20:00:00Z,Rangers,Ajax Amsterdam,1.0,3.0,False
uefa.champions,2022-11-01T20:00:00Z,Sporting CP,Eintracht Frankfurt,1.0,2.0,False
uefa.champions,2022-11-01T20:00:00Z,Viktoria Plzen,Barcelona,2.0,4.0,False
uefa.champions,2022-11-02T17:45:00Z,Real Madrid,Celtic,5.0,1.0,False
uefa.champions,2022-11-02T17:45:00Z,Shakhtar Donetsk,RB Leipzig,0.0,4.0,False
uefa.champions,2022-11-02T20:00:00Z,AC Milan,RB Salzburg,4.0,0.0,False
uefa.champions,2022-11-02T20:00:00Z,Chelsea,Dinamo Zagreb,2.0,1.0,False
uefa.champions,2022-11-02T20:00:00Z,F.C. København,Borussia Dortmund,1.0,1.0,False
uefa.champions,2022-11-02T20:00:00Z,Juventus,Paris Saint-Germain,1.0,2.0,False
uefa.champions,2022-11-02T20:00:00Z,Maccabi Haifa,Benfica,1.0,6.0,False
uefa.champions,2022-11-02T20:00:00Z,Manchester City,Sevilla,3.0,1.0,False
uefa.europa.conf,2022-11-03T15:30:00Z,Istanbul Basaksehir,Heart of Midlothian,3.0,1.0,False
uefa.europa.conf,2022-11-03T15:30:00Z,Rigas Futbola Skola,Fiorentina,0.0,3.0,False
uefa.europa,2022-11-03T17:45:00Z,AS Monaco,Red Star Belgrade,4.0,1.0,False
uefa.europa,2022-11-03T17:45:00Z,FC Midtjylland,SK Sturm Graz,2.0,0.0,False
uefa.europa,2022-11-03T17:45:00Z,FK Qarabag,SC Freiburg,1.0,1.0,False
uefa.europa,2022-11-03T17:45:00Z,Feyenoord Rotterdam,Lazio,1.0,0.0,False
uefa.europa,2022-11-03T17:45:00Z,Olympiacos,Nantes,0.0,2.0,False
uefa.europa,2022-11-03T17:45:00Z,Real Sociedad,Manchester United,0.0,1.0,False
uefa.europa,2022-11-03T17:45:00Z,Sheriff Tiraspol,Omonia Nicosia,1.0,0.0,False
uefa.europa,2022-11-03T17:45:00Z,Trabzonspor,Ferencvaros,1.0,0.0,False
uefa.europa.conf,2022-11-03T17:45:00Z,AZ Alkmaar,SC Dnipro-1,2.0,1.0,False
uefa.europa.conf,2022-11-03T17:45:00Z,Apollon Limassol,FC Vaduz,1.0,0.0,False
uefa.europa.conf,2022-11-03T17:45:00Z,CFR Cluj-Napoca,Ballkani,1.0,0.0,False
uefa.europa.conf,2022-11-03T17:45:00Z,Djurgården,Shamrock Rovers,1.0,0.0,False
uefa.europa.conf,2022-11-03T17:45:00Z,KAA Gent,Molde,4.0,0.0,False
uefa.europa.conf,2022-11-03T17:45:00Z,Pyunik,FC Basel,1.0,2.0,False
uefa.europa.conf,2022-11-03T17:45:00Z,Slavia Prague,Sivasspor,1.0,1.0,False
uefa.europa.conf,2022-11-03T17:45:00Z,Zalgiris Vilnius,Slovan Bratislava,1.0,2.0,False
uefa.europa,2022-11-03T20:00:00Z,AS Roma,Ludogorets Razgrad,3.0,1.0,False
uefa.europa,2022-11-03T20:00:00Z,Arsenal,FC Zürich,1.0,0.0,False
uefa.europa,2022-11-03T20:00:00Z,Bodo/Glimt,PSV Eindhoven,1.0,2.0,False
uefa.europa,2022-11-03T20:00:00Z,Braga,Malmö FF,2.0,1.0,False
uefa.europa,2022-11-03T20:00:00Z,Dynamo Kyiv,Fenerbahce,0.0,2.0,False
uefa.europa,2022-11-03T20:00:00Z,Real Betis,HJK Helsinki,3.0,0.0,False
uefa.europa,2022-11-03T20:00:00Z,Stade Rennais,AEK Larnaca,1.0,1.0,False
uefa.europa,2022-11-03T20:00:00Z,Union St.-Gilloise,1. FC Union Berlin,0.0,1.0,False
uefa.europa.conf,2022-11-03T20:00:00Z,FC Cologne,Nice,2.0,2.0,False
uefa.europa.conf,2022-11-03T20:00:00Z,FCSB,West Ham United,0.0,3.0,False
uefa.europa.conf,2022-11-03T20:00:00Z,Hapoel Be'er,Austria Vienna,4.0,0.0,False
uefa.europa.conf,2022-11-03T20:00:00Z,Lech Poznan,Villarreal,3.0,0.0,False
uefa.europa.conf,2022-11-03T20:00:00Z,Partizan Belgrade,Slovacko,1.0,1.0,False
uefa.europa.conf,2022-11-03T20:00:00Z,Silkeborg IF,Anderlecht,0.0,2.0,False
caf.champions,2023-02-10T16:00:00Z,Zamalek,CR Belouizdad,0.0,1.0,False
caf.champions,2023-02-10T19:00:00Z,Raja Casablanca,Vipers SC,5.0,0.0,False
caf.champions,2023-02-11T13:00:00Z,Mamelodi Sundowns,Al Hilal Omdurman,1.0,0.0,False
caf.champions,2023-02-11T13:00:00Z,Petro de Luanda,JS Kabylie,0.0,0.0,False
caf.champions,2023-02-11T16:00:00Z,Esperance Sportive de Tunis,Al-Merrikh,1.0,0.0,False
caf.champions,2023-02-11T16:00:00Z,Horoya,Simba SC,1.0,0.0,False
caf.confed,2023-02-12T13:00:00Z,Marumo Gallants,Al-Akhdar,4.0,1.0,False
caf.confed,2023-02-12T13:00:00Z,TP Mazembe,Réal Bamako,3.0,1.0,False
caf.confed,2023-02-12T16:00:00Z,ASEC Mimosas,DC Motema Pembe,0.0,0.0,False
caf.confed,2023-02-12T16:00:00Z,ASKO Kara,Future FC,1.0,1.0,False
caf.confed,2023-02-12T16:00:00Z,Diables Noirs,Rivers United FC,3.0,0.0,False
caf.confed,2023-02-12T16:00:00Z,Union Sportive Monastirienne,Young Africans,2.0,0.0,False
caf.confed,2023-02-12T19:00:00Z,Pyramids FC,AS FAR,2.0,2.0,False
caf.confed,2023-02-12T19:00:00Z,USM Alger,FC Saint Eloi Lupopo,3.0,0.0,False
uefa.champions,2023-02-14T20:00:00Z,AC Milan,Tottenham Hotspur,1.0,0.0,False
uefa.champions,2023-02-14T20:00:00Z,Paris Saint-Germain,Bayern Munich,0.0,1.0,False
uefa.champions,2023-02-15T20:00:00Z,Borussia Dortmund,Chelsea,1.0,0.0,False
uefa.champions,2023-02-15T20:00:00Z,Club Brugge,Benfica,0.0,2.0,False
uefa.europa,2023-02-16T17:45:00Z,Ajax Amsterdam,1. FC Union Berlin,0.0,0.0,False
uefa.europa,2023-02-16T17:45:00Z,Barcelona,Manchester United,2.0,2.0,False
uefa.europa,2023-02-16T17:45:00Z,RB Salzburg,AS Roma,1.0,0.0,False
uefa.europa,2023-02-16T17:45:00Z,Shakhtar Donetsk,Stade Rennais,2.0,1.0,False
uefa.europa.conf,2023-02-16T17:45:00Z,Bodo/Glimt,Lech Poznan,0.0,0.0,False
uefa.europa.conf,2023-02-16T17:45:00Z,Braga,Fiorentina,0.0,4.0,False
uefa.europa.conf,2023-02-16T17:45:00Z,FK Qarabag,KAA Gent,1.0,0.0,False
uefa.europa.conf,2023-02-16T17:45:00Z,Trabzonspor,FC Basel,1.0,0.0,False
uefa.europa,2023-02-16T20:00:00Z,Bayer Leverkusen,AS Monaco,2.0,3.0,False
uefa.europa,2023-02-16T20:00:00Z,Juventus,Nantes,1.0,1.0,False
uefa.europa,2023-02-16T20:00:00Z,Sevilla,PSV Eindhoven,3.0,0.0,False
uefa.europa,2023-02-16T20:00:00Z,Sporting CP,FC Midtjylland,1.0,1.0,False
uefa.europa.conf,2023-02-16T20:00:00Z,AEK Larnaca,SC Dnipro-1,1.0,0.0,False
uefa.europa.conf,2023-02-16T20:00:00Z,Lazio,CFR Cluj-Napoca,1.0,0.0,False
uefa.europa.conf,2023-02-16T20:00:00Z,Ludogorets Razgrad,Anderlecht,1.0,0.0,False
uefa.europa.conf,2023-02-16T20:00:00Z,Sheriff Tiraspol,Partizan Belgrade,0.0,1.0,False
caf.champions,2023-02-17T13:00:00Z,Al-Merrikh,Zamalek,0.0,0.0,False
caf.champions,2023-02-17T16:00:00Z,Coton Sport Garoua,Mamelodi Sundowns,1.0,3.0,False
caf.champions,2023-02-17T19:00:00Z,JS Kabylie,Wydad AC,1.0,0.0,False
caf.champions,2023-02-18T13:00:00Z,Al Hilal Omdurman,Al Ahly,1.0,0.0,False
caf.champions,2023-02-18T13:00:00Z,Vipers SC,Horoya,0.0,0.0,False
caf.champions,2023-02-18T16:00:00Z,AS Vita Club,Petro de Luanda,1.0,2.0,False
caf.champions,2023-02-18T16:00:00Z,Simba SC,Raja Casablanca,0.0,3.0,False
caf.champions,2023-02-18T19:00:00Z,CR Belouizdad,Esperance Sportive de Tunis,0.0,1.0,False
caf.confed,2023-02-19T13:00:00Z,FC Saint Eloi Lupopo,Marumo Gallants,1.0,2.0,False
caf.confed,2023-02-19T16:00:00Z,Al-Akhdar,USM Alger,1.0,1.0,False
caf.confed,2023-02-19T16:00:00Z,Future FC,Pyramids FC,1.0,1.0,False
caf.confed,2023-02-19T16:00:00Z,Rivers United FC,ASEC Mimosas,3.0,0.0,False
caf.confed,2023-02-19T16:00:00Z,Réal Bamako,Union Sportive Monastirienne,1.0,1.0,False
caf.confed,2023-02-19T16:00:00Z,Young Africans,TP Mazembe,3.0,1.0,False
caf.confed,2023-02-19T19:00:00Z,AS FAR,ASKO Kara,5.0,1.0,False
caf.confed,2023-02-19T19:00:00Z,DC Motema Pembe,Diables Noirs,0.0,0.0,False
uefa.champions,2023-02-21T20:00:00Z,Eintracht Frankfurt,Napoli,0.0,2.0,False
uefa.champions,2023-02-21T20:00:00Z,Liverpool,Real Madrid,2.0,5.0,False
uefa.champions,2023-02-22T20:00:00Z,Internazionale,FC Porto,1.0,0.0,False
uefa.champions,2023-02-22T20:00:00Z,RB Leipzig,Manchester City,1.0,1.0,False
uefa.europa,2023-02-23T17:45:00Z,AS Monaco,Bayer Leverkusen,2.0,3.0,False
uefa.europa,2023-02-23T17:45:00Z,FC Midtjylland,Sporting CP,0.0,4.0,False
uefa.europa,2023-02-23T17:45:00Z,Nantes,Juventus,0.0,3.0,False
uefa.europa,2023-02-23T17:45:00Z,PSV Eindhoven,Sevilla,2.0,0.0,False
uefa.europa.conf,2023-02-23T17:45:00Z,Anderlecht,Ludogorets Razgrad,2.0,1.0,False
uefa.europa.conf,2023-02-23T17:45:00Z,CFR Cluj-Napoca,Lazio,0.0,0.0,False
uefa.europa.conf,2023-02-23T17:45:00Z,Partizan Belgrade,Sheriff Tiraspol,1.0,3.0,False
uefa.europa.conf,2023-02-23T17:45:00Z,SC Dnipro-1,AEK Larnaca,0.0,0.0,False
uefa.europa,2023-02-23T20:00:00Z,1. FC Union Berlin,Ajax Amsterdam,3.0,1.0,False
uefa.europa,2023-02-23T20:00:00Z,AS Roma,RB Salzburg,2.0,0.0,False
uefa.europa,2023-02-23T20:00:00Z,Manchester United,Barcelona,2.0,1.0,False
uefa.europa,2023-02-23T20:00:00Z,Stade Rennais,Shakhtar Donetsk,2.0,1.0,False
uefa.europa.conf,2023-02-23T20:00:00Z,FC Basel,Trabzonspor,2.0,0.0,False
uefa.europa.conf,2023-02-23T20:00:00Z,Fiorentina,Braga,3.0,2.0,False
uefa.europa.conf,2023-02-23T20:00:00Z,KAA Gent,FK Qarabag,1.0,0.0,False
uefa.europa.conf,2023-02-23T20:00:00Z,Lech Poznan,Bodo/Glimt,1.0,0.0,False
caf.champions,2023-02-24T13:00:00Z,Al-Merrikh,CR Belouizdad,1.0,0.0,False
caf.champions,2023-02-24T16:00:00Z,Coton Sport Garoua,Al Hilal Omdurman,1.0,2.0,False
caf.champions,2023-02-24T19:00:00Z,Wydad AC,Petro de Luanda,1.0,0.0,False
caf.champions,2023-02-25T13:00:00Z,AS Vita Club,JS Kabylie,1.0,0.0,False
caf.champions,2023-02-25T16:00:00Z,Esperance Sportive de Tunis,Zamalek,2.0,0.0,False
caf.champions,2023-02-25T16:00:00Z,Vipers SC,Simba SC,0.0,1.0,False
caf.champions,2023-02-25T19:00:00Z,Al Ahly,Mamelodi Sundowns,2.0,2.0,False
caf.champions,2023-02-25T19:00:00Z,Raja Casablanca,Horoya,2.0,0.0,False
caf.confed,2023-02-26T13:00:00Z,FC Saint Eloi Lupopo,Al-Akhdar,1.0,0.0,False
caf.confed,2023-02-26T13:00:00Z,TP Mazembe,Union Sportive Monastirienne,0.0,2.0,False
caf.confed,2023-02-26T16:00:00Z,ASEC Mimosas,Diables Noirs,2.0,0.0,False
caf.confed,2023-02-26T16:00:00Z,Pyramids FC,ASKO Kara,1.0,0.0,False
caf.confed,2023-02-26T16:00:00Z,Réal Bamako,Young Africans,1.0,1.0,False
caf.confed,2023-02-26T19:00:00Z,AS FAR,Future FC,2.0,0.0,False
caf.confed,2023-02-26T19:00:00Z,DC Motema Pembe,Rivers United FC,0.0,1.0,False
caf.confed,2023-02-26T19:00:00Z,USM Alger,Marumo Gallants,2.0,0.0,False
caf.champions,2023-03-03T19:00:00Z,Wydad AC,AS Vita Club,1.0,0.0,False
caf.champions,2023-03-04T16:00:00Z,Al Ahly,Coton Sport Garoua,3.0,0.0,False
caf.champions,2023-03-07T13:00:00Z,Al Hilal Omdurman,Coton Sport Garoua,2.0,0.0,False
caf.champions,2023-03-07T16:00:00Z,Horoya,Raja Casablanca,1.0,3.0,False
caf.champions,2023-03-07T16:00:00Z,Simba SC,Vipers SC,1.0,0.0,False
uefa.europa.conf,2023-03-07T17:45:00Z,Lazio,AZ Alkmaar,1.0,2.0,False
caf.champions,2023-03-07T19:00:00Z,CR Belouizdad,Al-Merrikh,1.0,0.0,False
caf.champions,2023-03-07T19:00:00Z,Zamalek,Esperance Sportive de Tunis,3.0,1.0,False
uefa.champions,2023-03-07T20:00:00Z,Benfica,Club Brugge,5.0,1.0,False
uefa.champions,2023-03-07T20:10:00Z,Chelsea,Borussia Dortmund,2.0,0.0,False
concacaf.champions,2023-03-07T23:00:00Z,Violette AC,Austin FC,3.0,0.0,False
concacaf.champions,2023-03-08T01:00:00Z,Alianza FC,Philadelphia Union,0.0,0.0,False
concacaf.champions,2023-03-08T03:00:00Z,Tigres UANL,Orlando City SC,0.0,0.0,False
caf.confed,2023-03-08T13:00:00Z,Marumo Gallants,USM Alger,2.0,0.0,False
caf.confed,2023-03-08T13:00:00Z,Union Sportive Monastirienne,TP Mazembe,1.0,0.0,False
caf.confed,2023-03-08T16:00:00Z,ASKO Kara,Pyramids FC,1.0,4.0,False
caf.confed,2023-03-08T16:00:00Z,Al-Akhdar,FC Saint Eloi Lupopo,1.0,1.0,False
caf.confed,2023-03-08T16:00:00Z,Young Africans,Réal Bamako,2.0,0.0,False
caf.confed,2023-03-08T19:00:00Z,Diables Noirs,ASEC Mimosas,0.0,1.0,False
caf.confed,2023-03-08T19:00:00Z,Future FC,AS FAR,2.0,0.0,False
uefa.champions,2023-03-08T20:00:00Z,Bayern Munich,Paris Saint-Germain,2.0,0.0,False
uefa.champions,2023-03-08T20:10:00Z,Tottenham Hotspur,AC Milan,0.0,0.0,False
concacaf.champions,2023-03-08T23:00:00Z,Tauro FC,León,0.0,1.0,False
concacaf.champions,2023-03-09T01:00:00Z,Club Deportivo Olimpia,Atlas,4.0,1.0,False
concacaf.champions,2023-03-09T03:00:00Z,Vancouver Whitecaps,Real España,5.0,0.0,False
caf.confed,2023-03-09T14:00:00Z,Rivers United FC,DC Motema Pembe,3.0,1.0,False
uefa.europa,2023-03-09T17:45:00Z,1. FC Union Berlin,Union St.-Gilloise,3.0,3.0,False
uefa.europa,2023-03-09T17:45:00Z,AS Roma,Real Sociedad,2.0,0.0,False
uefa.europa,2023-03-09T17:45:00Z,Bayer Leverkusen,Ferencvaros,2.0,0.0,False
uefa.europa,2023-03-09T17:45:00Z,Sporting CP,Arsenal,2.0,2.0,False
uefa.europa.conf,2023-03-09T17:45:00Z,AEK Larnaca,West Ham United,0.0,2.0,False
uefa.europa.conf,2023-03-09T17:45:00Z,Anderlecht,Villarreal,1.0,1.0,False
uefa.europa.conf,2023-03-09T17:45:00Z,Sheriff Tiraspol,Nice,0.0,1.0,False
uefa.europa,2023-03-09T20:00:00Z,Juventus,SC Freiburg,1.0,0.0,False
uefa.europa,2023-03-09T20:00:00Z,Manchester United,Real Betis,4.0,1.0,False
uefa.europa,2023-03-09T20:00:00Z,Sevilla,Fenerbahce,2.0,0.0,False
uefa.europa,2023-03-09T20:00:00Z,Shakhtar Donetsk,Feyenoord Rotterdam,1.0,1.0,False
uefa.europa.conf,2023-03-09T20:00:00Z,FC Basel,Slovan Bratislava,2.0,2.0,False
uefa.europa.conf,2023-03-09T20:00:00Z,Fiorentina,Sivasspor,1.0,0.0,False
uefa.europa.conf,2023-03-09T20:00:00Z,KAA Gent,Istanbul Basaksehir,1.0,1.0,False
uefa.europa.conf,2023-03-09T20:00:00Z,Lech Poznan,Djurgården,2.0,0.0,False
concacaf.champions,2023-03-10T01:00:00Z,FC Motagua,Pachuca,0.0,0.0,False
concacaf.champions,2023-03-10T03:00:00Z,Alajuelense,LAFC,0.0,3.0,False
caf.champions,2023-03-11T13:00:00Z,Mamelodi Sundowns,Al Ahly,5.0,2.0,False
caf.champions,2023-03-11T16:00:00Z,Petro de Luanda,Wydad AC,0.0,2.0,False
caf.champions,2023-03-11T19:00:00Z,JS Kabylie,AS Vita Club,2.0,1.0,False
uefa.champions,2023-03-14T20:00:00Z,FC Porto,Internazionale,0.0,0.0,False
uefa.champions,2023-03-14T20:00:00Z,Manchester City,RB Leipzig,7.0,0.0,False
concacaf.champions,2023-03-15T00:00:00Z,Austin FC,Violette AC,2.0,0.0,False
concacaf.champions,2023-03-15T00:00:00Z,Philadelphia Union,Alianza FC,4.0,0.0,False
concacaf.champions,2023-03-15T02:15:00Z,Atlas,Club Deportivo Olimpia,4.0,0.0,False
uefa.europa.conf,2023-03-15T17:00:00Z,Istanbul Basaksehir,KAA Gent,1.0,4.0,False
uefa.champions,2023-03-15T20:00:00Z,Napoli,Eintracht Frankfurt,3.0,0.0,False
uefa.champions,2023-03-15T20:00:00Z,Real Madrid,Liverpool,1.0,0.0,False
concacaf.champions,2023-03-15T22:00:00Z,Real España,Vancouver Whitecaps,3.0,2.0,False
concacaf.champions,2023-03-16T00:15:00Z,Orlando City SC,Tigres UANL,1.0,1.0,False
concacaf.champions,2023-03-16T02:30:00Z,LAFC,Alajuelense,1.0,2.0,False
uefa.europa,2023-03-16T17:45:00Z,Fenerbahce,Sevilla,1.0,0.0,False
uefa.europa,2023-03-16T17:45:00Z,Feyenoord Rotterdam,Shakhtar Donetsk,7.0,1.0,False
uefa.europa,2023-03-16T17:45:00Z,Real Betis,Manchester United,0.0,1.0,False
uefa.europa,2023-03-16T17:45:00Z,SC Freiburg,Juventus,0.0,2.0,False
uefa.europa.conf,2023-03-16T17:45:00Z,Djurgården,Lech Poznan,0.0,3.0,False
uefa.europa.conf,2023-03-16T17:45:00Z,Sivasspor,Fiorentina,1.0,4.0,False
uefa.europa.conf,2023-03-16T17:45:00Z,Slovan Bratislava,FC Basel,2.0,2.0,False
uefa.europa,2023-03-16T20:00:00Z,Arsenal,Sporting CP,1.0,1.0,False
uefa.europa,2023-03-16T20:00:00Z,Ferencvaros,Bayer Leverkusen,0.0,2.0,False
uefa.europa,2023-03-16T20:00:00Z,Real Sociedad,AS Roma,0.0,0.0,False
uefa.europa,2023-03-16T20:00:00Z,Union St.-Gilloise,1. FC Union Berlin,3.0,0.0,False
uefa.europa.conf,2023-03-16T20:00:00Z,AZ Alkmaar,Lazio,2.0,1.0,False
uefa.europa.conf,2023-03-16T20:00:00Z,Nice,Sheriff Tiraspol,3.0,1.0,False
uefa.europa.conf,2023-03-16T20:00:00Z,Villarreal,Anderlecht,0.0,1.0,False
uefa.europa.conf,2023-03-16T20:00:00Z,West Ham United,AEK Larnaca,4.0,0.0,False
concacaf.champions,2023-03-17T00:00:00Z,León,Tauro FC,2.0,0.0,False
concacaf.champions,2023-03-17T02:15:00Z,Pachuca,FC Motagua,1.0,1.0,False
caf.champions,2023-03-17T13:00:00Z,Al-Merrikh,Esperance Sportive de Tunis,1.0,1.0,False
caf.champions,2023-03-17T16:00:00Z,Coton Sport Garoua,Al Ahly,0.0,4.0,False
caf.champions,2023-03-17T19:00:00Z,CR Belouizdad,Zamalek,2.0,0.0,False
caf.champions,2023-03-18T13:00:00Z,AS Vita Club,Wydad AC,0.0,0.0,False
caf.champions,2023-03-18T13:00:00Z,Al Hilal Omdurman,Mamelodi Sundowns,1.0,1.0,False
caf.champions,2023-03-18T16:00:00Z,Simba SC,Horoya,7.0,0.0,False
caf.champions,2023-03-18T16:00:00Z,Vipers SC,Raja Casablanca,1.0,1.0,False
caf.champions,2023-03-18T19:00:00Z,JS Kabylie,Petro de Luanda,1.0,0.0,False
caf.confed,2023-03-19T13:00:00Z,FC Saint Eloi Lupopo,USM Alger,1.0,1.0,False
caf.confed,2023-03-19T16:00:00Z,Future FC,ASKO Kara,3.0,0.0,False
caf.confed,2023-03-19T16:00:00Z,Rivers United FC,Diables Noirs,2.0,2.0,False
caf.confed,2023-03-19T16:00:00Z,Réal Bamako,TP Mazembe,2.0,1.0,False
caf.confed,2023-03-19T16:00:00Z,Young Africans,Union Sportive Monastirienne,2.0,0.0,False
caf.confed,2023-03-19T17:00:00Z,Al-Akhdar,Marumo Gallants,4.0,1.0,False
caf.confed,2023-03-19T19:00:00Z,AS FAR,Pyramids FC,1.0,0.0,False
caf.confed,2023-03-19T19:00:00Z,DC Motema Pembe,ASEC Mimosas,1.0,2.0,False
caf.champions,2023-03-31T16:00:00Z,Horoya,Vipers SC,2.0,0.0,False
caf.champions,2023-03-31T19:00:00Z,Zamalek,Al-Merrikh,4.0,3.0,False
caf.champions,2023-03-31T22:00:00Z,Raja Casablanca,Simba SC,3.0,1.0,False
caf.champions,2023-04-01T16:00:00Z,Petro de Luanda,AS Vita Club,1.0,0.0,False
caf.champions,2023-04-01T19:00:00Z,Al Ahly,Al Hilal Omdurman,3.0,0.0,False
caf.champions,2023-04-01T19:00:00Z,Mamelodi Sundowns,Coton Sport Garoua,2.0,1.0,False
caf.champions,2023-04-01T22:00:00Z,Esperance Sportive de Tunis,CR Belouizdad,0.0,0.0,False
caf.champions,2023-04-01T22:00:00Z,Wydad AC,JS Kabylie,3.0,0.0,False
caf.confed,2023-04-02T13:00:00Z,TP Mazembe,Young Africans,0.0,1.0,False
caf.confed,2023-04-02T16:00:00Z,ASEC Mimosas,Rivers United FC,1.0,0.0,False
caf.confed,2023-04-02T16:00:00Z,Diables Noirs,DC Motema Pembe,0.0,0.0,False
caf.confed,2023-04-02T20:00:00Z,ASKO Kara,AS FAR,1.0,1.0,False
caf.confed,2023-04-02T20:00:00Z,Marumo Gallants,FC Saint Eloi Lupopo,3.0,2.0,False
caf.confed,2023-04-02T20:00:00Z,Pyramids FC,Future FC,2.0,1.0,False
caf.confed,2023-04-02T20:00:00Z,USM Alger,Al-Akhdar,4.0,1.0,False
caf.confed,2023-04-02T20:00:00Z,Union Sportive Monastirienne,Réal Bamako,2.0,1.0,False
concacaf.champions,2023-04-05T00:00:00Z,Philadelphia Union,Atlas,1.0,0.0,False
concacaf.champions,2023-04-05T02:00:00Z,León,Violette AC,5.0,0.0,False
concacaf.champions,2023-04-06T00:00:00Z,FC Motagua,Tigres UANL,0.0,1.0,False
concacaf.champions,2023-04-06T02:00:00Z,Vancouver Whitecaps,LAFC,0.0,3.0,False
uefa.champions,2023-04-11T19:00:00Z,Benfica,Internazionale,0.0,2.0,False
uefa.champions,2023-04-11T19:00:00Z,Manchester City,Bayern Munich,3.0,0.0,False
concacaf.champions,2023-04-12T00:00:00Z,Violette AC,León,2.0,1.0,False
concacaf.champions,2023-04-12T02:15:00Z,LAFC,Vancouver Whitecaps,3.0,0.0,False
uefa.champions,2023-04-12T19:00:00Z,AC Milan,Napoli,1.0,0.0,False
uefa.champions,2023-04-12T19:00:00Z,Real Madrid,Chelsea,2.0,0.0,False
concacaf.champions,2023-04-13T02:00:00Z,Atlas,Philadelphia Union,2.0,2.0,False
uefa.europa,2023-04-13T16:45:00Z,Feyenoord Rotterdam,AS Roma,1.0,0.0,False
uefa.europa.conf,2023-04-13T16:45:00Z,KAA Gent,West Ham United,1.0,1.0,False
uefa.europa,2023-04-13T19:00:00Z,Bayer Leverkusen,Union St.-Gilloise,1.0,1.0,False
uefa.europa,2023-04-13T19:00:00Z,Juventus,Sporting CP,1.0,0.0,False
uefa.europa,2023-04-13T19:00:00Z,Manchester United,Sevilla,2.0,2.0,False
uefa.europa.conf,2023-04-13T19:00:00Z,Anderlecht,AZ Alkmaar,2.0,0.0,False
uefa.europa.conf,2023-04-13T19:00:00Z,FC Basel,Nice,2.0,2.0,False
uefa.europa.conf,2023-04-13T19:00:00Z,Lech Poznan,Fiorentina,1.0,4.0,False
concacaf.champions,2023-04-14T02:00:00Z,Tigres UANL,FC Motagua,5.0,0.0,False
uefa.champions,2023-04-18T19:00:00Z,Chelsea,Real Madrid,0.0,2.0,False
uefa.champions,2023-04-18T19:00:00Z,Napoli,AC Milan,1.0,1.0,False
uefa.champions,2023-04-19T19:00:00Z,Bayern Munich,Manchester City,1.0,1.0,False
uefa.champions,2023-04-19T19:00:00Z,Internazionale,Benfica,3.0,3.0,False
uefa.europa.conf,2023-04-20T16:45:00Z,AZ Alkmaar,Anderlecht,2.0,0.0,False
uefa.europa.conf,2023-04-20T16:45:00Z,Fiorentina,Lech Poznan,2.0,3.0,False
uefa.europa,2023-04-20T19:00:00Z,AS Roma,Feyenoord Rotterdam,4.0,1.0,False
uefa.europa,2023-04-20T19:00:00Z,Sevilla,Manchester United,3.0,0.0,False
uefa.europa,2023-04-20T19:00:00Z,Sporting CP,Juventus,1.0,1.0,False
uefa.europa,2023-04-20T19:00:00Z,Union St.-Gilloise,Bayer Leverkusen,1.0,4.0,False
uefa.europa.conf,2023-04-20T19:00:00Z,Nice,FC Basel,1.0,2.0,False
uefa.europa.conf,2023-04-20T19:00:00Z,West Ham United,KAA Gent,4.0,1.0,False
caf.champions,2023-04-21T21:00:00Z,JS Kabylie,Esperance Sportive de Tunis,0.0,1.0,False
caf.champions,2023-04-22T13:00:00Z,Simba SC,Wydad AC,1.0,0.0,False
caf.champions,2023-04-22T19:00:00Z,Al Ahly,Raja Casablanca,2.0,0.0,False
caf.champions,2023-04-22T19:00:00Z,CR Belouizdad,Mamelodi Sundowns,1.0,4.0,False
caf.confed,2023-04-23T13:00:00Z,Rivers United FC,Young Africans,0.0,2.0,False
caf.confed,2023-04-23T16:00:00Z,Pyramids FC,Marumo Gallants,1.0,1.0,False
caf.confed,2023-04-23T16:00:00Z,Union Sportive Monastirienne,ASEC Mimosas,0.0,0.0,False
caf.confed,2023-04-23T19:00:00Z,USM Alger,AS FAR,2.0,0.0,False
concacaf.champions,2023-04-26T02:00:00Z,Tigres UANL,León,2.0,1.0,False
concacaf.champions,2023-04-27T01:00:00Z,Philadelphia Union,LAFC,1.0,1.0,False
caf.champions,2023-04-28T19:00:00Z,Wydad AC,Simba SC,1.0,0.0,False
caf.champions,2023-04-29T13:00:00Z,Mamelodi Sundowns,CR Belouizdad,2.0,1.0,False
caf.champions,2023-04-29T19:00:00Z,Esperance Sportive de Tunis,JS Kabylie,1.0,1.0,False
caf.champions,2023-04-29T19:00:00Z,Raja Casablanca,Al Ahly,0.0,0.0,False
caf.confed,2023-04-30T16:00:00Z,ASEC Mimosas,Union Sportive Monastirienne,2.0,0.0,False
caf.confed,2023-04-30T16:00:00Z,Marumo Gallants,Pyramids FC,1.0,0.0,False
caf.confed,2023-04-30T16:00:00Z,Young Africans,Rivers United FC,0.0,0.0,False
caf.confed,2023-04-30T19:00:00Z,AS FAR,USM Alger,3.0,2.0,False
concacaf.champions,2023-05-03T02:00:00Z,LAFC,Philadelphia Union,3.0,0.0,False
concacaf.champions,2023-05-04T02:00:00Z,León,Tigres UANL,3.0,1.0,False
uefa.champions,2023-05-09T19:00:00Z,Real Madrid,Manchester City,1.0,1.0,False
caf.confed,2023-05-10T13:00:00Z,Young Africans,Marumo Gallants,2.0,0.0,False
caf.confed,2023-05-10T16:00:00Z,ASEC Mimosas,USM Alger,0.0,0.0,False
uefa.champions,2023-05-10T19:00:00Z,AC Milan,Internazionale,0.0,2.0,False
uefa.europa,2023-05-11T19:00:00Z,AS Roma,Bayer Leverkusen,1.0,0.0,False
uefa.europa,2023-05-11T19:00:00Z,Juventus,Sevilla,1.0,1.0,False
uefa.europa.conf,2023-05-11T19:00:00Z,Fiorentina,FC Basel,1.0,2.0,False
uefa.europa.conf,2023-05-11T19:00:00Z,West Ham United,AZ Alkmaar,2.0,1.0,False
caf.champions,2023-05-12T19:00:00Z,Esperance Sportive de Tunis,Al Ahly,0.0,3.0,False
caf.champions,2023-05-13T19:00:00Z,Wydad AC,Mamelodi Sundowns,0.0,0.0,False
uefa.champions,2023-05-16T19:00:00Z,Internazionale,AC Milan,1.0,0.0,False
caf.confed,2023-05-17T16:00:00Z,Marumo Gallants,Young Africans,1.0,2.0,False
caf.confed,2023-05-17T19:00:00Z,USM Alger,ASEC Mimosas,2.0,0.0,False
uefa.champions,2023-05-17T19:00:00Z,Manchester City,Real Madrid,4.0,0.0,False
uefa.europa,2023-05-18T19:00:00Z,Bayer Leverkusen,AS Roma,0.0,0.0,False
uefa.europa,2023-05-18T19:00:00Z,Sevilla,Juventus,2.0,1.0,False
uefa.europa.conf,2023-05-18T19:00:00Z,AZ Alkmaar,West Ham United,0.0,1.0,False
uefa.europa.conf,2023-05-18T19:00:00Z,FC Basel,Fiorentina,1.0,3.0,False
caf.champions,2023-05-19T19:00:00Z,Al Ahly,Esperance Sportive de Tunis,1.0,0.0,False
caf.champions,2023-05-20T13:00:00Z,Mamelodi Sundowns,Wydad AC,2.0,2.0,False
caf.confed,2023-05-28T13:00:00Z,Young Africans,USM Alger,1.0,2.0,False
uefa.europa,2023-05-31T19:00:00Z,Sevilla,AS Roma,1.0,1.0,False
concacaf.champions,2023-06-01T02:00:00Z,León,LAFC,2.0,1.0,False
caf.confed,2023-06-03T19:00:00Z,USM Alger,Young Africans,0.0,1.0,False
caf.champions,2023-06-04T18:00:00Z,Al Ahly,Wydad AC,2.0,1.0,False
concacaf.champions,2023-06-05T01:00:00Z,LAFC,León,0.0,1.0,False
uefa.europa.conf,2023-06-07T19:00:00Z,Fiorentina,West Ham United,1.0,2.0,False
uefa.champions,2023-06-10T19:00:00Z,Manchester City,Internazionale,1.0,0.0,False
caf.champions,2023-06-11T19:00:00Z,Wydad AC,Al Ahly,1.0,1.0,False
concacaf.leagues.cup,2023-07-22T00:00:00Z,Cruz Azul,Inter Miami CF,1.0,2.0,False
concacaf.leagues.cup,2023-07-22T00:00:00Z,Orlando City SC,Houston Dynamo FC,1.0,1.0,False
concacaf.leagues.cup,2023-07-22T00:30:00Z,Austin FC,Mazatlán FC,1.0,3.0,False
concacaf.leagues.cup,2023-07-22T01:00:00Z,FC Dallas,Charlotte FC,2.0,2.0,False
concacaf.leagues.cup,2023-07-22T02:30:00Z,León,Vancouver Whitecaps,2.0,2.0,False
concacaf.leagues.cup,2023-07-22T23:30:00Z,CF Montréal,Pumas UNAM,2.0,2.0,False
concacaf.leagues.cup,2023-07-22T23:30:00Z,Red Bull New York,New England Revolution,0.0,0.0,False
concacaf.leagues.cup,2023-07-23T00:00:00Z,Philadelphia Union,Tijuana,3.0,1.0,False
concacaf.leagues.cup,2023-07-23T01:30:00Z,Real Salt Lake,Seattle Sounders FC,3.0,0.0,False
concacaf.leagues.cup,2023-07-23T02:00:00Z,Portland Timbers,San Jose Earthquakes,2.0,0.0,False
concacaf.leagues.cup,2023-07-23T23:00:00Z,New York City FC,Atlas,0.0,1.0,False
concacaf.leagues.cup,2023-07-23T23:30:00Z,FC Cincinnati,Sporting Kansas City,3.0,3.0,False
concacaf.leagues.cup,2023-07-24T00:30:00Z,Nashville SC,Colorado Rapids,2.0,1.0,False
concacaf.leagues.cup,2023-07-24T01:00:00Z,Puebla,Minnesota United FC,0.0,4.0,False
concacaf.leagues.cup,2023-07-24T03:16:00Z,Columbus Crew,St. Louis CITY SC,2.0,1.0,False
concacaf.leagues.cup,2023-07-25T23:30:00Z,Inter Miami CF,Atlanta United FC,4.0,0.0,False
concacaf.leagues.cup,2023-07-26T00:30:00Z,Santos,Houston Dynamo FC,2.0,2.0,False
concacaf.leagues.cup,2023-07-26T01:30:00Z,FC Dallas,Necaxa,3.0,0.0,False
concacaf.leagues.cup,2023-07-26T01:30:00Z,Mazatlán FC,FC Juárez,1.0,1.0,False
concacaf.leagues.cup,2023-07-26T23:30:00Z,Atlético de San Luis,New England Revolution,1.0,5.0,False
concacaf.leagues.cup,2023-07-26T23:30:00Z,CF Montréal,D.C. United,0.0,1.0,False
concacaf.leagues.cup,2023-07-26T23:30:00Z,New York City FC,Toronto FC,5.0,0.0,False
concacaf.leagues.cup,2023-07-26T23:30:00Z,Philadelphia Union,Querétaro,5.0,1.0,False
concacaf.leagues.cup,2023-07-27T01:30:00Z,Monterrey,Real Salt Lake,3.0,0.0,False
concacaf.leagues.cup,2023-07-27T02:30:00Z,LA Galaxy,León,0.0,1.0,False
concacaf.leagues.cup,2023-07-27T03:00:00Z,Tigres UANL,Portland Timbers,2.0,1.0,False
concacaf.leagues.cup,2023-07-28T00:30:00Z,Minnesota United FC,Chicago Fire FC,2.0,3.0,False
concacaf.leagues.cup,2023-07-28T00:30:00Z,Nashville SC,Toluca,3.0,4.0,False
concacaf.leagues.cup,2023-07-28T02:00:00Z,América,St. Louis CITY SC,4.0,0.0,False
concacaf.leagues.cup,2023-07-28T18:05:00Z,Guadalajara,FC Cincinnati,1.0,3.0,False
concacaf.leagues.cup,2023-07-29T23:00:00Z,Cruz Azul,Atlanta United FC,1.0,1.0,False
concacaf.leagues.cup,2023-07-29T23:30:00Z,Necaxa,Charlotte FC,1.0,4.0,False
concacaf.leagues.cup,2023-07-29T23:57:00Z,Santos,Orlando City SC,2.0,3.0,False
concacaf.leagues.cup,2023-07-30T01:00:00Z,Austin FC,FC Juárez,1.0,3.0,False
concacaf.leagues.cup,2023-07-30T01:00:00Z,Pumas UNAM,D.C. United,3.0,0.0,False
concacaf.leagues.cup,2023-07-30T23:30:00Z,Atlas,Toronto FC,1.0,0.0,False
concacaf.leagues.cup,2023-07-30T23:30:00Z,Red Bull New York,Atlético de San Luis,2.0,1.0,False
concacaf.leagues.cup,2023-07-30T23:30:00Z,Tijuana,Querétaro,0.0,1.0,False
concacaf.leagues.cup,2023-07-31T01:00:00Z,LA Galaxy,Vancouver Whitecaps,1.0,2.0,False
concacaf.leagues.cup,2023-07-31T01:00:00Z,Monterrey,Seattle Sounders FC,4.0,2.0,False
concacaf.leagues.cup,2023-07-31T03:00:00Z,Tigres UANL,San Jose Earthquakes,1.0,0.0,False
concacaf.leagues.cup,2023-08-01T00:00:00Z,América,Columbus Crew,1.0,4.0,False
concacaf.leagues.cup,2023-08-01T00:00:00Z,Puebla,Chicago Fire FC,1.0,1.0,False
concacaf.leagues.cup,2023-08-01T02:00:00Z,Guadalajara,Sporting Kansas City,0.0,1.0,False
concacaf.leagues.cup,2023-08-01T03:40:00Z,Toluca,Colorado Rapids,4.0,1.0,False
concacaf.leagues.cup,2023-08-03T01:00:00Z,Mazatlán FC,FC Dallas,1.0,2.0,False
concacaf.leagues.cup,2023-08-03T01:00:00Z,Pachuca,Houston Dynamo FC,0.0,0.0,False
concacaf.leagues.cup,2023-08-03T01:35:00Z,Inter Miami CF,Orlando City SC,3.0,1.0,False
concacaf.leagues.cup,2023-08-03T02:30:00Z,LAFC,FC Juárez,7.0,1.0,False
concacaf.leagues.cup,2023-08-04T00:00:00Z,Atlas,New England Revolution,2.0,2.0,False
concacaf.leagues.cup,2023-08-04T00:00:00Z,Philadelphia Union,D.C. United,0.0,0.0,False
concacaf.leagues.cup,2023-08-04T00:00:00Z,Pumas UNAM,Querétaro,0.0,1.0,False
concacaf.leagues.cup,2023-08-04T00:00:00Z,Red Bull New York,New York City FC,1.0,0.0,False
concacaf.leagues.cup,2023-08-04T00:30:00Z,Charlotte FC,Cruz Azul,0.0,0.0,False
concacaf.leagues.cup,2023-08-05T00:00:00Z,Chicago Fire FC,América,0.0,1.0,False
concacaf.leagues.cup,2023-08-05T00:00:00Z,Columbus Crew,Minnesota United FC,3.0,3.0,False
concacaf.leagues.cup,2023-08-05T00:00:00Z,FC Cincinnati,Nashville SC,1.0,1.0,False
concacaf.leagues.cup,2023-08-05T01:00:00Z,León,Real Salt Lake,1.0,3.0,False
concacaf.leagues.cup,2023-08-05T01:00:00Z,Toluca,Sporting Kansas City,4.0,1.0,False
concacaf.leagues.cup,2023-08-05T02:00:00Z,Monterrey,Portland Timbers,1.0,0.0,False
concacaf.leagues.cup,2023-08-05T02:30:00Z,Tigres UANL,Vancouver Whitecaps,1.0,1.0,False
concacaf.leagues.cup,2023-08-07T01:30:00Z,FC Dallas,Inter Miami CF,4.0,4.0,False
concacaf.leagues.cup,2023-08-08T00:00:00Z,Querétaro,New England Revolution,1.0,1.0,False
concacaf.leagues.cup,2023-08-08T01:30:00Z,Charlotte FC,Houston Dynamo FC,2.0,1.0,False
concacaf.leagues.cup,2023-08-09T00:00:00Z,América,Nashville SC,2.0,2.0,False
concacaf.leagues.cup,2023-08-09T00:00:00Z,Philadelphia Union,Red Bull New York,1.0,1.0,False
concacaf.leagues.cup,2023-08-09T00:00:00Z,Toluca,Minnesota United FC,2.0,2.0,False
concacaf.leagues.cup,2023-08-09T02:00:00Z,Tigres UANL,Monterrey,0.0,1.0,False
concacaf.leagues.cup,2023-08-09T02:30:00Z,LAFC,Real Salt Lake,4.0,0.0,False
concacaf.leagues.cup,2023-08-12T00:30:00Z,Inter Miami CF,Charlotte FC,4.0,0.0,False
concacaf.leagues.cup,2023-08-12T00:30:00Z,Nashville SC,Minnesota United FC,5.0,0.0,False
concacaf.leagues.cup,2023-08-12T01:09:00Z,Philadelphia Union,Querétaro,2.0,1.0,False
concacaf.leagues.cup,2023-08-12T03:00:00Z,LAFC,Monterrey,2.0,3.0,False
concacaf.leagues.cup,2023-08-15T23:00:00Z,Philadelphia Union,Inter Miami CF,1.0,4.0,False
concacaf.leagues.cup,2023-08-16T01:30:00Z,Monterrey,Nashville SC,0.0,2.0,False
concacaf.leagues.cup,2023-08-19T22:00:00Z,Philadelphia Union,Monterrey,3.0,0.0,False
concacaf.leagues.cup,2023-08-20T01:00:00Z,Nashville SC,Inter Miami CF,1.0,1.0,False
uefa.champions,2023-09-19T16:45:00Z,AC Milan,Newcastle United,0.0,0.0,False
uefa.champions,2023-09-19T16:45:00Z,Young Boys,RB Leipzig,1.0,3.0,False
uefa.champions,2023-09-19T19:00:00Z,Barcelona,Antwerp,5.0,0.0,False
uefa.champions,2023-09-19T19:00:00Z,Feyenoord Rotterdam,Celtic,2.0,0.0,False
uefa.champions,2023-09-19T19:00:00Z,Lazio,Atlético Madrid,1.0,1.0,False
uefa.champions,2023-09-19T19:00:00Z,Manchester City,Red Star Belgrade,3.0,1.0,False
uefa.champions,2023-09-19T19:00:00Z,Paris Saint-Germain,Borussia Dortmund,2.0,0.0,False
uefa.champions,2023-09-19T19:00:00Z,Shakhtar Donetsk,FC Porto,1.0,3.0,False
uefa.europa.conf,2023-09-20T14:30:00Z,Lille,Olimpija Ljubljana,2.0,0.0,False
uefa.champions,2023-09-20T16:45:00Z,Galatasaray,F.C. København,2.0,2.0,False
uefa.champions,2023-09-20T16:45:00Z,Real Madrid,1. FC Union Berlin,1.0,0.0,False
uefa.champions,2023-09-20T19:00:00Z,Arsenal,PSV Eindhoven,4.0,0.0,False
uefa.champions,2023-09-20T19:00:00Z,Bayern Munich,Manchester United,4.0,3.0,False
uefa.champions,2023-09-20T19:00:00Z,Benfica,RB Salzburg,0.0,2.0,False
uefa.champions,2023-09-20T19:00:00Z,Braga,Napoli,1.0,2.0,False
uefa.champions,2023-09-20T19:00:00Z,Real Sociedad,Internazionale,1.0,1.0,False
uefa.champions,2023-09-20T19:00:00Z,Sevilla,Lens,1.0,1.0,False
uefa.europa,2023-09-21T16:45:00Z,Bayer Leverkusen,BK Häcken,4.0,0.0,False
uefa.europa,2023-09-21T16:45:00Z,FK Qarabag,Molde,1.0,0.0,False
uefa.europa,2023-09-21T16:45:00Z,LASK Linz,Liverpool,1.0,3.0,False
uefa.europa,2023-09-21T16:45:00Z,Panathinaikos,Villarreal,2.0,0.0,False
uefa.europa,2023-09-21T16:45:00Z,Servette,Slavia Prague,0.0,2.0,False
uefa.europa,2023-09-21T16:45:00Z,Sheriff Tiraspol,AS Roma,1.0,2.0,False
uefa.europa,2023-09-21T16:45:00Z,Stade Rennais,Maccabi Haifa,3.0,0.0,False
uefa.europa.conf,2023-09-21T16:45:00Z,Eintracht Frankfurt,Aberdeen,2.0,1.0,False
uefa.europa.conf,2023-09-21T16:45:00Z,Fenerbahce,FC Nordsjælland,3.0,1.0,False
uefa.europa.conf,2023-09-21T16:45:00Z,Ferencvaros,Cukaricki Belgrade,3.0,1.0,False
uefa.europa.conf,2023-09-21T16:45:00Z,HJK Helsinki,PAOK,2.0,3.0,False
uefa.europa.conf,2023-09-21T16:45:00Z,Legia Warsaw,Aston Villa,3.0,2.0,False
uefa.europa.conf,2023-09-21T16:45:00Z,Ludogorets Razgrad,FC Spartak Trnava,4.0,0.0,False
uefa.europa.conf,2023-09-21T16:45:00Z,Racing Genk,Fiorentina,2.0,2.0,False
uefa.europa.conf,2023-09-21T16:45:00Z,Zrinjski Mostar,AZ Alkmaar,4.0,3.0,False
uefa.europa,2023-09-21T16:55:00Z,Union St.-Gilloise,Toulouse,1.0,1.0,False
uefa.europa,2023-09-21T19:00:00Z,Ajax Amsterdam,Marseille,3.0,3.0,False
uefa.europa,2023-09-21T19:00:00Z,Atalanta,Raków Czestochowa,2.0,0.0,False
uefa.europa,2023-09-21T19:00:00Z,Brighton & Hove Albion,AEK Athens,2.0,3.0,False
uefa.europa,2023-09-21T19:00:00Z,Olympiacos,SC Freiburg,2.0,3.0,False
uefa.europa,2023-09-21T19:00:00Z,Rangers,Real Betis,1.0,0.0,False
uefa.europa,2023-09-21T19:00:00Z,SK Sturm Graz,Sporting CP,1.0,2.0,False
uefa.europa,2023-09-21T19:00:00Z,Sparta Prague,Aris Limassol,3.0,2.0,False
uefa.europa,2023-09-21T19:00:00Z,West Ham United,FK TSC,3.0,1.0,False
uefa.europa.conf,2023-09-21T19:00:00Z,Club Brugge,Besiktas,1.0,1.0,False
uefa.europa.conf,2023-09-21T19:00:00Z,Dinamo Zagreb,FC Astana,5.0,1.0,False
uefa.europa.conf,2023-09-21T19:00:00Z,FC Lugano,Bodo/Glimt,0.0,0.0,False
uefa.europa.conf,2023-09-21T19:00:00Z,FC Zorya Luhansk,KAA Gent,1.0,1.0,False
uefa.europa.conf,2023-09-21T19:00:00Z,Maccabi Tel-Aviv,Breidablik,3.0,2.0,False
uefa.europa.conf,2023-09-21T19:00:00Z,Slovan Bratislava,KI Klaksvik,2.0,1.0,False
uefa.europa.conf,2023-09-21T19:00:00Z,Viktoria Plzen,Ballkani,1.0,0.0,False
uefa.champions,2023-10-03T16:45:00Z,1. FC Union Berlin,Braga,2.0,3.0,False
uefa.champions,2023-10-03T16:45:00Z,RB Salzburg,Real Sociedad,0.0,2.0,False
uefa.champions,2023-10-03T19:00:00Z,F.C. København,Bayern Munich,1.0,2.0,False
uefa.champions,2023-10-03T19:00:00Z,Internazionale,Benfica,1.0,0.0,False
uefa.champions,2023-10-03T19:00:00Z,Lens,Arsenal,2.0,1.0,False
uefa.champions,2023-10-03T19:00:00Z,Manchester United,Galatasaray,2.0,3.0,False
uefa.champions,2023-10-03T19:00:00Z,Napoli,Real Madrid,2.0,3.0,False
uefa.champions,2023-10-03T19:00:00Z,PSV Eindhoven,Sevilla,2.0,2.0,False
uefa.champions,2023-10-04T16:45:00Z,Antwerp,Shakhtar Donetsk,2.0,3.0,False
uefa.champions,2023-10-04T16:45:00Z,Atlético Madrid,Feyenoord Rotterdam,3.0,2.0,False
uefa.champions,2023-10-04T19:00:00Z,Borussia Dortmund,AC Milan,0.0,0.0,False
uefa.champions,2023-10-04T19:00:00Z,Celtic,Lazio,1.0,2.0,False
uefa.champions,2023-10-04T19:00:00Z,FC Porto,Barcelona,0.0,1.0,False
uefa.champions,2023-10-04T19:00:00Z,Newcastle United,Paris Saint-Germain,4.0,1.0,False
uefa.champions,2023-10-04T19:00:00Z,RB Leipzig,Manchester City,1.0,3.0,False
uefa.champions,2023-10-04T19:00:00Z,Red Star Belgrade,Young Boys,2.0,2.0,False
uefa.europa.conf,2023-10-05T14:30:00Z,FC Astana,Viktoria Plzen,1.0,2.0,False
uefa.europa,2023-10-05T16:45:00Z,AEK Athens,Ajax Amsterdam,1.0,1.0,False
uefa.europa,2023-10-05T16:45:00Z,Aris Limassol,Rangers,2.0,1.0,False
uefa.europa,2023-10-05T16:45:00Z,FK TSC,Olympiacos,2.0,2.0,False
uefa.europa,2023-10-05T16:45:00Z,Marseille,Brighton & Hove Albion,2.0,2.0,False
uefa.europa,2023-10-05T16:45:00Z,Raków Czestochowa,SK Sturm Graz,0.0,1.0,False
uefa.europa,2023-10-05T16:45:00Z,Real Betis,Sparta Prague,2.0,1.0,False
uefa.europa,2023-10-05T16:45:00Z,SC Freiburg,West Ham United,1.0,2.0,False
uefa.europa,2023-10-05T16:45:00Z,Sporting CP,Atalanta,1.0,2.0,False
uefa.europa.conf,2023-10-05T16:45:00Z,Ballkani,Dinamo Zagreb,2.0,0.0,False
uefa.europa.conf,2023-10-05T16:45:00Z,Besiktas,FC Lugano,2.0,3.0,False
uefa.europa.conf,2023-10-05T16:45:00Z,Bodo/Glimt,Club Brugge,0.0,1.0,False
uefa.europa.conf,2023-10-05T16:45:00Z,Breidablik,FC Zorya Luhansk,0.0,1.0,False
uefa.europa.conf,2023-10-05T16:45:00Z,KAA Gent,Maccabi Tel-Aviv,2.0,0.0,False
uefa.europa.conf,2023-10-05T16:45:00Z,KI Klaksvik,Lille,0.0,0.0,False
uefa.europa.conf,2023-10-05T16:45:00Z,Olimpija Ljubljana,Slovan Bratislava,0.0,1.0,False
uefa.europa,2023-10-05T19:00:00Z,AS Roma,Servette,4.0,0.0,False
uefa.europa,2023-10-05T19:00:00Z,BK Häcken,FK Qarabag,0.0,1.0,False
uefa.europa,2023-10-05T19:00:00Z,Liverpool,Union St.-Gilloise,2.0,0.0,False
uefa.europa,2023-10-05T19:00:00Z,Maccabi Haifa,Panathinaikos,0.0,0.0,False
uefa.europa,2023-10-05T19:00:00Z,Molde,Bayer Leverkusen,1.0,2.0,False
uefa.europa,2023-10-05T19:00:00Z,Slavia Prague,Sheriff Tiraspol,6.0,0.0,False
uefa.europa,2023-10-05T19:00:00Z,Toulouse,LASK Linz,1.0,0.0,False
uefa.europa,2023-10-05T19:00:00Z,Villarreal,Stade Rennais,1.0,0.0,False
uefa.europa.conf,2023-10-05T19:00:00Z,AZ Alkmaar,Legia Warsaw,1.0,0.0,False
uefa.europa.conf,2023-10-05T19:00:00Z,Aberdeen,HJK Helsinki,1.0,1.0,False
uefa.europa.conf,2023-10-05T19:00:00Z,Aston Villa,Zrinjski Mostar,1.0,0.0,False
uefa.europa.conf,2023-10-05T19:00:00Z,Cukaricki Belgrade,Racing Genk,0.0,2.0,False
uefa.europa.conf,2023-10-05T19:00:00Z,FC Nordsjælland,Ludogorets Razgrad,7.0,1.0,False
uefa.europa.conf,2023-10-05T19:00:00Z,FC Spartak Trnava,Fenerbahce,1.0,2.0,False
uefa.europa.conf,2023-10-05T19:00:00Z,Fiorentina,Ferencvaros,2.0,2.0,False
uefa.europa.conf,2023-10-05T19:00:00Z,PAOK,Eintracht Frankfurt,2.0,1.0,False
uefa.champions,2023-10-24T16:45:00Z,Galatasaray,Bayern Munich,1.0,3.0,False
uefa.champions,2023-10-24T16:45:00Z,Internazionale,RB Salzburg,2.0,1.0,False
uefa.champions,2023-10-24T19:00:00Z,1. FC Union Berlin,Napoli,0.0,1.0,False
uefa.champions,2023-10-24T19:00:00Z,Benfica,Real Sociedad,0.0,1.0,False
uefa.champions,2023-10-24T19:00:00Z,Braga,Real Madrid,1.0,2.0,False
uefa.champions,2023-10-24T19:00:00Z,Lens,PSV Eindhoven,1.0,1.0,False
uefa.champions,2023-10-24T19:00:00Z,Manchester United,F.C. København,1.0,0.0,False
uefa.champions,2023-10-24T19:00:00Z,Sevilla,Arsenal,1.0,2.0,False
uefa.champions,2023-10-25T16:45:00Z,Barcelona,Shakhtar Donetsk,2.0,1.0,False
uefa.champions,2023-10-25T16:45:00Z,Feyenoord Rotterdam,Lazio,3.0,1.0,False
uefa.champions,2023-10-25T19:00:00Z,Antwerp,FC Porto,1.0,4.0,False
uefa.champions,2023-10-25T19:00:00Z,Celtic,Atlético Madrid,2.0,2.0,False
uefa.champions,2023-10-25T19:00:00Z,Newcastle United,Borussia Dortmund,0.0,1.0,False
uefa.champions,2023-10-25T19:00:00Z,Paris Saint-Germain,AC Milan,3.0,0.0,False
uefa.champions,2023-10-25T19:00:00Z,RB Leipzig,Red Star Belgrade,3.0,1.0,False
uefa.champions,2023-10-25T19:00:00Z,Young Boys,Manchester City,1.0,3.0,False
uefa.europa,2023-10-26T16:45:00Z,Aris Limassol,Real Betis,0.0,1.0,False
uefa.europa,2023-10-26T16:45:00Z,FK TSC,SC Freiburg,1.0,3.0,False
uefa.europa,2023-10-26T16:45:00Z,Marseille,AEK Athens,3.0,1.0,False
uefa.europa,2023-10-26T16:45:00Z,Molde,BK Häcken,5.0,1.0,False
uefa.europa,2023-10-26T16:45:00Z,Olympiacos,West Ham United,2.0,1.0,False
uefa.europa,2023-10-26T16:45:00Z,Raków Czestochowa,Sporting CP,1.0,1.0,False
uefa.europa,2023-10-26T16:45:00Z,SK Sturm Graz,Atalanta,2.0,2.0,False
uefa.europa,2023-10-26T16:45:00Z,Sparta Prague,Rangers,0.0,0.0,False
uefa.europa.conf,2023-10-26T16:45:00Z,AZ Alkmaar,Aston Villa,1.0,4.0,False
uefa.europa.conf,2023-10-26T16:45:00Z,Ballkani,FC Astana,1.0,2.0,False
uefa.europa.conf,2023-10-26T16:45:00Z,FC Lugano,Club Brugge,1.0,3.0,False
uefa.europa.conf,2023-10-26T16:45:00Z,Fenerbahce,Ludogorets Razgrad,3.0,1.0,False
uefa.europa.conf,2023-10-26T16:45:00Z,KAA Gent,Breidablik,5.0,0.0,False
uefa.europa.conf,2023-10-26T16:45:00Z,KI Klaksvik,Olimpija Ljubljana,3.0,0.0,False
uefa.europa.conf,2023-10-26T16:45:00Z,Lille,Slovan Bratislava,2.0,1.0,False
uefa.europa,2023-10-26T19:00:00Z,AS Roma,Slavia Prague,2.0,0.0,False
uefa.europa,2023-10-26T19:00:00Z,Bayer Leverkusen,FK Qarabag,5.0,1.0,False
uefa.europa,2023-10-26T19:00:00Z,Brighton & Hove Albion,Ajax Amsterdam,2.0,0.0,False
uefa.europa,2023-10-26T19:00:00Z,Liverpool,Toulouse,5.0,1.0,False
uefa.europa,2023-10-26T19:00:00Z,Panathinaikos,Stade Rennais,1.0,2.0,False
uefa.europa,2023-10-26T19:00:00Z,Sheriff Tiraspol,Servette,1.0,1.0,False
uefa.europa,2023-10-26T19:00:00Z,Union St.-Gilloise,LASK Linz,2.0,1.0,False
uefa.europa.conf,2023-10-26T19:00:00Z,Aberdeen,PAOK,2.0,3.0,False
uefa.europa.conf,2023-10-26T19:00:00Z,Bodo/Glimt,Besiktas,3.0,1.0,False
uefa.europa.conf,2023-10-26T19:00:00Z,Dinamo Zagreb,Viktoria Plzen,0.0,1.0,False
uefa.europa.conf,2023-10-26T19:00:00Z,Eintracht Frankfurt,HJK Helsinki,6.0,0.0,False
uefa.europa.conf,2023-10-26T19:00:00Z,FC Spartak Trnava,FC Nordsjælland,0.0,2.0,False
uefa.europa.conf,2023-10-26T19:00:00Z,Fiorentina,Cukaricki Belgrade,6.0,0.0,False
uefa.europa.conf,2023-10-26T19:00:00Z,Racing Genk,Ferencvaros,0.0,0.0,False
uefa.europa.conf,2023-10-26T19:00:00Z,Zrinjski Mostar,Legia Warsaw,1.0,2.0,False
uefa.champions,2023-11-07T17:45:00Z,Borussia Dortmund,Newcastle United,2.0,0.0,False
uefa.champions,2023-11-07T17:45:00Z,Shakhtar Donetsk,Barcelona,1.0,0.0,False
uefa.champions,2023-11-07T20:00:00Z,AC Milan,Paris Saint-Germain,2.0,1.0,False
uefa.champions,2023-11-07T20:00:00Z,Atlético Madrid,Celtic,6.0,0.0,False
uefa.champions,2023-11-07T20:00:00Z,FC Porto,Antwerp,2.0,0.0,False
uefa.champions,2023-11-07T20:00:00Z,Lazio,Feyenoord Rotterdam,1.0,0.0,False
uefa.champions,2023-11-07T20:00:00Z,Manchester City,Young Boys,3.0,0.0,False
uefa.champions,2023-11-07T20:00:00Z,Red Star Belgrade,RB Leipzig,1.0,2.0,False
uefa.champions,2023-11-08T17:45:00Z,Napoli,1. FC Union Berlin,1.0,1.0,False
uefa.champions,2023-11-08T17:45:00Z,Real Sociedad,Benfica,3.0,1.0,False
uefa.champions,2023-11-08T20:00:00Z,Arsenal,Sevilla,2.0,0.0,False
uefa.champions,2023-11-08T20:00:00Z,Bayern Munich,Galatasaray,2.0,1.0,False
uefa.champions,2023-11-08T20:00:00Z,F.C. København,Manchester United,4.0,3.0,False
uefa.champions,2023-11-08T20:00:00Z,PSV Eindhoven,Lens,1.0,0.0,False
uefa.champions,2023-11-08T20:00:00Z,RB Salzburg,Internazionale,0.0,1.0,False
uefa.champions,2023-11-08T20:00:00Z,Real Madrid,Braga,3.0,0.0,False
uefa.europa.conf,2023-11-09T15:30:00Z,FC Astana,Ballkani,0.0,0.0,False
uefa.europa,2023-11-09T17:45:00Z,Ajax Amsterdam,Brighton & Hove Albion,0.0,2.0,False
uefa.europa,2023-11-09T17:45:00Z,FK Qarabag,Bayer Leverkusen,0.0,1.0,False
uefa.europa,2023-11-09T17:45:00Z,LASK Linz,Union St.-Gilloise,3.0,0.0,False
uefa.europa,2023-11-09T17:45:00Z,Maccabi Haifa,Villarreal,1.0,2.0,False
uefa.europa,2023-11-09T17:45:00Z,Servette,Sheriff Tiraspol,2.0,1.0,False
uefa.europa,2023-11-09T17:45:00Z,Slavia Prague,AS Roma,2.0,0.0,False
uefa.europa,2023-11-09T17:45:00Z,Stade Rennais,Panathinaikos,3.0,1.0,False
uefa.europa,2023-11-09T17:45:00Z,Toulouse,Liverpool,3.0,2.0,False
uefa.europa.conf,2023-11-09T17:45:00Z,Besiktas,Bodo/Glimt,1.0,2.0,False
uefa.europa.conf,2023-11-09T17:45:00Z,Cukaricki Belgrade,Fiorentina,0.0,1.0,False
uefa.europa.conf,2023-11-09T17:45:00Z,FC Nordsjælland,FC Spartak Trnava,1.0,1.0,False
uefa.europa.conf,2023-11-09T17:45:00Z,Ferencvaros,Racing Genk,1.0,1.0,False
uefa.europa.conf,2023-11-09T17:45:00Z,HJK Helsinki,Eintracht Frankfurt,0.0,1.0,False
uefa.europa.conf,2023-11-09T17:45:00Z,Legia Warsaw,Zrinjski Mostar,2.0,0.0,False
uefa.europa.conf,2023-11-09T17:45:00Z,PAOK,Aberdeen,2.0,2.0,False
uefa.europa.conf,2023-11-09T17:45:00Z,Viktoria Plzen,Dinamo Zagreb,1.0,0.0,False
uefa.europa,2023-11-09T20:00:00Z,AEK Athens,Marseille,0.0,2.0,False
uefa.europa,2023-11-09T20:00:00Z,Atalanta,SK Sturm Graz,1.0,0.0,False
uefa.europa,2023-11-09T20:00:00Z,BK Häcken,Molde,1.0,3.0,False
uefa.europa,2023-11-09T20:00:00Z,Rangers,Sparta Prague,2.0,1.0,False
uefa.europa,2023-11-09T20:00:00Z,Real Betis,Aris Limassol,4.0,1.0,False
uefa.europa,2023-11-09T20:00:00Z,SC Freiburg,FK TSC,5.0,0.0,False
uefa.europa,2023-11-09T20:00:00Z,Sporting CP,Raków Czestochowa,2.0,1.0,False
uefa.europa,2023-11-09T20:00:00Z,West Ham United,Olympiacos,1.0,0.0,False
uefa.europa.conf,2023-11-09T20:00:00Z,Aston Villa,AZ Alkmaar,2.0,1.0,False
uefa.europa.conf,2023-11-09T20:00:00Z,Breidablik,KAA Gent,2.0,3.0,False
uefa.europa.conf,2023-11-09T20:00:00Z,Club Brugge,FC Lugano,2.0,0.0,False
uefa.europa.conf,2023-11-09T20:00:00Z,FC Zorya Luhansk,Maccabi Tel-Aviv,1.0,3.0,False
uefa.europa.conf,2023-11-09T20:00:00Z,Ludogorets Razgrad,Fenerbahce,2.0,0.0,False
uefa.europa.conf,2023-11-09T20:00:00Z,Olimpija Ljubljana,KI Klaksvik,2.0,0.0,False
uefa.europa.conf,2023-11-09T20:00:00Z,Slovan Bratislava,Lille,1.0,1.0,False
caf.champions,2023-11-24T16:00:00Z,Pyramids FC,TP Mazembe,1.0,0.0,False
caf.champions,2023-11-24T19:00:00Z,CR Belouizdad,Young Africans,3.0,0.0,False
caf.champions,2023-11-25T13:00:00Z,Simba SC,ASEC Mimosas,1.0,1.0,False
uefa.europa.conf,2023-11-25T15:30:00Z,Maccabi Tel-Aviv,FC Zorya Luhansk,3.0,2.0,False
caf.champions,2023-11-25T16:00:00Z,Esperance Sportive de Tunis,Etoile Sahel,2.0,0.0,False
caf.champions,2023-11-25T16:00:00Z,Petro de Luanda,Al Hilal Omdurman,1.0,0.0,False
caf.champions,2023-11-25T19:00:00Z,Al Ahly,Medeama,3.0,0.0,False
caf.champions,2023-11-25T19:00:00Z,Wydad AC,Jwaneng Galaxy,0.0,1.0,False
caf.champions,2023-11-26T13:00:00Z,Mamelodi Sundowns,FC Nouadhibou,3.0,0.0,False
caf.confed,2023-11-26T13:00:00Z,Club Africain,Dreams F.C.,2.0,0.0,False
caf.confed,2023-11-26T13:00:00Z,Future FC,SuperSport United,1.0,0.0,False
caf.confed,2023-11-26T16:00:00Z,Diables Noirs,Stade Malien,1.0,3.0,False
caf.confed,2023-11-26T16:00:00Z,Rivers United FC,Académica do Lobito,3.0,0.0,False
caf.confed,2023-11-26T16:00:00Z,Sagrada Esperança,Académie SOAR,2.0,0.0,False
caf.confed,2023-11-26T16:00:00Z,Zamalek,Abu Salim SC,1.0,0.0,False
caf.confed,2023-11-26T19:00:00Z,RSB Berkane,Sekhukhune United FC,2.0,0.0,False
caf.confed,2023-11-26T19:00:00Z,USM Alger,Al Hilal Benghazi,2.0,0.0,False
uefa.champions,2023-11-28T17:45:00Z,Lazio,Celtic,2.0,0.0,False
uefa.champions,2023-11-28T17:45:00Z,Shakhtar Donetsk,Antwerp,1.0,0.0,False
uefa.champions,2023-11-28T20:00:00Z,AC Milan,Borussia Dortmund,1.0,3.0,False
uefa.champions,2023-11-28T20:00:00Z,Barcelona,FC Porto,2.0,1.0,False
uefa.champions,2023-11-28T20:00:00Z,Feyenoord Rotterdam,Atlético Madrid,1.0,3.0,False
uefa.champions,2023-11-28T20:00:00Z,Manchester City,RB Leipzig,3.0,2.0,False
uefa.champions,2023-11-28T20:00:00Z,Paris Saint-Germain,Newcastle United,1.0,1.0,False
uefa.champions,2023-11-28T20:00:00Z,Young Boys,Red Star Belgrade,2.0,0.0,False
uefa.champions,2023-11-29T17:45:00Z,Galatasaray,Manchester United,3.0,3.0,False
uefa.champions,2023-11-29T17:45:00Z,Sevilla,PSV Eindhoven,2.0,3.0,False
uefa.champions,2023-11-29T20:00:00Z,Arsenal,Lens,6.0,0.0,False
uefa.champions,2023-11-29T20:00:00Z,Bayern Munich,F.C. København,0.0,0.0,False
uefa.champions,2023-11-29T20:00:00Z,Benfica,Internazionale,3.0,3.0,False
uefa.champions,2023-11-29T20:00:00Z,Braga,1. FC Union Berlin,1.0,1.0,False
uefa.champions,2023-11-29T20:00:00Z,Real Madrid,Napoli,4.0,2.0,False
uefa.champions,2023-11-29T20:00:00Z,Real Sociedad,RB Salzburg,0.0,0.0,False
uefa.europa.conf,2023-11-30T13:00:00Z,Breidablik,Maccabi Tel-Aviv,1.0,2.0,False
uefa.europa.conf,2023-11-30T15:30:00Z,FC Astana,Dinamo Zagreb,0.0,2.0,False
uefa.europa,2023-11-30T17:45:00Z,AEK Athens,Brighton & Hove Albion,0.0,1.0,False
uefa.europa,2023-11-30T17:45:00Z,Atalanta,Sporting CP,1.0,1.0,False
uefa.europa,2023-11-30T17:45:00Z,FK TSC,West Ham United,0.0,1.0,False
uefa.europa,2023-11-30T17:45:00Z,Maccabi Haifa,Stade Rennais,0.0,3.0,False
uefa.europa,2023-11-30T17:45:00Z,SC Freiburg,Olympiacos,5.0,0.0,False
uefa.europa,2023-11-30T17:45:00Z,SK Sturm Graz,Raków Czestochowa,0.0,1.0,False
uefa.europa,2023-11-30T17:45:00Z,Sparta Prague,Real Betis,1.0,0.0,False
uefa.europa.conf,2023-11-30T17:45:00Z,AZ Alkmaar,Zrinjski Mostar,1.0,0.0,False
uefa.europa.conf,2023-11-30T17:45:00Z,Ballkani,Viktoria Plzen,0.0,1.0,False
uefa.europa.conf,2023-11-30T17:45:00Z,Besiktas,Club Brugge,0.0,5.0,False
uefa.europa.conf,2023-11-30T17:45:00Z,Bodo/Glimt,FC Lugano,5.0,2.0,False
uefa.europa.conf,2023-11-30T17:45:00Z,HJK Helsinki,Aberdeen,2.0,2.0,False
uefa.europa.conf,2023-11-30T17:45:00Z,KAA Gent,FC Zorya Luhansk,4.0,1.0,False
uefa.europa.conf,2023-11-30T17:45:00Z,KI Klaksvik,Slovan Bratislava,1.0,2.0,False
uefa.europa.conf,2023-11-30T17:45:00Z,Olimpija Ljubljana,Lille,0.0,2.0,False
uefa.europa,2023-11-30T20:00:00Z,BK Häcken,Bayer Leverkusen,0.0,2.0,False
uefa.europa,2023-11-30T20:00:00Z,Liverpool,LASK Linz,4.0,0.0,False
uefa.europa,2023-11-30T20:00:00Z,Marseille,Ajax Amsterdam,4.0,3.0,False
uefa.europa,2023-11-30T20:00:00Z,Molde,FK Qarabag,2.0,2.0,False
uefa.europa,2023-11-30T20:00:00Z,Rangers,Aris Limassol,1.0,1.0,False
uefa.europa,2023-11-30T20:00:00Z,Servette,AS Roma,1.0,1.0,False
uefa.europa,2023-11-30T20:00:00Z,Sheriff Tiraspol,Slavia Prague,2.0,3.0,False
uefa.europa,2023-11-30T20:00:00Z,Toulouse,Union St.-Gilloise,0.0,0.0,False
uefa.europa,2023-11-30T20:00:00Z,Villarreal,Panathinaikos,3.0,2.0,False
uefa.europa.conf,2023-11-30T20:00:00Z,Aston Villa,Legia Warsaw,2.0,1.0,False
uefa.europa.conf,2023-11-30T20:00:00Z,Cukaricki Belgrade,Ferencvaros,1.0,2.0,False
uefa.europa.conf,2023-11-30T20:00:00Z,Eintracht Frankfurt,PAOK,1.0,2.0,False
uefa.europa.conf,2023-11-30T20:00:00Z,FC Nordsjælland,Fenerbahce,6.0,1.0,False
uefa.europa.conf,2023-11-30T20:00:00Z,FC Spartak Trnava,Ludogorets Razgrad,1.0,2.0,False
uefa.europa.conf,2023-11-30T20:00:00Z,Fiorentina,Racing Genk,2.0,1.0,False
caf.champions,2023-12-01T16:00:00Z,Al Hilal Omdurman,Esperance Sportive de Tunis,3.0,1.0,False
caf.champions,2023-12-01T16:00:00Z,Medeama,CR Belouizdad,2.0,1.0,False
caf.champions,2023-12-02T13:00:00Z,Jwaneng Galaxy,Simba SC,0.0,0.0,False
caf.champions,2023-12-02T13:00:00Z,TP Mazembe,Mamelodi Sundowns,1.0,0.0,False
caf.champions,2023-12-02T16:00:00Z,FC Nouadhibou,Pyramids FC,2.0,0.0,False
caf.champions,2023-12-02T16:00:00Z,Young Africans,Al Ahly,1.0,1.0,False
caf.champions,2023-12-02T19:00:00Z,ASEC Mimosas,Wydad AC,1.0,0.0,False
caf.champions,2023-12-02T19:00:00Z,Etoile Sahel,Petro de Luanda,0.0,2.0,False
caf.confed,2023-12-03T13:00:00Z,Abu Salim SC,Sagrada Esperança,1.0,0.0,False
caf.confed,2023-12-03T13:00:00Z,SuperSport United,USM Alger,0.0,2.0,False
caf.confed,2023-12-03T16:00:00Z,Académica do Lobito,Club Africain,1.0,3.0,False
caf.confed,2023-12-03T16:00:00Z,Al Hilal Benghazi,Future FC,1.0,2.0,False
caf.confed,2023-12-03T16:00:00Z,Dreams F.C.,Rivers United FC,2.0,1.0,False
caf.confed,2023-12-03T16:00:00Z,Stade Malien,RSB Berkane,1.0,2.0,False
caf.confed,2023-12-03T19:00:00Z,Académie SOAR,Zamalek,0.0,4.0,False
caf.confed,2023-12-03T19:00:00Z,Sekhukhune United FC,Diables Noirs,2.0,1.0,False
uefa.europa,2023-12-06T20:00:00Z,Villarreal,Maccabi Haifa,0.0,0.0,False
caf.champions,2023-12-08T16:00:00Z,Al Ahly,CR Belouizdad,0.0,0.0,False
caf.champions,2023-12-08T16:00:00Z,Medeama,Young Africans,1.0,1.0,False
caf.champions,2023-12-08T19:00:00Z,Etoile Sahel,Al Hilal Omdurman,1.0,0.0,False
caf.champions,2023-12-09T13:00:00Z,Jwaneng Galaxy,ASEC Mimosas,0.0,2.0,False
caf.champions,2023-12-09T16:00:00Z,FC Nouadhibou,TP Mazembe,0.0,0.0,False
caf.confed,2023-12-09T16:00:00Z,Zamalek,Sagrada Esperança,1.0,0.0,False
caf.champions,2023-12-09T19:00:00Z,Esperance Sportive de Tunis,Petro de Luanda,0.0,0.0,False
caf.champions,2023-12-09T19:00:00Z,Wydad AC,Simba SC,1.0,0.0,False
caf.champions,2023-12-10T13:00:00Z,Mamelodi Sundowns,Pyramids FC,0.0,0.0,False
caf.confed,2023-12-10T13:00:00Z,Abu Salim SC,Académie SOAR,1.0,0.0,False
caf.confed,2023-12-10T15:00:00Z,Rivers United FC,Club Africain,1.0,0.0,False
caf.confed,2023-12-10T16:00:00Z,Académica do Lobito,Dreams F.C.,2.0,3.0,False
caf.confed,2023-12-10T16:00:00Z,Al Hilal Benghazi,SuperSport United,2.0,1.0,False
caf.confed,2023-12-10T19:00:00Z,RSB Berkane,Diables Noirs,2.0,0.0,False
caf.confed,2023-12-10T19:00:00Z,Sekhukhune United FC,Stade Malien,0.0,0.0,False
caf.confed,2023-12-10T19:00:00Z,USM Alger,Future FC,1.0,0.0,False
uefa.champions,2023-12-12T17:45:00Z,Lens,Sevilla,2.0,1.0,False
uefa.champions,2023-12-12T17:45:00Z,PSV Eindhoven,Arsenal,1.0,1.0,False
uefa.champions,2023-12-12T20:00:00Z,1. FC Union Berlin,Real Madrid,2.0,3.0,False
uefa.champions,2023-12-12T20:00:00Z,F.C. København,Galatasaray,1.0,0.0,False
uefa.champions,2023-12-12T20:00:00Z,Internazionale,Real Sociedad,0.0,0.0,False
uefa.champions,2023-12-12T20:00:00Z,Manchester United,Bayern Munich,0.0,1.0,False
uefa.champions,2023-12-12T20:00:00Z,Napoli,Braga,2.0,0.0,False
uefa.champions,2023-12-12T20:00:00Z,RB Salzburg,Benfica,1.0,3.0,False
uefa.champions,2023-12-13T17:45:00Z,RB Leipzig,Young Boys,2.0,1.0,False
uefa.champions,2023-12-13T17:45:00Z,Red Star Belgrade,Manchester City,2.0,3.0,False
uefa.champions,2023-12-13T20:00:00Z,Antwerp,Barcelona,3.0,2.0,False
uefa.champions,2023-12-13T20:00:00Z,Atlético Madrid,Lazio,2.0,0.0,False
uefa.champions,2023-12-13T20:00:00Z,Borussia Dortmund,Paris Saint-Germain,1.0,1.0,False
uefa.champions,2023-12-13T20:00:00Z,Celtic,Feyenoord Rotterdam,2.0,1.0,False
uefa.champions,2023-12-13T20:00:00Z,FC Porto,Shakhtar Donetsk,5.0,3.0,False
uefa.champions,2023-12-13T20:00:00Z,Newcastle United,AC Milan,1.0,2.0,False
uefa.europa,2023-12-14T17:45:00Z,AS Roma,Sheriff Tiraspol,3.0,0.0,False
uefa.europa,2023-12-14T17:45:00Z,Bayer Leverkusen,Molde,5.0,1.0,False
uefa.europa,2023-12-14T17:45:00Z,FK Qarabag,BK Häcken,2.0,1.0,False
uefa.europa,2023-12-14T17:45:00Z,LASK Linz,Toulouse,1.0,2.0,False
uefa.europa,2023-12-14T17:45:00Z,Panathinaikos,Maccabi Haifa,1.0,2.0,False
uefa.europa,2023-12-14T17:45:00Z,Slavia Prague,Servette,4.0,0.0,False
uefa.europa,2023-12-14T17:45:00Z,Stade Rennais,Villarreal,2.0,3.0,False
uefa.europa,2023-12-14T17:45:00Z,Union St.-Gilloise,Liverpool,2.0,1.0,False
uefa.europa.conf,2023-12-14T17:45:00Z,Aberdeen,Eintracht Frankfurt,2.0,0.0,False
uefa.europa.conf,2023-12-14T17:45:00Z,Fenerbahce,FC Spartak Trnava,4.0,0.0,False
uefa.europa.conf,2023-12-14T17:45:00Z,Ferencvaros,Fiorentina,1.0,1.0,False
uefa.europa.conf,2023-12-14T17:45:00Z,Legia Warsaw,AZ Alkmaar,2.0,0.0,False
uefa.europa.conf,2023-12-14T17:45:00Z,Ludogorets Razgrad,FC Nordsjælland,1.0,0.0,False
uefa.europa.conf,2023-12-14T17:45:00Z,PAOK,HJK Helsinki,4.0,2.0,False
uefa.europa.conf,2023-12-14T17:45:00Z,Racing Genk,Cukaricki Belgrade,2.0,0.0,False
uefa.europa.conf,2023-12-14T17:45:00Z,Zrinjski Mostar,Aston Villa,1.0,1.0,False
uefa.europa,2023-12-14T20:00:00Z,Ajax Amsterdam,AEK Athens,3.0,1.0,False
uefa.europa,2023-12-14T20:00:00Z,Aris Limassol,Sparta Prague,1.0,3.0,False
uefa.europa,2023-12-14T20:00:00Z,Brighton & Hove Albion,Marseille,1.0,0.0,False
uefa.europa,2023-12-14T20:00:00Z,Olympiacos,FK TSC,5.0,2.0,False
uefa.europa,2023-12-14T20:00:00Z,Raków Czestochowa,Atalanta,0.0,4.0,False
uefa.europa,2023-12-14T20:00:00Z,Real Betis,Rangers,2.0,3.0,False
uefa.europa,2023-12-14T20:00:00Z,Sporting CP,SK Sturm Graz,3.0,0.0,False
uefa.europa,2023-12-14T20:00:00Z,West Ham United,SC Freiburg,2.0,0.0,False
uefa.europa.conf,2023-12-14T20:00:00Z,Club Brugge,Bodo/Glimt,3.0,1.0,False
uefa.europa.conf,2023-12-14T20:00:00Z,Dinamo Zagreb,Ballkani,3.0,0.0,False
uefa.europa.conf,2023-12-14T20:00:00Z,FC Lugano,Besiktas,0.0,2.0,False
uefa.europa.conf,2023-12-14T20:00:00Z,FC Zorya Luhansk,Breidablik,4.0,0.0,False
uefa.europa.conf,2023-12-14T20:00:00Z,Lille,KI Klaksvik,3.0,0.0,False
uefa.europa.conf,2023-12-14T20:00:00Z,Maccabi Tel-Aviv,KAA Gent,3.0,1.0,False
uefa.europa.conf,2023-12-14T20:00:00Z,Slovan Bratislava,Olimpija Ljubljana,1.0,2.0,False
uefa.europa.conf,2023-12-14T20:00:00Z,Viktoria Plzen,FC Astana,3.0,0.0,False
caf.champions,2023-12-19T13:00:00Z,Simba SC,Wydad AC,2.0,0.0,False
caf.champions,2023-12-19T13:00:00Z,TP Mazembe,FC Nouadhibou,2.0,0.0,False
caf.champions,2023-12-19T16:00:00Z,ASEC Mimosas,Jwaneng Galaxy,3.0,0.0,False
caf.champions,2023-12-19T16:00:00Z,Petro de Luanda,Esperance Sportive de Tunis,0.0,0.0,False
caf.champions,2023-12-19T16:00:00Z,Pyramids FC,Mamelodi Sundowns,0.0,1.0,False
caf.champions,2023-12-19T19:00:00Z,Al Hilal Omdurman,Etoile Sahel,1.0,1.0,False
caf.champions,2023-12-20T13:00:00Z,Young Africans,Medeama,3.0,0.0,False
caf.confed,2023-12-20T13:00:00Z,Diables Noirs,RSB Berkane,1.0,1.0,False
caf.confed,2023-12-20T16:00:00Z,Dreams F.C.,Académica do Lobito,4.0,0.0,False
caf.confed,2023-12-20T16:00:00Z,Future FC,USM Alger,0.0,0.0,False
caf.confed,2023-12-20T16:00:00Z,Sagrada Esperança,Zamalek,0.0,0.0,False
caf.confed,2023-12-20T16:00:00Z,Stade Malien,Sekhukhune United FC,1.0,0.0,False
caf.confed,2023-12-20T19:00:00Z,Académie SOAR,Abu Salim SC,0.0,2.0,False
caf.confed,2023-12-20T19:00:00Z,Club Africain,Rivers United FC,3.0,0.0,False
caf.confed,2023-12-20T19:00:00Z,SuperSport United,Al Hilal Benghazi,2.0,1.0,False
concacaf.champions,2024-02-07T01:00:00Z,Comunicaciones,Monterrey,1.0,4.0,False
concacaf.champions,2024-02-07T03:00:00Z,Real Estelí,América,2.0,1.0,False
concacaf.champions,2024-02-07T23:00:00Z,Herediano,Toluca,1.0,2.0,False
concacaf.champions,2024-02-08T01:00:00Z,Forge FC,Guadalajara,1.0,3.0,False
concacaf.champions,2024-02-08T03:00:00Z,Vancouver Whitecaps,Tigres UANL,1.0,1.0,False
uefa.champions,2024-02-13T20:00:00Z,F.C. København,Manchester City,1.0,3.0,False
uefa.champions,2024-02-13T20:00:00Z,RB Leipzig,Real Madrid,0.0,1.0,False
concacaf.champions,2024-02-14T03:00:00Z,Guadalajara,Forge FC,2.0,1.0,False
uefa.champions,2024-02-14T20:00:00Z,Lazio,Bayern Munich,1.0,0.0,False
uefa.champions,2024-02-14T20:00:00Z,Paris Saint-Germain,Real Sociedad,2.0,0.0,False
concacaf.champions,2024-02-15T01:00:00Z,Tigres UANL,Vancouver Whitecaps,3.0,0.0,False
concacaf.champions,2024-02-15T03:15:00Z,América,Real Estelí,2.0,0.0,False
uefa.europa,2024-02-15T17:45:00Z,Feyenoord Rotterdam,AS Roma,1.0,1.0,False
uefa.europa,2024-02-15T17:45:00Z,Galatasaray,Sparta Prague,3.0,2.0,False
uefa.europa,2024-02-15T17:45:00Z,Shakhtar Donetsk,Marseille,2.0,2.0,False
uefa.europa,2024-02-15T17:45:00Z,Young Boys,Sporting CP,1.0,3.0,False
uefa.europa.conf,2024-02-15T17:45:00Z,Molde,Legia Warsaw,3.0,2.0,False
uefa.europa.conf,2024-02-15T17:45:00Z,Olympiacos,Ferencvaros,1.0,0.0,False
uefa.europa.conf,2024-02-15T17:45:00Z,SK Sturm Graz,Slovan Bratislava,4.0,1.0,False
uefa.europa.conf,2024-02-15T17:45:00Z,Union St.-Gilloise,Eintracht Frankfurt,2.0,2.0,False
uefa.europa,2024-02-15T20:00:00Z,AC Milan,Stade Rennais,3.0,0.0,False
uefa.europa,2024-02-15T20:00:00Z,Benfica,Toulouse,2.0,1.0,False
uefa.europa,2024-02-15T20:00:00Z,Braga,FK Qarabag,2.0,4.0,False
uefa.europa,2024-02-15T20:00:00Z,Lens,SC Freiburg,0.0,0.0,False
uefa.europa.conf,2024-02-15T20:00:00Z,Ajax Amsterdam,Bodo/Glimt,2.0,2.0,False
uefa.europa.conf,2024-02-15T20:00:00Z,Maccabi Haifa,KAA Gent,1.0,0.0,False
uefa.europa.conf,2024-02-15T20:00:00Z,Real Betis,Dinamo Zagreb,0.0,1.0,False
uefa.europa.conf,2024-02-15T20:00:00Z,Servette,Ludogorets Razgrad,0.0,0.0,False
concacaf.champions,2024-02-16T01:00:00Z,Toluca,Herediano,2.0,3.0,False
concacaf.champions,2024-02-16T03:15:00Z,Monterrey,Comunicaciones,3.0,0.0,False
caf.champions,2024-02-16T19:00:00Z,CR Belouizdad,Al Ahly,0.0,0.0,False
uefa.champions,2024-02-20T20:00:00Z,Internazionale,Atlético Madrid,1.0,0.0,False
uefa.champions,2024-02-20T20:00:00Z,PSV Eindhoven,Borussia Dortmund,1.0,1.0,False
concacaf.champions,2024-02-21T01:00:00Z,St. Louis CITY SC,Houston Dynamo FC,2.0,1.0,False
concacaf.champions,2024-02-21T03:00:00Z,Saprissa,Philadelphia Union,2.0,3.0,False
uefa.europa.conf,2024-02-21T17:00:00Z,KAA Gent,Maccabi Haifa,1.0,1.0,False
uefa.champions,2024-02-21T20:00:00Z,FC Porto,Arsenal,1.0,0.0,False
uefa.champions,2024-02-21T20:00:00Z,Napoli,Barcelona,1.0,1.0,False
concacaf.champions,2024-02-22T01:00:00Z,Independiente de la Chorrera,New England Revolution,0.0,1.0,False
concacaf.champions,2024-02-22T03:00:00Z,Cavalry FC,Orlando City SC,0.0,3.0,False
uefa.europa,2024-02-22T17:45:00Z,FK Qarabag,Braga,2.0,3.0,False
uefa.europa,2024-02-22T17:45:00Z,SC Freiburg,Lens,3.0,2.0,False
uefa.europa,2024-02-22T17:45:00Z,Stade Rennais,AC Milan,3.0,2.0,False
uefa.europa,2024-02-22T17:45:00Z,Toulouse,Benfica,0.0,0.0,False
uefa.europa.conf,2024-02-22T17:45:00Z,Bodo/Glimt,Ajax Amsterdam,1.0,2.0,False
uefa.europa.conf,2024-02-22T17:45:00Z,Dinamo Zagreb,Real Betis,1.0,1.0,False
uefa.europa.conf,2024-02-22T17:45:00Z,Ludogorets Razgrad,Servette,0.0,1.0,False
uefa.europa,2024-02-22T20:00:00Z,AS Roma,Feyenoord Rotterdam,1.0,1.0,False
uefa.europa,2024-02-22T20:00:00Z,Marseille,Shakhtar Donetsk,3.0,1.0,False
uefa.europa,2024-02-22T20:00:00Z,Sparta Prague,Galatasaray,4.0,1.0,False
uefa.europa,2024-02-22T20:00:00Z,Sporting CP,Young Boys,1.0,1.0,False
uefa.europa.conf,2024-02-22T20:00:00Z,Eintracht Frankfurt,Union St.-Gilloise,1.0,2.0,False
uefa.europa.conf,2024-02-22T20:00:00Z,Ferencvaros,Olympiacos,0.0,1.0,False
uefa.europa.conf,2024-02-22T20:00:00Z,Legia Warsaw,Molde,0.0,3.0,False
uefa.europa.conf,2024-02-22T20:00:00Z,Slovan Bratislava,SK Sturm Graz,0.0,1.0,False
concacaf.champions,2024-02-23T00:00:00Z,Moca FC,Nashville SC,0.0,3.0,False
concacaf.champions,2024-02-23T02:00:00Z,Cavalier SC,FC Cincinnati,0.0,2.0,False
caf.champions,2024-02-23T16:00:00Z,Al Hilal Omdurman,Petro de Luanda,0.0,0.0,False
caf.champions,2024-02-23T16:00:00Z,Medeama,Al Ahly,0.0,1.0,False
caf.champions,2024-02-23T19:00:00Z,ASEC Mimosas,Simba SC,0.0,0.0,False
caf.champions,2024-02-24T13:00:00Z,Jwaneng Galaxy,Wydad AC,0.0,1.0,False
caf.champions,2024-02-24T13:00:00Z,TP Mazembe,Pyramids FC,3.0,0.0,False
caf.champions,2024-02-24T16:00:00Z,FC Nouadhibou,Mamelodi Sundowns,0.0,2.0,False
caf.champions,2024-02-24T16:00:00Z,Young Africans,CR Belouizdad,4.0,0.0,False
caf.champions,2024-02-24T19:00:00Z,Etoile Sahel,Esperance Sportive de Tunis,0.0,2.0,False
caf.confed,2024-02-25T13:00:00Z,SuperSport United,Future FC,1.0,1.0,False
caf.confed,2024-02-25T16:00:00Z,Abu Salim SC,Zamalek,1.0,2.0,False
caf.confed,2024-02-25T16:00:00Z,Académica do Lobito,Rivers United FC,2.0,3.0,False
caf.confed,2024-02-25T16:00:00Z,Al Hilal Benghazi,USM Alger,2.0,1.0,False
caf.confed,2024-02-25T16:00:00Z,Dreams F.C.,Club Africain,1.0,0.0,False
caf.confed,2024-02-25T16:00:00Z,Stade Malien,Diables Noirs,1.0,0.0,False
caf.confed,2024-02-25T19:00:00Z,Académie SOAR,Sagrada Esperança,0.0,0.0,False
caf.confed,2024-02-25T19:00:00Z,Sekhukhune United FC,RSB Berkane,0.0,0.0,False
concacaf.champions,2024-02-27T23:00:00Z,Orlando City SC,Cavalry FC,3.0,1.0,False
concacaf.champions,2024-02-28T01:15:00Z,Philadelphia Union,Saprissa,3.0,3.0,False
concacaf.champions,2024-02-28T03:30:00Z,Houston Dynamo FC,St. Louis CITY SC,1.0,0.0,False
concacaf.champions,2024-02-29T00:00:00Z,FC Cincinnati,Cavalier SC,4.0,0.0,False
concacaf.champions,2024-02-29T02:15:00Z,Nashville SC,Moca FC,4.0,0.0,False
concacaf.champions,2024-03-01T01:15:00Z,New England Revolution,Independiente de la Chorrera,3.0,0.0,False
caf.champions,2024-03-01T16:00:00Z,Al Ahly,Young Africans,1.0,0.0,False
caf.champions,2024-03-01T16:00:00Z,CR Belouizdad,Medeama,3.0,0.0,False
caf.champions,2024-03-02T13:00:00Z,Mamelodi Sundowns,TP Mazembe,1.0,0.0,False
caf.champions,2024-03-02T13:00:00Z,Pyramids FC,FC Nouadhibou,2.0,2.0,False
caf.champions,2024-03-02T16:00:00Z,Simba SC,Jwaneng Galaxy,6.0,0.0,False
caf.champions,2024-03-02T16:00:00Z,Wydad AC,ASEC Mimosas,1.0,0.0,False
caf.champions,2024-03-02T19:00:00Z,Esperance Sportive de Tunis,Al Hilal Omdurman,1.0,0.0,False
caf.champions,2024-03-02T19:00:00Z,Petro de Luanda,Etoile Sahel,2.0,0.0,False
caf.confed,2024-03-03T13:00:00Z,Diables Noirs,Sekhukhune United FC,0.0,0.0,False
caf.confed,2024-03-03T16:00:00Z,Club Africain,Académica do Lobito,1.0,1.0,False
caf.confed,2024-03-03T16:00:00Z,Future FC,Al Hilal Benghazi,5.0,0.0,False
caf.confed,2024-03-03T16:00:00Z,Rivers United FC,Dreams F.C.,2.0,1.0,False
caf.confed,2024-03-03T16:00:00Z,USM Alger,SuperSport United,2.0,1.0,False
caf.confed,2024-03-03T19:00:00Z,RSB Berkane,Stade Malien,3.0,0.0,False
caf.confed,2024-03-03T19:00:00Z,Sagrada Esperança,Abu Salim SC,3.0,0.0,False
caf.confed,2024-03-03T19:00:00Z,Zamalek,Académie SOAR,3.0,0.0,False
uefa.champions,2024-03-05T20:00:00Z,Bayern Munich,Lazio,3.0,0.0,False
uefa.champions,2024-03-05T20:00:00Z,Real Sociedad,Paris Saint-Germain,1.0,2.0,False
concacaf.champions,2024-03-05T22:00:00Z,Herediano,Robinhood,2.0,0.0,False
concacaf.champions,2024-03-06T00:00:00Z,Philadelphia Union,Pachuca,0.0,0.0,False
concacaf.champions,2024-03-06T02:00:00Z,Orlando City SC,Tigres UANL,0.0,0.0,False
uefa.europa,2024-03-06T17:45:00Z,Sporting CP,Atalanta,1.0,1.0,False
uefa.champions,2024-03-06T20:00:00Z,Manchester City,F.C. København,3.0,1.0,False
uefa.champions,2024-03-06T20:00:00Z,Real Madrid,RB Leipzig,1.0,1.0,False
concacaf.champions,2024-03-06T23:00:00Z,New England Revolution,Alajuelense,4.0,0.0,False
concacaf.champions,2024-03-07T01:00:00Z,Houston Dynamo FC,Columbus Crew,0.0,1.0,False
concacaf.champions,2024-03-07T03:00:00Z,Guadalajara,América,0.0,3.0,False
uefa.europa,2024-03-07T17:45:00Z,AS Roma,Brighton & Hove Albion,4.0,0.0,False
uefa.europa,2024-03-07T17:45:00Z,FK Qarabag,Bayer Leverkusen,2.0,2.0,False
uefa.europa,2024-03-07T17:45:00Z,Sparta Prague,Liverpool,1.0,5.0,False
uefa.europa.conf,2024-03-07T17:45:00Z,Ajax Amsterdam,Aston Villa,0.0,0.0,False
uefa.europa.conf,2024-03-07T17:45:00Z,Molde,Club Brugge,2.0,1.0,False
uefa.europa.conf,2024-03-07T17:45:00Z,Olympiacos,Maccabi Tel-Aviv,1.0,4.0,False
uefa.europa.conf,2024-03-07T17:45:00Z,SK Sturm Graz,Lille,0.0,3.0,False
uefa.europa,2024-03-07T20:00:00Z,AC Milan,Slavia Prague,4.0,2.0,False
uefa.europa,2024-03-07T20:00:00Z,Benfica,Rangers,2.0,2.0,False
uefa.europa,2024-03-07T20:00:00Z,Marseille,Villarreal,4.0,0.0,False
uefa.europa,2024-03-07T20:00:00Z,SC Freiburg,West Ham United,1.0,0.0,False
uefa.europa.conf,2024-03-07T20:00:00Z,Dinamo Zagreb,PAOK,2.0,0.0,False
uefa.europa.conf,2024-03-07T20:00:00Z,Maccabi Haifa,Fiorentina,3.0,4.0,False
uefa.europa.conf,2024-03-07T20:00:00Z,Servette,Viktoria Plzen,0.0,0.0,False
uefa.europa.conf,2024-03-07T20:00:00Z,Union St.-Gilloise,Fenerbahce,0.0,3.0,False
concacaf.champions,2024-03-08T00:00:00Z,FC Cincinnati,Monterrey,0.0,1.0,False
concacaf.champions,2024-03-08T02:00:00Z,Nashville SC,Inter Miami CF,2.0,2.0,False
uefa.champions,2024-03-12T20:00:00Z,Arsenal,FC Porto,1.0,0.0,False
uefa.champions,2024-03-12T20:00:00Z,Barcelona,Napoli,3.0,1.0,False
concacaf.champions,2024-03-12T22:00:00Z,Columbus Crew,Houston Dynamo FC,1.0,1.0,False
concacaf.champions,2024-03-13T00:15:00Z,Pachuca,Philadelphia Union,6.0,0.0,False
concacaf.champions,2024-03-13T02:30:00Z,Tigres UANL,Orlando City SC,4.0,2.0,False
uefa.champions,2024-03-13T20:00:00Z,Atlético Madrid,Internazionale,2.0,1.0,False
uefa.champions,2024-03-13T20:00:00Z,Borussia Dortmund,PSV Eindhoven,2.0,0.0,False
concacaf.champions,2024-03-13T22:00:00Z,Robinhood,Herediano,1.0,1.0,False
concacaf.champions,2024-03-14T00:15:00Z,Inter Miami CF,Nashville SC,3.0,1.0,False
concacaf.champions,2024-03-14T02:30:00Z,América,Guadalajara,2.0,3.0,False
uefa.europa,2024-03-14T17:45:00Z,Rangers,Benfica,0.0,1.0,False
uefa.europa,2024-03-14T17:45:00Z,Slavia Prague,AC Milan,1.0,3.0,False
uefa.europa,2024-03-14T17:45:00Z,Villarreal,Marseille,3.0,1.0,False
uefa.europa,2024-03-14T17:45:00Z,West Ham United,SC Freiburg,5.0,0.0,False
uefa.europa.conf,2024-03-14T17:45:00Z,Fenerbahce,Union St.-Gilloise,0.0,1.0,False
uefa.europa.conf,2024-03-14T17:45:00Z,Fiorentina,Maccabi Haifa,1.0,1.0,False
uefa.europa.conf,2024-03-14T17:45:00Z,PAOK,Dinamo Zagreb,5.0,1.0,False
uefa.europa.conf,2024-03-14T17:45:00Z,Viktoria Plzen,Servette,0.0,0.0,False
uefa.europa,2024-03-14T20:00:00Z,Atalanta,Sporting CP,2.0,1.0,False
uefa.europa,2024-03-14T20:00:00Z,Bayer Leverkusen,FK Qarabag,3.0,2.0,False
uefa.europa,2024-03-14T20:00:00Z,Brighton & Hove Albion,AS Roma,1.0,0.0,False
uefa.europa,2024-03-14T20:00:00Z,Liverpool,Sparta Prague,6.0,1.0,False
uefa.europa.conf,2024-03-14T20:00:00Z,Aston Villa,Ajax Amsterdam,4.0,0.0,False
uefa.europa.conf,2024-03-14T20:00:00Z,Club Brugge,Molde,3.0,0.0,False
uefa.europa.conf,2024-03-14T20:00:00Z,Lille,SK Sturm Graz,1.0,1.0,False
uefa.europa.conf,2024-03-14T20:00:00Z,Maccabi Tel-Aviv,Olympiacos,1.0,6.0,False
concacaf.champions,2024-03-15T00:00:00Z,Alajuelense,New England Revolution,1.0,1.0,False
concacaf.champions,2024-03-15T02:15:00Z,Monterrey,FC Cincinnati,2.0,1.0,False
caf.champions,2024-03-29T18:00:00Z,Simba SC,Al Ahly,0.0,1.0,False
caf.champions,2024-03-30T13:00:00Z,TP Mazembe,Petro de Luanda,0.0,0.0,False
caf.champions,2024-03-30T18:00:00Z,Young Africans,Mamelodi Sundowns,0.0,0.0,False
caf.champions,2024-03-30T21:00:00Z,Esperance Sportive de Tunis,ASEC Mimosas,0.0,0.0,False
caf.confed,2024-03-31T13:00:00Z,Rivers United FC,USM Alger,1.0,0.0,False
caf.confed,2024-03-31T17:00:00Z,Stade Malien,Dreams F.C.,1.0,2.0,False
caf.confed,2024-03-31T19:00:00Z,Abu Salim SC,RSB Berkane,0.0,0.0,False
caf.confed,2024-03-31T19:00:00Z,Future FC,Zamalek,1.0,2.0,False
concacaf.champions,2024-04-03T01:00:00Z,Columbus Crew,Tigres UANL,1.0,1.0,False
concacaf.champions,2024-04-03T01:00:00Z,New England Revolution,América,0.0,4.0,False
concacaf.champions,2024-04-04T00:00:00Z,Inter Miami CF,Monterrey,1.0,2.0,False
concacaf.champions,2024-04-04T02:00:00Z,Herediano,Pachuca,0.0,5.0,False
caf.champions,2024-04-05T18:00:00Z,Mamelodi Sundowns,Young Africans,0.0,0.0,False
caf.champions,2024-04-05T20:00:00Z,Al Ahly,Simba SC,2.0,0.0,False
caf.champions,2024-04-06T16:00:00Z,Petro de Luanda,TP Mazembe,1.0,2.0,False
caf.champions,2024-04-06T20:00:00Z,ASEC Mimosas,Esperance Sportive de Tunis,0.0,0.0,False
caf.confed,2024-04-07T16:00:00Z,Dreams F.C.,Stade Malien,1.0,1.0,False
caf.confed,2024-04-07T20:00:00Z,Zamalek,Future FC,1.0,1.0,False
caf.confed,2024-04-07T21:00:00Z,USM Alger,Rivers United FC,2.0,0.0,False
caf.confed,2024-04-07T22:00:00Z,RSB Berkane,Abu Salim SC,3.0,2.0,False
uefa.champions,2024-04-09T19:00:00Z,Arsenal,Bayern Munich,2.0,2.0,False
uefa.champions,2024-04-09T19:00:00Z,Real Madrid,Manchester City,3.0,3.0,False
concacaf.champions,2024-04-10T00:45:00Z,Tigres UANL,Columbus Crew,1.0,1.0,False
concacaf.champions,2024-04-10T02:30:00Z,América,New England Revolution,5.0,2.0,False
uefa.champions,2024-04-10T19:00:00Z,Atlético Madrid,Borussia Dortmund,2.0,1.0,False
uefa.champions,2024-04-10T19:00:00Z,Paris Saint-Germain,Barcelona,2.0,3.0,False
concacaf.champions,2024-04-11T00:15:00Z,Pachuca,Herediano,2.0,1.0,False
concacaf.champions,2024-04-11T02:30:00Z,Monterrey,Inter Miami CF,3.0,1.0,False
uefa.europa.conf,2024-04-11T16:45:00Z,Olympiacos,Fenerbahce,3.0,2.0,False
uefa.europa.conf,2024-04-11T16:45:00Z,Viktoria Plzen,Fiorentina,0.0,0.0,False
uefa.europa,2024-04-11T19:00:00Z,AC Milan,AS Roma,0.0,1.0,False
uefa.europa,2024-04-11T19:00:00Z,Bayer Leverkusen,West Ham United,2.0,0.0,False
uefa.europa,2024-04-11T19:00:00Z,Benfica,Marseille,2.0,1.0,False
uefa.europa,2024-04-11T19:00:00Z,Liverpool,Atalanta,0.0,3.0,False
uefa.europa.conf,2024-04-11T19:00:00Z,Aston Villa,Lille,2.0,1.0,False
uefa.europa.conf,2024-04-11T19:00:00Z,Club Brugge,PAOK,1.0,0.0,False
uefa.champions,2024-04-16T19:00:00Z,Barcelona,Paris Saint-Germain,1.0,4.0,False
uefa.champions,2024-04-16T19:00:00Z,Borussia Dortmund,Atlético Madrid,4.0,2.0,False
uefa.champions,2024-04-17T19:00:00Z,Bayern Munich,Arsenal,1.0,0.0,False
uefa.champions,2024-04-17T19:00:00Z,Manchester City,Real Madrid,1.0,1.0,False
uefa.europa.conf,2024-04-18T16:45:00Z,Fiorentina,Viktoria Plzen,2.0,0.0,False
uefa.europa.conf,2024-04-18T16:45:00Z,Lille,Aston Villa,2.0,1.0,False
uefa.europa,2024-04-18T19:00:00Z,AS Roma,AC Milan,2.0,1.0,False
uefa.europa,2024-04-18T19:00:00Z,Atalanta,Liverpool,0.0,1.0,False
uefa.europa,2024-04-18T19:00:00Z,Marseille,Benfica,1.0,0.0,False
uefa.europa,2024-04-18T19:00:00Z,West Ham United,Bayer Leverkusen,1.0,1.0,False
uefa.europa.conf,2024-04-18T19:00:00Z,Fenerbahce,Olympiacos,1.0,0.0,False
uefa.europa.conf,2024-04-18T19:00:00Z,PAOK,Club Brugge,0.0,2.0,False
caf.champions,2024-04-20T13:00:00Z,TP Mazembe,Al Ahly,0.0,0.0,False
caf.champions,2024-04-20T19:00:00Z,Esperance Sportive de Tunis,Mamelodi Sundowns,1.0,0.0,False
caf.confed,2024-04-21T16:00:00Z,Zamalek,Dreams F.C.,0.0,0.0,False
caf.confed,2024-04-21T19:00:00Z,USM Alger,RSB Berkane,0.0,3.0,False
concacaf.champions,2024-04-24T02:15:00Z,América,Pachuca,1.0,1.0,False
concacaf.champions,2024-04-25T00:15:00Z,Columbus Crew,Monterrey,2.0,1.0,False
caf.champions,2024-04-26T18:00:00Z,Mamelodi Sundowns,Esperance Sportive de Tunis,0.0,1.0,False
caf.champions,2024-04-26T19:00:00Z,Al Ahly,TP Mazembe,3.0,0.0,False
caf.confed,2024-04-28T16:00:00Z,Dreams F.C.,Zamalek,0.0,3.0,False
caf.confed,2024-04-28T19:00:00Z,RSB Berkane,USM Alger,3.0,0.0,False
uefa.champions,2024-04-30T19:00:00Z,Bayern Munich,Real Madrid,2.0,2.0,False
concacaf.champions,2024-05-01T01:15:00Z,Pachuca,América,2.0,1.0,False
uefa.champions,2024-05-01T19:00:00Z,Borussia Dortmund,Paris Saint-Germain,1.0,0.0,False
concacaf.champions,2024-05-02T02:15:00Z,Monterrey,Columbus Crew,1.0,3.0,False
uefa.europa,2024-05-02T19:00:00Z,AS Roma,Bayer Leverkusen,0.0,2.0,False
uefa.europa,2024-05-02T19:00:00Z,Marseille,Atalanta,1.0,1.0,False
uefa.europa.conf,2024-05-02T19:00:00Z,Aston Villa,Olympiacos,2.0,4.0,False
uefa.europa.conf,2024-05-02T19:00:00Z,Fiorentina,Club Brugge,3.0,2.0,False
uefa.champions,2024-05-07T19:00:00Z,Paris Saint-Germain,Borussia Dortmund,0.0,1.0,False
uefa.europa.conf,2024-05-08T16:45:00Z,Club Brugge,Fiorentina,1.0,1.0,False
uefa.champions,2024-05-08T19:00:00Z,Real Madrid,Bayern Munich,2.0,1.0,False
uefa.europa,2024-05-09T19:00:00Z,Atalanta,Marseille,3.0,0.0,False
uefa.europa,2024-05-09T19:00:00Z,Bayer Leverkusen,AS Roma,2.0,2.0,False
uefa.europa.conf,2024-05-09T19:00:00Z,Olympiacos,Aston Villa,2.0,0.0,False
caf.confed,2024-05-12T19:00:00Z,RSB Berkane,Zamalek,2.0,1.0,False
caf.champions,2024-05-18T19:00:00Z,Esperance Sportive de Tunis,Al Ahly,0.0,0.0,False
caf.confed,2024-05-19T17:00:00Z,Zamalek,RSB Berkane,1.0,0.0,False
uefa.europa,2024-05-22T19:00:00Z,Atalanta,Bayer Leverkusen,3.0,0.0,False
caf.champions,2024-05-25T17:00:00Z,Al Ahly,Esperance Sportive de Tunis,1.0,0.0,False
uefa.europa.conf,2024-05-29T19:00:00Z,Olympiacos,Fiorentina,1.0,0.0,False
uefa.champions,2024-06-01T19:00:00Z,Borussia Dortmund,Real Madrid,0.0,2.0,False
concacaf.champions,2024-06-02T01:15:00Z,Pachuca,Columbus Crew,3.0,0.0,False
concacaf.leagues.cup,2024-07-27T00:00:00Z,Atlanta United FC,D.C. United,3.0,3.0,False
concacaf.leagues.cup,2024-07-27T00:00:00Z,Orlando City SC,CF Montréal,4.0,1.0,False
concacaf.leagues.cup,2024-07-27T01:00:00Z,Pumas UNAM,Austin FC,2.0,3.0,False
concacaf.leagues.cup,2024-07-27T02:00:00Z,Seattle Sounders FC,Minnesota United FC,2.0,0.0,False
concacaf.leagues.cup,2024-07-27T03:00:00Z,LAFC,Tijuana,3.0,0.0,False
concacaf.leagues.cup,2024-07-28T00:00:00Z,Houston Dynamo FC,Atlas,0.0,1.0,False
concacaf.leagues.cup,2024-07-28T00:00:00Z,New England Revolution,Mazatlán FC,1.0,0.0,False
concacaf.leagues.cup,2024-07-28T00:00:00Z,Philadelphia Union,Charlotte FC,1.0,0.0,False
concacaf.leagues.cup,2024-07-28T00:00:00Z,Puebla,Inter Miami CF,0.0,2.0,False
concacaf.leagues.cup,2024-07-28T00:00:00Z,Red Bull New York,Toronto FC,0.0,0.0,False
concacaf.leagues.cup,2024-07-28T01:00:00Z,St. Louis CITY SC,FC Dallas,2.0,1.0,False
concacaf.leagues.cup,2024-07-28T02:00:00Z,Guadalajara,San Jose Earthquakes,1.0,1.0,False
concacaf.leagues.cup,2024-07-29T00:00:00Z,New York City FC,Querétaro,0.0,0.0,False
concacaf.leagues.cup,2024-07-29T01:00:00Z,Sporting Kansas City,Chicago Fire FC,2.0,1.0,False
concacaf.leagues.cup,2024-07-29T02:30:00Z,León,Portland Timbers,1.0,2.0,False
concacaf.leagues.cup,2024-07-30T23:00:00Z,Atlético de San Luis,CF Montréal,2.0,3.0,False
concacaf.leagues.cup,2024-07-31T00:00:00Z,Pachuca,Red Bull New York,1.0,1.0,False
concacaf.leagues.cup,2024-07-31T01:00:00Z,Minnesota United FC,Necaxa,1.0,0.0,False
concacaf.leagues.cup,2024-07-31T01:00:00Z,Monterrey,Austin FC,0.0,2.0,False
concacaf.leagues.cup,2024-07-31T02:30:00Z,LAFC,Vancouver Whitecaps,2.0,2.0,False
concacaf.leagues.cup,2024-08-01T00:00:00Z,Charlotte FC,Cruz Azul,0.0,0.0,False
concacaf.leagues.cup,2024-08-01T00:00:00Z,Santos,D.C. United,0.0,3.0,False
concacaf.leagues.cup,2024-08-01T01:00:00Z,FC Dallas,FC Juárez,0.0,2.0,False
concacaf.leagues.cup,2024-08-01T01:00:00Z,Nashville SC,Mazatlán FC,0.0,2.0,False
concacaf.leagues.cup,2024-08-01T01:30:00Z,Tigres UANL,Puebla,2.0,1.0,False
concacaf.leagues.cup,2024-08-01T02:30:00Z,San Jose Earthquakes,LA Galaxy,1.0,2.0,False
concacaf.leagues.cup,2024-08-02T00:00:00Z,FC Cincinnati,Querétaro,1.0,0.0,False
concacaf.leagues.cup,2024-08-02T01:00:00Z,Real Salt Lake,Atlas,2.0,1.0,False
concacaf.leagues.cup,2024-08-02T01:00:00Z,Toluca,Chicago Fire FC,3.0,1.0,False
concacaf.leagues.cup,2024-08-02T02:30:00Z,Portland Timbers,Colorado Rapids,4.0,0.0,False
concacaf.leagues.cup,2024-08-04T00:00:00Z,Tigres UANL,Inter Miami CF,2.0,1.0,False
concacaf.leagues.cup,2024-08-04T02:00:00Z,Monterrey,Pumas UNAM,1.0,1.0,False
concacaf.leagues.cup,2024-08-04T02:00:00Z,Vancouver Whitecaps,Tijuana,3.0,1.0,False
concacaf.leagues.cup,2024-08-04T20:00:00Z,Atlanta United FC,Santos,0.0,0.0,False
concacaf.leagues.cup,2024-08-05T00:00:00Z,Orlando City SC,Atlético de San Luis,1.0,1.0,False
concacaf.leagues.cup,2024-08-05T00:00:00Z,Pachuca,Toronto FC,1.0,2.0,False
concacaf.leagues.cup,2024-08-05T00:00:00Z,Philadelphia Union,Cruz Azul,1.0,1.0,False
concacaf.leagues.cup,2024-08-05T01:00:00Z,St. Louis CITY SC,FC Juárez,1.0,1.0,False
concacaf.leagues.cup,2024-08-05T02:30:00Z,Guadalajara,LA Galaxy,2.0,2.0,False
concacaf.leagues.cup,2024-08-05T02:30:00Z,Seattle Sounders FC,Necaxa,1.0,3.0,False
concacaf.leagues.cup,2024-08-06T00:00:00Z,FC Cincinnati,New York City FC,4.0,2.0,False
concacaf.leagues.cup,2024-08-06T01:00:00Z,Houston Dynamo FC,Real Salt Lake,3.0,0.0,False
concacaf.leagues.cup,2024-08-06T01:00:00Z,León,Colorado Rapids,1.0,1.0,False
concacaf.leagues.cup,2024-08-06T01:00:00Z,Toluca,Sporting Kansas City,2.0,1.0,False
concacaf.leagues.cup,2024-08-06T23:30:00Z,New England Revolution,Nashville SC,1.0,1.0,False
concacaf.leagues.cup,2024-08-08T02:30:00Z,LAFC,Austin FC,2.0,0.0,False
concacaf.leagues.cup,2024-08-08T02:30:00Z,Vancouver Whitecaps,Pumas UNAM,0.0,2.0,False
concacaf.leagues.cup,2024-08-08T23:30:00Z,Inter Miami CF,Toronto FC,4.0,3.0,False
concacaf.leagues.cup,2024-08-09T01:00:00Z,Tigres UANL,Pachuca,1.0,0.0,False
concacaf.leagues.cup,2024-08-09T02:30:00Z,Seattle Sounders FC,LA Galaxy,3.0,1.0,False
concacaf.leagues.cup,2024-08-09T03:00:00Z,San Jose Earthquakes,Necaxa,5.0,0.0,False
concacaf.leagues.cup,2024-08-09T23:30:00Z,Columbus Crew,Sporting Kansas City,4.0,0.0,False
concacaf.leagues.cup,2024-08-09T23:30:00Z,D.C. United,Mazatlán FC,1.0,2.0,False
concacaf.leagues.cup,2024-08-09T23:30:00Z,FC Cincinnati,Santos,1.0,1.0,False
concacaf.leagues.cup,2024-08-09T23:30:00Z,New England Revolution,New York City FC,1.0,1.0,False
concacaf.leagues.cup,2024-08-09T23:30:00Z,Orlando City SC,Cruz Azul,0.0,0.0,False
concacaf.leagues.cup,2024-08-09T23:30:00Z,Philadelphia Union,CF Montréal,2.0,0.0,False
concacaf.leagues.cup,2024-08-10T00:30:00Z,St. Louis CITY SC,Portland Timbers,3.0,1.0,False
concacaf.leagues.cup,2024-08-10T00:30:00Z,Toluca,Houston Dynamo FC,2.0,2.0,False
concacaf.leagues.cup,2024-08-10T01:30:00Z,FC Juárez,Colorado Rapids,2.0,3.0,False
concacaf.leagues.cup,2024-08-10T02:00:00Z,América,Atlas,2.0,1.0,False
concacaf.leagues.cup,2024-08-13T02:30:00Z,Seattle Sounders FC,Pumas UNAM,4.0,0.0,False
concacaf.leagues.cup,2024-08-13T23:30:00Z,Columbus Crew,Inter Miami CF,3.0,2.0,False
concacaf.leagues.cup,2024-08-13T23:30:00Z,FC Cincinnati,Philadelphia Union,2.0,4.0,False
concacaf.leagues.cup,2024-08-14T00:00:00Z,Cruz Azul,Mazatlán FC,2.0,2.0,False
concacaf.leagues.cup,2024-08-14T00:00:00Z,Tigres UANL,New York City FC,1.0,2.0,False
concacaf.leagues.cup,2024-08-14T02:00:00Z,Toluca,Colorado Rapids,1.0,2.0,False
concacaf.leagues.cup,2024-08-14T02:30:00Z,América,St. Louis CITY SC,4.0,2.0,False
concacaf.leagues.cup,2024-08-14T02:30:00Z,LAFC,San Jose Earthquakes,4.0,1.0,False
concacaf.leagues.cup,2024-08-17T22:00:00Z,Columbus Crew,New York City FC,1.0,1.0,False
concacaf.leagues.cup,2024-08-17T23:30:00Z,Philadelphia Union,Mazatlán FC,1.0,1.0,False
concacaf.leagues.cup,2024-08-18T00:00:00Z,Seattle Sounders FC,LAFC,0.0,3.0,False
concacaf.leagues.cup,2024-08-18T02:00:00Z,América,Colorado Rapids,0.0,0.0,False
concacaf.leagues.cup,2024-08-21T23:30:00Z,Columbus Crew,Philadelphia Union,3.0,1.0,False
concacaf.leagues.cup,2024-08-22T02:00:00Z,LAFC,Colorado Rapids,4.0,0.0,False
concacaf.leagues.cup,2024-08-25T20:30:00Z,Philadelphia Union,Colorado Rapids,2.0,2.0,False
concacaf.leagues.cup,2024-08-25T23:15:00Z,Columbus Crew,LAFC,3.0,1.0,False
uefa.champions,2024-09-17T16:45:00Z,Juventus,PSV Eindhoven,3.0,1.0,False
uefa.champions,2024-09-17T16:45:00Z,Young Boys,Aston Villa,0.0,3.0,False
uefa.champions,2024-09-17T19:00:00Z,AC Milan,Liverpool,1.0,3.0,False
uefa.champions,2024-09-17T19:00:00Z,Bayern Munich,Dinamo Zagreb,9.0,2.0,False
uefa.champions,2024-09-17T19:00:00Z,Real Madrid,VfB Stuttgart,3.0,1.0,False
uefa.champions,2024-09-17T19:00:00Z,Sporting CP,Lille,2.0,0.0,False
uefa.champions,2024-09-18T16:45:00Z,Bologna,Shakhtar Donetsk,0.0,0.0,False
uefa.champions,2024-09-18T16:45:00Z,Sparta Prague,RB Salzburg,3.0,0.0,False
uefa.champions,2024-09-18T19:00:00Z,Celtic,Slovan Bratislava,5.0,1.0,False
uefa.champions,2024-09-18T19:00:00Z,Club Brugge,Borussia Dortmund,0.0,3.0,False
uefa.champions,2024-09-18T19:00:00Z,Manchester City,Internazionale,0.0,0.0,False
uefa.champions,2024-09-18T19:00:00Z,Paris Saint-Germain,Girona,1.0,0.0,False
uefa.champions,2024-09-19T16:45:00Z,Feyenoord Rotterdam,Bayer Leverkusen,0.0,4.0,False
uefa.champions,2024-09-19T16:45:00Z,Red Star Belgrade,Benfica,1.0,2.0,False
uefa.champions,2024-09-19T19:00:00Z,AS Monaco,Barcelona,2.0,1.0,False
uefa.champions,2024-09-19T19:00:00Z,Atalanta,Arsenal,0.0,0.0,False
uefa.champions,2024-09-19T19:00:00Z,Atlético Madrid,RB Leipzig,2.0,1.0,False
uefa.champions,2024-09-19T19:00:00Z,Brest,SK Sturm Graz,2.0,1.0,False
uefa.europa,2024-09-25T16:45:00Z,AZ Alkmaar,IF Elfsborg,3.0,2.0,False
uefa.europa,2024-09-25T16:45:00Z,Bodo/Glimt,FC Porto,3.0,2.0,False
uefa.europa,2024-09-25T19:00:00Z,Anderlecht,Ferencvaros,2.0,1.0,False
uefa.europa,2024-09-25T19:00:00Z,Dynamo Kyiv,Lazio,0.0,3.0,False
uefa.europa,2024-09-25T19:00:00Z,FC Midtjylland,TSG Hoffenheim,1.0,1.0,False
uefa.europa,2024-09-25T19:00:00Z,Galatasaray,PAOK,3.0,1.0,False
uefa.europa,2024-09-25T19:00:00Z,Ludogorets Razgrad,Slavia Prague,0.0,2.0,False
uefa.europa,2024-09-25T19:00:00Z,Manchester United,FC Twente,1.0,1.0,False
uefa.europa,2024-09-25T19:00:00Z,Nice,Real Sociedad,1.0,1.0,False
uefa.europa,2024-09-26T16:45:00Z,Fenerbahce,Union St.-Gilloise,2.0,1.0,False
uefa.europa,2024-09-26T16:45:00Z,Malmö FF,Rangers,0.0,2.0,False
uefa.europa,2024-09-26T19:00:00Z,AS Roma,Athletic Club,1.0,1.0,False
uefa.europa,2024-09-26T19:00:00Z,Ajax Amsterdam,Besiktas,4.0,0.0,False
uefa.europa,2024-09-26T19:00:00Z,Braga,Maccabi Tel-Aviv,2.0,1.0,False
uefa.europa,2024-09-26T19:00:00Z,Eintracht Frankfurt,Viktoria Plzen,3.0,3.0,False
uefa.europa,2024-09-26T19:00:00Z,FCSB,Rigas Futbola Skola,4.0,1.0,False
uefa.europa,2024-09-26T19:00:00Z,Lyon,Olympiacos,2.0,0.0,False
uefa.europa,2024-09-26T19:35:00Z,Tottenham Hotspur,FK Qarabag,3.0,0.0,False
uefa.champions,2024-10-01T16:45:00Z,RB Salzburg,Brest,0.0,4.0,False
uefa.champions,2024-10-01T16:45:00Z,VfB Stuttgart,Sparta Prague,1.0,1.0,False
uefa.champions,2024-10-01T19:00:00Z,Arsenal,Paris Saint-Germain,2.0,0.0,False
uefa.champions,2024-10-01T19:00:00Z,Barcelona,Young Boys,5.0,0.0,False
uefa.champions,2024-10-01T19:00:00Z,Bayer Leverkusen,AC Milan,1.0,0.0,False
uefa.champions,2024-10-01T19:00:00Z,Borussia Dortmund,Celtic,7.0,1.0,False
uefa.champions,2024-10-01T19:00:00Z,Internazionale,Red Star Belgrade,4.0,0.0,False
uefa.champions,2024-10-01T19:00:00Z,PSV Eindhoven,Sporting CP,1.0,1.0,False
uefa.champions,2024-10-01T19:00:00Z,Slovan Bratislava,Manchester City,0.0,4.0,False
uefa.europa.conf,2024-10-02T14:30:00Z,Istanbul Basaksehir,Rapid Vienna,1.0,2.0,False
uefa.europa.conf,2024-10-02T14:30:00Z,Vitória de Guimaraes,NK Celje,3.0,1.0,False
uefa.champions,2024-10-02T16:45:00Z,Girona,Feyenoord Rotterdam,2.0,3.0,False
uefa.champions,2024-10-02T16:45:00Z,Shakhtar Donetsk,Atalanta,0.0,3.0,False
uefa.champions,2024-10-02T19:00:00Z,Aston Villa,Bayern Munich,1.0,0.0,False
uefa.champions,2024-10-02T19:00:00Z,Benfica,Atlético Madrid,4.0,0.0,False
uefa.champions,2024-10-02T19:00:00Z,Dinamo Zagreb,AS Monaco,2.0,2.0,False
uefa.champions,2024-10-02T19:00:00Z,Lille,Real Madrid,1.0,0.0,False
uefa.champions,2024-10-02T19:00:00Z,Liverpool,Bologna,2.0,0.0,False
uefa.champions,2024-10-02T19:00:00Z,RB Leipzig,Juventus,2.0,3.0,False
uefa.champions,2024-10-02T19:00:00Z,SK Sturm Graz,Club Brugge,0.0,1.0,False
uefa.europa,2024-10-03T16:45:00Z,FK Qarabag,Malmö FF,1.0,2.0,False
uefa.europa,2024-10-03T16:45:00Z,Ferencvaros,Tottenham Hotspur,1.0,2.0,False
uefa.europa,2024-10-03T16:45:00Z,Lazio,Nice,4.0,1.0,False
uefa.europa,2024-10-03T16:45:00Z,Maccabi Tel-Aviv,FC Midtjylland,0.0,2.0,False
uefa.europa,2024-10-03T16:45:00Z,Olympiacos,Braga,3.0,0.0,False
uefa.europa,2024-10-03T16:45:00Z,Real Sociedad,Anderlecht,1.0,2.0,False
uefa.europa,2024-10-03T16:45:00Z,Rigas Futbola Skola,Galatasaray,2.0,2.0,False
uefa.europa,2024-10-03T16:45:00Z,Slavia Prague,Ajax Amsterdam,1.0,1.0,False
uefa.europa,2024-10-03T16:45:00Z,TSG Hoffenheim,Dynamo Kyiv,2.0,0.0,False
uefa.europa.conf,2024-10-03T16:45:00Z,1. FC Heidenheim 1846,Olimpija Ljubljana,2.0,1.0,False
uefa.europa.conf,2024-10-03T16:45:00Z,Cercle Brugge KSV,St. Gallen,6.0,2.0,False
uefa.europa.conf,2024-10-03T16:45:00Z,Dinamo Minsk,Heart of Midlothian,1.0,2.0,False
uefa.europa.conf,2024-10-03T16:45:00Z,FC Astana,FK TSC,1.0,0.0,False
uefa.europa.conf,2024-10-03T16:45:00Z,FC Noah,Mlada Boleslav,2.0,0.0,False
uefa.europa.conf,2024-10-03T16:45:00Z,Legia Warsaw,Real Betis,1.0,0.0,False
uefa.europa.conf,2024-10-03T16:45:00Z,Molde,Larne,3.0,0.0,False
uefa.europa.conf,2024-10-03T16:45:00Z,Omonia Nicosia,Vikingur Reykjavik,4.0,0.0,False
uefa.europa,2024-10-03T19:00:00Z,Athletic Club,AZ Alkmaar,2.0,0.0,False
uefa.europa,2024-10-03T19:00:00Z,Besiktas,Eintracht Frankfurt,1.0,3.0,False
uefa.europa,2024-10-03T19:00:00Z,FC Porto,Manchester United,3.0,3.0,False
uefa.europa,2024-10-03T19:00:00Z,FC Twente,Fenerbahce,1.0,1.0,False
uefa.europa,2024-10-03T19:00:00Z,IF Elfsborg,AS Roma,1.0,0.0,False
uefa.europa,2024-10-03T19:00:00Z,PAOK,FCSB,0.0,1.0,False
uefa.europa,2024-10-03T19:00:00Z,Rangers,Lyon,1.0,4.0,False
uefa.europa,2024-10-03T19:00:00Z,Union St.-Gilloise,Bodo/Glimt,0.0,0.0,False
uefa.europa,2024-10-03T19:00:00Z,Viktoria Plzen,Ludogorets Razgrad,0.0,0.0,False
uefa.europa.conf,2024-10-03T19:00:00Z,Borac Banja Luka,Panathinaikos,1.0,1.0,False
uefa.europa.conf,2024-10-03T19:00:00Z,Chelsea,KAA Gent,4.0,2.0,False
uefa.europa.conf,2024-10-03T19:00:00Z,F.C. København,Jagiellonia Bialystok,1.0,2.0,False
uefa.europa.conf,2024-10-03T19:00:00Z,FC Lugano,HJK Helsinki,3.0,0.0,False
uefa.europa.conf,2024-10-03T19:00:00Z,Fiorentina,The New Saints,2.0,0.0,False
uefa.europa.conf,2024-10-03T19:00:00Z,LASK Linz,Djurgården,2.0,2.0,False
uefa.europa.conf,2024-10-03T19:00:00Z,Petrocub,Pafos,1.0,4.0,False
uefa.europa.conf,2024-10-03T19:00:00Z,Shamrock Rovers,Apoel Nicosia,1.0,1.0,False
uefa.champions,2024-10-22T16:45:00Z,AC Milan,Club Brugge,3.0,1.0,False
uefa.champions,2024-10-22T16:45:00Z,AS Monaco,Red Star Belgrade,5.0,1.0,False
uefa.champions,2024-10-22T19:00:00Z,Arsenal,Shakhtar Donetsk,1.0,0.0,False
uefa.champions,2024-10-22T19:00:00Z,Aston Villa,Bologna,2.0,0.0,False
uefa.champions,2024-10-22T19:00:00Z,Girona,Slovan Bratislava,2.0,0.0,False
uefa.champions,2024-10-22T19:00:00Z,Juventus,VfB Stuttgart,0.0,1.0,False
uefa.champions,2024-10-22T19:00:00Z,Paris Saint-Germain,PSV Eindhoven,1.0,1.0,False
uefa.champions,2024-10-22T19:00:00Z,Real Madrid,Borussia Dortmund,5.0,2.0,False
uefa.champions,2024-10-22T19:00:00Z,SK Sturm Graz,Sporting CP,0.0,2.0,False
uefa.europa,2024-10-23T14:30:00Z,Braga,Bodo/Glimt,1.0,2.0,False
uefa.europa,2024-10-23T14:30:00Z,Galatasaray,IF Elfsborg,4.0,3.0,False
uefa.champions,2024-10-23T16:45:00Z,Atalanta,Celtic,0.0,0.0,False
uefa.champions,2024-10-23T16:45:00Z,Brest,Bayer Leverkusen,1.0,1.0,False
uefa.champions,2024-10-23T19:00:00Z,Atlético Madrid,Lille,1.0,3.0,False
uefa.champions,2024-10-23T19:00:00Z,Barcelona,Bayern Munich,4.0,1.0,False
uefa.champions,2024-10-23T19:00:00Z,Benfica,Feyenoord Rotterdam,1.0,3.0,False
uefa.champions,2024-10-23T19:00:00Z,Manchester City,Sparta Prague,5.0,0.0,False
uefa.champions,2024-10-23T19:00:00Z,RB Leipzig,Liverpool,0.0,1.0,False
uefa.champions,2024-10-23T19:00:00Z,RB Salzburg,Dinamo Zagreb,0.0,2.0,False
uefa.champions,2024-10-23T19:00:00Z,Young Boys,Internazionale,0.0,1.0,False
uefa.europa.conf,2024-10-24T14:30:00Z,Vikingur Reykjavik,Cercle Brugge KSV,3.0,1.0,False
uefa.europa,2024-10-24T16:45:00Z,AS Roma,Dynamo Kyiv,1.0,0.0,False
uefa.europa,2024-10-24T16:45:00Z,Eintracht Frankfurt,Rigas Futbola Skola,1.0,0.0,False
uefa.europa,2024-10-24T16:45:00Z,FC Midtjylland,Union St.-Gilloise,1.0,0.0,False
uefa.europa,2024-10-24T16:45:00Z,FK Qarabag,Ajax Amsterdam,0.0,3.0,False
uefa.europa,2024-10-24T16:45:00Z,Ferencvaros,Nice,1.0,0.0,False
uefa.europa,2024-10-24T16:45:00Z,Maccabi Tel-Aviv,Real Sociedad,1.0,2.0,False
uefa.europa,2024-10-24T16:45:00Z,PAOK,Viktoria Plzen,2.0,2.0,False
uefa.europa.conf,2024-10-24T16:45:00Z,Apoel Nicosia,Borac Banja Luka,0.0,1.0,False
uefa.europa.conf,2024-10-24T16:45:00Z,Djurgården,Vitória de Guimaraes,1.0,2.0,False
uefa.europa.conf,2024-10-24T16:45:00Z,Heart of Midlothian,Omonia Nicosia,2.0,0.0,False
uefa.europa.conf,2024-10-24T16:45:00Z,Jagiellonia Bialystok,Petrocub,2.0,0.0,False
uefa.europa.conf,2024-10-24T16:45:00Z,KAA Gent,Molde,2.0,1.0,False
uefa.europa.conf,2024-10-24T16:45:00Z,Larne,Shamrock Rovers,1.0,4.0,False
uefa.europa.conf,2024-10-24T16:45:00Z,NK Celje,Istanbul Basaksehir,5.0,1.0,False
uefa.europa.conf,2024-10-24T16:45:00Z,Panathinaikos,Chelsea,1.0,4.0,False
uefa.europa.conf,2024-10-24T16:45:00Z,Rapid Vienna,FC Noah,1.0,0.0,False
uefa.europa.conf,2024-10-24T16:45:00Z,St. Gallen,Fiorentina,2.0,4.0,False
uefa.europa,2024-10-24T19:00:00Z,Anderlecht,Ludogorets Razgrad,2.0,0.0,False
uefa.europa,2024-10-24T19:00:00Z,Athletic Club,Slavia Prague,1.0,0.0,False
uefa.europa,2024-10-24T19:00:00Z,FC Porto,TSG Hoffenheim,2.0,0.0,False
uefa.europa,2024-10-24T19:00:00Z,FC Twente,Lazio,0.0,2.0,False
uefa.europa,2024-10-24T19:00:00Z,Fenerbahce,Manchester United,1.0,1.0,False
uefa.europa,2024-10-24T19:00:00Z,Lyon,Besiktas,0.0,1.0,False
uefa.europa,2024-10-24T19:00:00Z,Malmö FF,Olympiacos,0.0,1.0,False
uefa.europa,2024-10-24T19:00:00Z,Rangers,FCSB,4.0,0.0,False
uefa.europa,2024-10-24T19:00:00Z,Tottenham Hotspur,AZ Alkmaar,1.0,0.0,False
uefa.europa.conf,2024-10-24T19:00:00Z,FK TSC,Legia Warsaw,0.0,3.0,False
uefa.europa.conf,2024-10-24T19:00:00Z,HJK Helsinki,Dinamo Minsk,1.0,0.0,False
uefa.europa.conf,2024-10-24T19:00:00Z,Mlada Boleslav,FC Lugano,0.0,1.0,False
uefa.europa.conf,2024-10-24T19:00:00Z,Olimpija Ljubljana,LASK Linz,2.0,0.0,False
uefa.europa.conf,2024-10-24T19:00:00Z,Pafos,1. FC Heidenheim 1846,0.0,1.0,False
uefa.europa.conf,2024-10-24T19:00:00Z,Real Betis,F.C. København,1.0,1.0,False
uefa.europa.conf,2024-10-24T19:00:00Z,The New Saints,FC Astana,2.0,0.0,False
uefa.champions,2024-11-05T17:45:00Z,PSV Eindhoven,Girona,4.0,0.0,False
uefa.champions,2024-11-05T17:45:00Z,Slovan Bratislava,Dinamo Zagreb,1.0,4.0,False
uefa.champions,2024-11-05T20:00:00Z,Bologna,AS Monaco,0.0,1.0,False
uefa.champions,2024-11-05T20:00:00Z,Borussia Dortmund,SK Sturm Graz,1.0,0.0,False
uefa.champions,2024-11-05T20:00:00Z,Celtic,RB Leipzig,3.0,1.0,False
uefa.champions,2024-11-05T20:00:00Z,Lille,Juventus,1.0,1.0,False
uefa.champions,2024-11-05T20:00:00Z,Liverpool,Bayer Leverkusen,4.0,0.0,False
uefa.champions,2024-11-05T20:00:00Z,Real Madrid,AC Milan,1.0,3.0,False
uefa.champions,2024-11-05T20:00:00Z,Sporting CP,Manchester City,4.0,1.0,False
uefa.europa,2024-11-06T15:30:00Z,Besiktas,Malmö FF,2.0,1.0,False
uefa.champions,2024-11-06T17:45:00Z,Club Brugge,Aston Villa,1.0,0.0,False
uefa.champions,2024-11-06T17:45:00Z,Shakhtar Donetsk,Young Boys,2.0,1.0,False
uefa.champions,2024-11-06T20:00:00Z,Feyenoord Rotterdam,RB Salzburg,1.0,3.0,False
uefa.champions,2024-11-06T20:00:00Z,Internazionale,Arsenal,1.0,0.0,False
uefa.champions,2024-11-06T20:00:00Z,Paris Saint-Germain,Atlético Madrid,1.0,2.0,False
uefa.champions,2024-11-06T20:00:00Z,Red Star Belgrade,Barcelona,2.0,5.0,False
uefa.champions,2024-11-06T20:00:00Z,Sparta Prague,Brest,1.0,2.0,False
uefa.champions,2024-11-06T20:00:00Z,VfB Stuttgart,Atalanta,0.0,2.0,False
uefa.champions,2024-11-06T20:15:00Z,Bayern Munich,Benfica,1.0,0.0,False
uefa.europa.conf,2024-11-07T14:30:00Z,Vikingur Reykjavik,Borac Banja Luka,2.0,0.0,False
uefa.europa,2024-11-07T17:45:00Z,Bodo/Glimt,FK Qarabag,1.0,2.0,False
uefa.europa,2024-11-07T17:45:00Z,Eintracht Frankfurt,Slavia Prague,1.0,0.0,False
uefa.europa,2024-11-07T17:45:00Z,FCSB,FC Midtjylland,2.0,0.0,False
uefa.europa,2024-11-07T17:45:00Z,Galatasaray,Tottenham Hotspur,3.0,2.0,False
uefa.europa,2024-11-07T17:45:00Z,IF Elfsborg,Braga,1.0,1.0,False
uefa.europa,2024-11-07T17:45:00Z,Ludogorets Razgrad,Athletic Club,1.0,2.0,False
uefa.europa,2024-11-07T17:45:00Z,Nice,FC Twente,2.0,2.0,False
uefa.europa,2024-11-07T17:45:00Z,Olympiacos,Rangers,1.0,1.0,False
uefa.europa,2024-11-07T17:45:00Z,Union St.-Gilloise,AS Roma,1.0,1.0,False
uefa.europa.conf,2024-11-07T17:45:00Z,FK TSC,FC Lugano,4.0,1.0,False
uefa.europa.conf,2024-11-07T17:45:00Z,HJK Helsinki,Olimpija Ljubljana,0.0,2.0,False
uefa.europa.conf,2024-11-07T17:45:00Z,KAA Gent,Omonia Nicosia,1.0,0.0,False
uefa.europa.conf,2024-11-07T17:45:00Z,Legia Warsaw,Dinamo Minsk,4.0,0.0,False
uefa.europa.conf,2024-11-07T17:45:00Z,Pafos,FC Astana,1.0,0.0,False
uefa.europa.conf,2024-11-07T17:45:00Z,Petrocub,Rapid Vienna,0.0,3.0,False
uefa.europa.conf,2024-11-07T17:45:00Z,Shamrock Rovers,The New Saints,2.0,1.0,False
uefa.europa,2024-11-07T20:00:00Z,AZ Alkmaar,Fenerbahce,3.0,1.0,False
uefa.europa,2024-11-07T20:00:00Z,Ajax Amsterdam,Maccabi Tel-Aviv,5.0,0.0,False
uefa.europa,2024-11-07T20:00:00Z,Dynamo Kyiv,Ferencvaros,0.0,4.0,False
uefa.europa,2024-11-07T20:00:00Z,Lazio,FC Porto,2.0,1.0,False
uefa.europa,2024-11-07T20:00:00Z,Manchester United,PAOK,2.0,0.0,False
uefa.europa,2024-11-07T20:00:00Z,Rigas Futbola Skola,Anderlecht,1.0,1.0,False
uefa.europa,2024-11-07T20:00:00Z,TSG Hoffenheim,Lyon,2.0,2.0,False
uefa.europa,2024-11-07T20:00:00Z,Viktoria Plzen,Real Sociedad,2.0,1.0,False
uefa.europa.conf,2024-11-07T20:00:00Z,Apoel Nicosia,Fiorentina,2.0,1.0,False
uefa.europa.conf,2024-11-07T20:00:00Z,Chelsea,FC Noah,8.0,0.0,False
uefa.europa.conf,2024-11-07T20:00:00Z,Djurgården,Panathinaikos,2.0,1.0,False
uefa.europa.conf,2024-11-07T20:00:00Z,F.C. København,Istanbul Basaksehir,2.0,2.0,False
uefa.europa.conf,2024-11-07T20:00:00Z,Heart of Midlothian,1. FC Heidenheim 1846,0.0,2.0,False
uefa.europa.conf,2024-11-07T20:00:00Z,Jagiellonia Bialystok,Molde,3.0,0.0,False
uefa.europa.conf,2024-11-07T20:00:00Z,LASK Linz,Cercle Brugge KSV,0.0,0.0,False
uefa.europa.conf,2024-11-07T20:00:00Z,Larne,St. Gallen,1.0,2.0,False
uefa.europa.conf,2024-11-07T20:00:00Z,Real Betis,NK Celje,2.0,1.0,False
uefa.europa.conf,2024-11-07T20:00:00Z,Vitória de Guimaraes,Mlada Boleslav,2.0,1.0,False
caf.champions,2024-11-26T13:00:00Z,TP Mazembe,MC Alger,0.0,0.0,False
caf.champions,2024-11-26T13:00:00Z,Young Africans,Al Hilal Omdurman,0.0,2.0,False
caf.champions,2024-11-26T16:00:00Z,Al Ahly,Stade d'Abidjan,4.0,2.0,False
caf.champions,2024-11-26T16:00:00Z,Mamelodi Sundowns,AS Maniema Union,0.0,0.0,False
caf.champions,2024-11-26T16:00:00Z,Pyramids FC,Sagrada Esperança,5.0,1.0,False
uefa.champions,2024-11-26T17:45:00Z,Slovan Bratislava,AC Milan,2.0,3.0,False
uefa.champions,2024-11-26T17:45:00Z,Sparta Prague,Atlético Madrid,0.0,6.0,False
caf.champions,2024-11-26T19:00:00Z,CR Belouizdad,Orlando Pirates,1.0,2.0,False
caf.champions,2024-11-26T19:00:00Z,Esperance Sportive de Tunis,Djoliba,4.0,0.0,False
caf.champions,2024-11-26T19:00:00Z,Raja Casablanca,AS FAR,0.0,2.0,False
uefa.champions,2024-11-26T20:00:00Z,Barcelona,Brest,3.0,0.0,False
uefa.champions,2024-11-26T20:00:00Z,Bayer Leverkusen,RB Salzburg,5.0,0.0,False
uefa.champions,2024-11-26T20:00:00Z,Bayern Munich,Paris Saint-Germain,1.0,0.0,False
uefa.champions,2024-11-26T20:00:00Z,Internazionale,RB Leipzig,1.0,0.0,False
uefa.champions,2024-11-26T20:00:00Z,Manchester City,Feyenoord Rotterdam,3.0,3.0,False
uefa.champions,2024-11-26T20:00:00Z,Sporting CP,Arsenal,1.0,5.0,False
uefa.champions,2024-11-26T20:00:00Z,Young Boys,Atalanta,1.0,6.0,False
caf.confed,2024-11-27T13:00:00Z,Simba SC,F.C. Bravos do Maquis,1.0,0.0,False
uefa.europa.conf,2024-11-27T15:30:00Z,Istanbul Basaksehir,Petrocub,1.0,1.0,False
caf.confed,2024-11-27T16:00:00Z,ASEC Mimosas,Jaraaf,2.0,0.0,False
caf.confed,2024-11-27T16:00:00Z,Al-Masry,Enyimba,2.0,0.0,False
caf.confed,2024-11-27T16:00:00Z,Club Sportif Sfaxien,CS Constantine,0.0,1.0,False
caf.confed,2024-11-27T16:00:00Z,Stade Malien,Stellenbosch,2.0,0.0,False
uefa.champions,2024-11-27T17:45:00Z,Red Star Belgrade,VfB Stuttgart,5.0,1.0,False
uefa.champions,2024-11-27T17:45:00Z,SK Sturm Graz,Girona,1.0,0.0,False
caf.confed,2024-11-27T19:00:00Z,RSB Berkane,C.D. Lunda Sul,2.0,0.0,False
caf.confed,2024-11-27T19:00:00Z,USM Alger,Orapa United F.C.,6.0,0.0,False
caf.confed,2024-11-27T19:00:00Z,Zamalek,Associação Black Bulls,2.0,0.0,False
uefa.champions,2024-11-27T20:00:00Z,AS Monaco,Benfica,2.0,3.0,False
uefa.champions,2024-11-27T20:00:00Z,Aston Villa,Juventus,0.0,0.0,False
uefa.champions,2024-11-27T20:00:00Z,Bologna,Lille,1.0,2.0,False
uefa.champions,2024-11-27T20:00:00Z,Celtic,Club Brugge,1.0,1.0,False
uefa.champions,2024-11-27T20:00:00Z,Dinamo Zagreb,Borussia Dortmund,0.0,3.0,False
uefa.champions,2024-11-27T20:00:00Z,Liverpool,Real Madrid,2.0,0.0,False
uefa.champions,2024-11-27T20:00:00Z,PSV Eindhoven,Shakhtar Donetsk,3.0,2.0,False
uefa.europa.conf,2024-11-28T15:30:00Z,FC Astana,Vitória de Guimaraes,1.0,1.0,False
uefa.europa,2024-11-28T17:45:00Z,AZ Alkmaar,Galatasaray,1.0,1.0,False
uefa.europa,2024-11-28T17:45:00Z,Anderlecht,FC Porto,2.0,2.0,False
uefa.europa,2024-11-28T17:45:00Z,Athletic Club,IF Elfsborg,3.0,0.0,False
uefa.europa,2024-11-28T17:45:00Z,Besiktas,Maccabi Tel-Aviv,1.0,3.0,False
uefa.europa,2024-11-28T17:45:00Z,Dynamo Kyiv,Viktoria Plzen,1.0,2.0,False
uefa.europa,2024-11-28T17:45:00Z,FK Qarabag,Lyon,1.0,4.0,False
uefa.europa,2024-11-28T17:45:00Z,Lazio,Ludogorets Razgrad,0.0,0.0,False
uefa.europa,2024-11-28T17:45:00Z,Rigas Futbola Skola,PAOK,0.0,2.0,False
uefa.europa.conf,2024-11-28T17:45:00Z,1. FC Heidenheim 1846,Chelsea,0.0,2.0,False
uefa.europa.conf,2024-11-28T17:45:00Z,Borac Banja Luka,LASK Linz,2.0,1.0,False
uefa.europa.conf,2024-11-28T17:45:00Z,Cercle Brugge KSV,Heart of Midlothian,2.0,0.0,False
uefa.europa.conf,2024-11-28T17:45:00Z,Dinamo Minsk,F.C. København,1.0,2.0,False
uefa.europa.conf,2024-11-28T17:45:00Z,FC Noah,Vikingur Reykjavik,0.0,0.0,False
uefa.europa.conf,2024-11-28T17:45:00Z,Molde,Apoel Nicosia,0.0,1.0,False
uefa.europa.conf,2024-11-28T17:45:00Z,NK Celje,Jagiellonia Bialystok,3.0,3.0,False
uefa.europa.conf,2024-11-28T17:45:00Z,Panathinaikos,HJK Helsinki,1.0,0.0,False
uefa.europa.conf,2024-11-28T17:45:00Z,St. Gallen,FK TSC,2.0,2.0,False
uefa.europa.conf,2024-11-28T17:45:00Z,The New Saints,Djurgården,0.0,1.0,False
uefa.europa,2024-11-28T20:00:00Z,Braga,TSG Hoffenheim,3.0,0.0,False
uefa.europa,2024-11-28T20:00:00Z,FC Midtjylland,Eintracht Frankfurt,1.0,2.0,False
uefa.europa,2024-11-28T20:00:00Z,FC Twente,Union St.-Gilloise,0.0,1.0,False
uefa.europa,2024-11-28T20:00:00Z,FCSB,Olympiacos,0.0,0.0,False
uefa.europa,2024-11-28T20:00:00Z,Ferencvaros,Malmö FF,4.0,1.0,False
uefa.europa,2024-11-28T20:00:00Z,Manchester United,Bodo/Glimt,3.0,2.0,False
uefa.europa,2024-11-28T20:00:00Z,Nice,Rangers,1.0,4.0,False
uefa.europa,2024-11-28T20:00:00Z,Real Sociedad,Ajax Amsterdam,2.0,0.0,False
uefa.europa,2024-11-28T20:00:00Z,Slavia Prague,Fenerbahce,1.0,2.0,False
uefa.europa,2024-11-28T20:00:00Z,Tottenham Hotspur,AS Roma,2.0,2.0,False
uefa.europa.conf,2024-11-28T20:00:00Z,FC Lugano,KAA Gent,2.0,0.0,False
uefa.europa.conf,2024-11-28T20:00:00Z,Fiorentina,Pafos,3.0,2.0,False
uefa.europa.conf,2024-11-28T20:00:00Z,Mlada Boleslav,Real Betis,2.0,1.0,False
uefa.europa.conf,2024-11-28T20:00:00Z,Olimpija Ljubljana,Larne,1.0,0.0,False
uefa.europa.conf,2024-11-28T20:00:00Z,Omonia Nicosia,Legia Warsaw,0.0,3.0,False
uefa.europa.conf,2024-11-28T20:00:00Z,Rapid Vienna,Shamrock Rovers,1.0,1.0,False
caf.champions,2024-12-06T16:00:00Z,Sagrada Esperança,Esperance Sportive de Tunis,0.0,0.0,False
caf.champions,2024-12-07T13:00:00Z,AS Maniema Union,Raja Casablanca,1.0,1.0,False
caf.champions,2024-12-07T13:00:00Z,Orlando Pirates,Al Ahly,0.0,0.0,False
caf.champions,2024-12-07T16:00:00Z,Stade d'Abidjan,CR Belouizdad,0.0,1.0,False
caf.champions,2024-12-07T19:00:00Z,AS FAR,Mamelodi Sundowns,1.0,1.0,False
caf.champions,2024-12-07T19:00:00Z,MC Alger,Young Africans,2.0,0.0,False
caf.confed,2024-12-08T13:00:00Z,C.D. Lunda Sul,Stade Malien,1.0,1.0,False
caf.confed,2024-12-08T13:00:00Z,Orapa United F.C.,ASEC Mimosas,0.0,0.0,False
caf.confed,2024-12-08T13:00:00Z,Stellenbosch,RSB Berkane,1.0,3.0,False
caf.champions,2024-12-08T16:00:00Z,Djoliba,Pyramids FC,0.0,0.0,False
caf.confed,2024-12-08T16:00:00Z,CS Constantine,Simba SC,2.0,1.0,False
caf.confed,2024-12-08T16:00:00Z,Enyimba,Zamalek,2.0,2.0,False
caf.confed,2024-12-08T16:00:00Z,F.C. Bravos do Maquis,Club Sportif Sfaxien,3.0,2.0,False
caf.confed,2024-12-08T16:00:00Z,Jaraaf,USM Alger,0.0,0.0,False
caf.champions,2024-12-08T19:00:00Z,Al Hilal Omdurman,TP Mazembe,2.0,1.0,False
caf.confed,2024-12-08T19:00:00Z,Associação Black Bulls,Al-Masry,1.0,1.0,False
uefa.champions,2024-12-10T17:45:00Z,Dinamo Zagreb,Celtic,0.0,0.0,False
uefa.champions,2024-12-10T17:45:00Z,Girona,Liverpool,0.0,1.0,False
uefa.champions,2024-12-10T20:00:00Z,Atalanta,Real Madrid,2.0,3.0,False
uefa.champions,2024-12-10T20:00:00Z,Bayer Leverkusen,Internazionale,1.0,0.0,False
uefa.champions,2024-12-10T20:00:00Z,Brest,PSV Eindhoven,1.0,0.0,False
uefa.champions,2024-12-10T20:00:00Z,Club Brugge,Sporting CP,2.0,1.0,False
uefa.champions,2024-12-10T20:00:00Z,RB Leipzig,Aston Villa,2.0,3.0,False
uefa.champions,2024-12-10T20:00:00Z,RB Salzburg,Paris Saint-Germain,0.0,3.0,False
uefa.champions,2024-12-10T20:00:00Z,Shakhtar Donetsk,Bayern Munich,1.0,5.0,False
uefa.europa,2024-12-11T15:30:00Z,Fenerbahce,Athletic Club,0.0,2.0,False
uefa.champions,2024-12-11T17:45:00Z,Atlético Madrid,Slovan Bratislava,3.0,1.0,False
uefa.champions,2024-12-11T17:45:00Z,Lille,SK Sturm Graz,3.0,2.0,False
uefa.champions,2024-12-11T20:00:00Z,AC Milan,Red Star Belgrade,2.0,1.0,False
uefa.champions,2024-12-11T20:00:00Z,Arsenal,AS Monaco,3.0,0.0,False
uefa.champions,2024-12-11T20:00:00Z,Benfica,Bologna,0.0,0.0,False
uefa.champions,2024-12-11T20:00:00Z,Borussia Dortmund,Barcelona,2.0,3.0,False
uefa.champions,2024-12-11T20:00:00Z,Feyenoord Rotterdam,Sparta Prague,4.0,2.0,False
uefa.champions,2024-12-11T20:00:00Z,Juventus,Manchester City,2.0,0.0,False
uefa.champions,2024-12-11T20:00:00Z,VfB Stuttgart,Young Boys,5.0,1.0,False
uefa.europa.conf,2024-12-12T13:00:00Z,Vikingur Reykjavik,Djurgården,1.0,2.0,False
uefa.europa.conf,2024-12-12T15:30:00Z,FC Astana,Chelsea,1.0,3.0,False
uefa.europa,2024-12-12T17:45:00Z,AS Roma,Braga,3.0,0.0,False
uefa.europa,2024-12-12T17:45:00Z,Ludogorets Razgrad,AZ Alkmaar,2.0,2.0,False
uefa.europa,2024-12-12T17:45:00Z,Malmö FF,Galatasaray,2.0,2.0,False
uefa.europa,2024-12-12T17:45:00Z,Olympiacos,FC Twente,0.0,0.0,False
uefa.europa,2024-12-12T17:45:00Z,PAOK,Ferencvaros,5.0,0.0,False
uefa.europa,2024-12-12T17:45:00Z,TSG Hoffenheim,FCSB,0.0,0.0,False
uefa.europa,2024-12-12T17:45:00Z,Union St.-Gilloise,Nice,2.0,1.0,False
uefa.europa,2024-12-12T17:45:00Z,Viktoria Plzen,Manchester United,1.0,2.0,False
uefa.europa.conf,2024-12-12T17:45:00Z,Dinamo Minsk,Larne,2.0,0.0,False
uefa.europa.conf,2024-12-12T17:45:00Z,F.C. København,Heart of Midlothian,2.0,0.0,False
uefa.europa.conf,2024-12-12T17:45:00Z,FC Noah,Apoel Nicosia,1.0,3.0,False
uefa.europa.conf,2024-12-12T17:45:00Z,Fiorentina,LASK Linz,7.0,0.0,False
uefa.europa.conf,2024-12-12T17:45:00Z,HJK Helsinki,Molde,2.0,2.0,False
uefa.europa.conf,2024-12-12T17:45:00Z,Istanbul Basaksehir,1. FC Heidenheim 1846,3.0,1.0,False
uefa.europa.conf,2024-12-12T17:45:00Z,Legia Warsaw,FC Lugano,1.0,2.0,False
uefa.europa.conf,2024-12-12T17:45:00Z,Olimpija Ljubljana,Cercle Brugge KSV,1.0,4.0,False
uefa.europa.conf,2024-12-12T17:45:00Z,Petrocub,Real Betis,0.0,1.0,False
uefa.europa,2024-12-12T20:00:00Z,Ajax Amsterdam,Lazio,1.0,3.0,False
uefa.europa,2024-12-12T20:00:00Z,Bodo/Glimt,Besiktas,2.0,1.0,False
uefa.europa,2024-12-12T20:00:00Z,FC Porto,FC Midtjylland,2.0,0.0,False
uefa.europa,2024-12-12T20:00:00Z,IF Elfsborg,FK Qarabag,1.0,0.0,False
uefa.europa,2024-12-12T20:00:00Z,Lyon,Eintracht Frankfurt,3.0,2.0,False
uefa.europa,2024-12-12T20:00:00Z,Maccabi Tel-Aviv,Rigas Futbola Skola,2.0,1.0,False
uefa.europa,2024-12-12T20:00:00Z,Rangers,Tottenham Hotspur,1.0,1.0,False
uefa.europa,2024-12-12T20:00:00Z,Real Sociedad,Dynamo Kyiv,3.0,0.0,False
uefa.europa,2024-12-12T20:00:00Z,Slavia Prague,Anderlecht,1.0,2.0,False
uefa.europa.conf,2024-12-12T20:00:00Z,KAA Gent,FK TSC,3.0,0.0,False
uefa.europa.conf,2024-12-12T20:00:00Z,Mlada Boleslav,Jagiellonia Bialystok,1.0,0.0,False
uefa.europa.conf,2024-12-12T20:00:00Z,Omonia Nicosia,Rapid Vienna,3.0,1.0,False
uefa.europa.conf,2024-12-12T20:00:00Z,Pafos,NK Celje,2.0,0.0,False
uefa.europa.conf,2024-12-12T20:00:00Z,Shamrock Rovers,Borac Banja Luka,3.0,0.0,False
uefa.europa.conf,2024-12-12T20:00:00Z,St. Gallen,Vitória de Guimaraes,1.0,4.0,False
uefa.europa.conf,2024-12-12T20:00:00Z,The New Saints,Panathinaikos,0.0,2.0,False
caf.champions,2024-12-14T13:00:00Z,AS Maniema Union,AS FAR,1.0,1.0,False
caf.champions,2024-12-14T13:00:00Z,TP Mazembe,Young Africans,1.0,1.0,False
caf.champions,2024-12-14T16:00:00Z,Stade d'Abidjan,Orlando Pirates,1.0,1.0,False
caf.champions,2024-12-14T19:00:00Z,Esperance Sportive de Tunis,Pyramids FC,2.0,0.0,False
caf.champions,2024-12-14T19:00:00Z,MC Alger,Al Hilal Omdurman,0.0,1.0,False
caf.champions,2024-12-15T13:00:00Z,Mamelodi Sundowns,Raja Casablanca,1.0,0.0,False
caf.confed,2024-12-15T13:00:00Z,Associação Black Bulls,Enyimba,3.0,0.0,False
caf.confed,2024-12-15T13:00:00Z,C.D. Lunda Sul,Stellenbosch,0.0,1.0,False
caf.confed,2024-12-15T13:00:00Z,Orapa United F.C.,Jaraaf,0.0,0.0,False
caf.confed,2024-12-15T13:00:00Z,Simba SC,Club Sportif Sfaxien,2.0,1.0,False
caf.champions,2024-12-15T16:00:00Z,Djoliba,Sagrada Esperança,0.0,0.0,False
caf.confed,2024-12-15T16:00:00Z,F.C. Bravos do Maquis,CS Constantine,3.0,2.0,False
caf.confed,2024-12-15T16:00:00Z,Zamalek,Al-Masry,1.0,0.0,False
caf.confed,2024-12-15T19:00:00Z,RSB Berkane,Stade Malien,1.0,0.0,False
caf.confed,2024-12-15T19:00:00Z,USM Alger,ASEC Mimosas,3.0,0.0,False
uefa.europa.conf,2024-12-19T20:00:00Z,1. FC Heidenheim 1846,St. Gallen,1.0,1.0,False
uefa.europa.conf,2024-12-19T20:00:00Z,Apoel Nicosia,FC Astana,1.0,1.0,False
uefa.europa.conf,2024-12-19T20:00:00Z,Borac Banja Luka,Omonia Nicosia,0.0,0.0,False
uefa.europa.conf,2024-12-19T20:00:00Z,Cercle Brugge KSV,Istanbul Basaksehir,1.0,1.0,False
uefa.europa.conf,2024-12-19T20:00:00Z,Chelsea,Shamrock Rovers,5.0,1.0,False
uefa.europa.conf,2024-12-19T20:00:00Z,Djurgården,Legia Warsaw,3.0,1.0,False
uefa.europa.conf,2024-12-19T20:00:00Z,FC Lugano,Pafos,2.0,2.0,False
uefa.europa.conf,2024-12-19T20:00:00Z,FK TSC,FC Noah,4.0,3.0,False
uefa.europa.conf,2024-12-19T20:00:00Z,Heart of Midlothian,Petrocub,2.0,2.0,False
uefa.europa.conf,2024-12-19T20:00:00Z,Jagiellonia Bialystok,Olimpija Ljubljana,0.0,0.0,False
uefa.europa.conf,2024-12-19T20:00:00Z,LASK Linz,Vikingur Reykjavik,1.0,1.0,False
uefa.europa.conf,2024-12-19T20:00:00Z,Larne,KAA Gent,1.0,0.0,False
uefa.europa.conf,2024-12-19T20:00:00Z,Molde,Mlada Boleslav,4.0,3.0,False
uefa.europa.conf,2024-12-19T20:00:00Z,NK Celje,The New Saints,3.0,2.0,False
uefa.europa.conf,2024-12-19T20:00:00Z,Panathinaikos,Dinamo Minsk,4.0,0.0,False
uefa.europa.conf,2024-12-19T20:00:00Z,Rapid Vienna,F.C. København,3.0,0.0,False
uefa.europa.conf,2024-12-19T20:00:00Z,Real Betis,HJK Helsinki,1.0,0.0,False
uefa.europa.conf,2024-12-19T20:00:00Z,Vitória de Guimaraes,Fiorentina,1.0,1.0,False
caf.champions,2024-12-22T16:00:00Z,Al Ahly,CR Belouizdad,6.0,1.0,False
caf.champions,2025-01-03T19:00:00Z,CR Belouizdad,Al Ahly,1.0,0.0,False
caf.champions,2025-01-04T13:00:00Z,Young Africans,TP Mazembe,3.0,1.0,False
caf.champions,2025-01-04T16:00:00Z,Orlando Pirates,Stade d'Abidjan,3.0,0.0,False
caf.champions,2025-01-04T19:00:00Z,AS FAR,AS Maniema Union,2.0,0.0,False
caf.champions,2025-01-04T19:00:00Z,Raja Casablanca,Mamelodi Sundowns,1.0,0.0,False
caf.champions,2025-01-05T16:00:00Z,Pyramids FC,Esperance Sportive de Tunis,2.0,1.0,False
caf.champions,2025-01-05T16:00:00Z,Sagrada Esperança,Djoliba,1.0,0.0,False
caf.confed,2025-01-05T16:00:00Z,ASEC Mimosas,USM Alger,1.0,1.0,False
caf.confed,2025-01-05T16:00:00Z,Al-Masry,Zamalek,0.0,0.0,False
caf.confed,2025-01-05T16:00:00Z,Club Sportif Sfaxien,Simba SC,0.0,1.0,False
caf.confed,2025-01-05T16:00:00Z,Enyimba,Associação Black Bulls,4.0,1.0,False
caf.confed,2025-01-05T16:00:00Z,Jaraaf,Orapa United F.C.,1.0,0.0,False
caf.confed,2025-01-05T16:00:00Z,Stellenbosch,C.D. Lunda Sul,2.0,0.0,False
caf.champions,2025-01-05T19:00:00Z,Al Hilal Omdurman,MC Alger,1.0,1.0,False
caf.confed,2025-01-05T19:00:00Z,CS Constantine,F.C. Bravos do Maquis,4.0,0.0,False
caf.confed,2025-01-05T19:00:00Z,Stade Malien,RSB Berkane,0.0,1.0,False
caf.champions,2025-01-10T19:00:00Z,MC Alger,TP Mazembe,1.0,0.0,False
caf.champions,2025-01-11T13:00:00Z,AS Maniema Union,Mamelodi Sundowns,1.0,2.0,False
caf.champions,2025-01-11T16:00:00Z,Sagrada Esperança,Pyramids FC,0.0,1.0,False
caf.champions,2025-01-11T16:00:00Z,Stade d'Abidjan,Al Ahly,1.0,3.0,False
caf.champions,2025-01-11T19:00:00Z,AS FAR,Raja Casablanca,1.0,1.0,False
caf.champions,2025-01-12T13:00:00Z,Orlando Pirates,CR Belouizdad,2.0,1.0,False
caf.confed,2025-01-12T13:00:00Z,C.D. Lunda Sul,RSB Berkane,0.0,0.0,False
caf.confed,2025-01-12T13:00:00Z,Orapa United F.C.,USM Alger,1.0,2.0,False
caf.confed,2025-01-12T13:00:00Z,Stellenbosch,Stade Malien,2.0,0.0,False
caf.champions,2025-01-12T16:00:00Z,Djoliba,Esperance Sportive de Tunis,0.0,1.0,False
caf.confed,2025-01-12T16:00:00Z,Associação Black Bulls,Zamalek,1.0,3.0,False
caf.confed,2025-01-12T16:00:00Z,CS Constantine,Club Sportif Sfaxien,3.0,0.0,False
caf.confed,2025-01-12T16:00:00Z,Enyimba,Al-Masry,1.0,1.0,False
caf.confed,2025-01-12T16:00:00Z,F.C. Bravos do Maquis,Simba SC,1.0,1.0,False
caf.confed,2025-01-12T16:00:00Z,Jaraaf,ASEC Mimosas,1.0,0.0,False
caf.champions,2025-01-12T19:00:00Z,Al Hilal Omdurman,Young Africans,0.0,1.0,False
caf.champions,2025-01-18T13:00:00Z,TP Mazembe,Al Hilal Omdurman,4.0,0.0,False
caf.champions,2025-01-18T13:00:00Z,Young Africans,MC Alger,0.0,0.0,False
caf.champions,2025-01-18T16:00:00Z,Al Ahly,Orlando Pirates,1.0,2.0,False
caf.champions,2025-01-18T16:00:00Z,CR Belouizdad,Stade d'Abidjan,6.0,0.0,False
caf.champions,2025-01-18T19:00:00Z,Esperance Sportive de Tunis,Sagrada Esperança,4.0,1.0,False
caf.champions,2025-01-18T19:00:00Z,Pyramids FC,Djoliba,6.0,0.0,False
caf.confed,2025-01-19T13:00:00Z,Club Sportif Sfaxien,F.C. Bravos do Maquis,4.0,0.0,False
caf.confed,2025-01-19T13:00:00Z,Simba SC,CS Constantine,2.0,0.0,False
caf.champions,2025-01-19T16:00:00Z,Mamelodi Sundowns,AS FAR,1.0,1.0,False
caf.champions,2025-01-19T16:00:00Z,Raja Casablanca,AS Maniema Union,1.0,0.0,False
caf.confed,2025-01-19T16:00:00Z,Al-Masry,Associação Black Bulls,3.0,1.0,False
caf.confed,2025-01-19T16:00:00Z,Zamalek,Enyimba,3.0,1.0,False
caf.confed,2025-01-19T19:00:00Z,ASEC Mimosas,Orapa United F.C.,4.0,0.0,False
caf.confed,2025-01-19T19:00:00Z,RSB Berkane,Stellenbosch,5.0,0.0,False
caf.confed,2025-01-19T19:00:00Z,Stade Malien,C.D. Lunda Sul,0.0,1.0,False
caf.confed,2025-01-19T19:00:00Z,USM Alger,Jaraaf,2.0,0.0,False
uefa.europa,2025-01-21T15:30:00Z,Galatasaray,Dynamo Kyiv,3.0,3.0,False
uefa.champions,2025-01-21T17:45:00Z,AS Monaco,Aston Villa,1.0,0.0,False
uefa.champions,2025-01-21T17:45:00Z,Atalanta,SK Sturm Graz,5.0,0.0,False
uefa.champions,2025-01-21T20:00:00Z,Atlético Madrid,Bayer Leverkusen,2.0,1.0,False
uefa.champions,2025-01-21T20:00:00Z,Benfica,Barcelona,4.0,5.0,False
uefa.champions,2025-01-21T20:00:00Z,Bologna,Borussia Dortmund,2.0,1.0,False
uefa.champions,2025-01-21T20:00:00Z,Club Brugge,Juventus,0.0,0.0,False
uefa.champions,2025-01-21T20:00:00Z,Liverpool,Lille,2.0,1.0,False
uefa.champions,2025-01-21T20:00:00Z,Red Star Belgrade,PSV Eindhoven,2.0,3.0,False
uefa.champions,2025-01-21T20:00:00Z,Slovan Bratislava,VfB Stuttgart,1.0,3.0,False
uefa.europa,2025-01-22T15:30:00Z,Besiktas,Athletic Club,4.0,1.0,False
uefa.champions,2025-01-22T17:45:00Z,RB Leipzig,Sporting CP,2.0,1.0,False
uefa.champions,2025-01-22T17:45:00Z,Shakhtar Donetsk,Brest,2.0,0.0,False
uefa.champions,2025-01-22T20:00:00Z,AC Milan,Girona,1.0,0.0,False
uefa.champions,2025-01-22T20:00:00Z,Arsenal,Dinamo Zagreb,3.0,0.0,False
uefa.champions,2025-01-22T20:00:00Z,Celtic,Young Boys,1.0,0.0,False
uefa.champions,2025-01-22T20:00:00Z,Feyenoord Rotterdam,Bayern Munich,3.0,0.0,False
uefa.champions,2025-01-22T20:00:00Z,Paris Saint-Germain,Manchester City,4.0,2.0,False
uefa.champions,2025-01-22T20:00:00Z,Real Madrid,RB Salzburg,5.0,1.0,False
uefa.champions,2025-01-22T20:00:00Z,Sparta Prague,Internazionale,0.0,1.0,False
uefa.europa,2025-01-23T17:45:00Z,AZ Alkmaar,AS Roma,1.0,0.0,False
uefa.europa,2025-01-23T17:45:00Z,Bodo/Glimt,Maccabi Tel-Aviv,3.0,1.0,False
uefa.europa,2025-01-23T17:45:00Z,FC Porto,Olympiacos,0.0,1.0,False
uefa.europa,2025-01-23T17:45:00Z,FK Qarabag,FCSB,2.0,3.0,False
uefa.europa,2025-01-23T17:45:00Z,Fenerbahce,Lyon,0.0,0.0,False
uefa.europa,2025-01-23T17:45:00Z,Malmö FF,FC Twente,2.0,3.0,False
uefa.europa,2025-01-23T17:45:00Z,TSG Hoffenheim,Tottenham Hotspur,2.0,3.0,False
uefa.europa,2025-01-23T17:45:00Z,Viktoria Plzen,Anderlecht,2.0,0.0,False
uefa.europa,2025-01-23T20:00:00Z,Eintracht Frankfurt,Ferencvaros,2.0,0.0,False
uefa.europa,2025-01-23T20:00:00Z,IF Elfsborg,Nice,1.0,0.0,False
uefa.europa,2025-01-23T20:00:00Z,Lazio,Real Sociedad,3.0,1.0,False
uefa.europa,2025-01-23T20:00:00Z,Ludogorets Razgrad,FC Midtjylland,0.0,2.0,False
uefa.europa,2025-01-23T20:00:00Z,Manchester United,Rangers,2.0,1.0,False
uefa.europa,2025-01-23T20:00:00Z,PAOK,Slavia Prague,2.0,0.0,False
uefa.europa,2025-01-23T20:00:00Z,Rigas Futbola Skola,Ajax Amsterdam,1.0,0.0,False
uefa.europa,2025-01-23T20:00:00Z,Union St.-Gilloise,Braga,2.0,1.0,False
uefa.champions,2025-01-29T20:00:00Z,Aston Villa,Celtic,4.0,2.0,False
uefa.champions,2025-01-29T20:00:00Z,Barcelona,Atalanta,2.0,2.0,False
uefa.champions,2025-01-29T20:00:00Z,Bayer Leverkusen,Sparta Prague,2.0,0.0,False
uefa.champions,2025-01-29T20:00:00Z,Bayern Munich,Slovan Bratislava,3.0,1.0,False
uefa.champions,2025-01-29T20:00:00Z,Borussia Dortmund,Shakhtar Donetsk,3.0,1.0,False
uefa.champions,2025-01-29T20:00:00Z,Brest,Real Madrid,0.0,3.0,False
uefa.champions,2025-01-29T20:00:00Z,Dinamo Zagreb,AC Milan,2.0,1.0,False
uefa.champions,2025-01-29T20:00:00Z,Girona,Arsenal,1.0,2.0,False
uefa.champions,2025-01-29T20:00:00Z,Internazionale,AS Monaco,3.0,0.0,False
uefa.champions,2025-01-29T20:00:00Z,Juventus,Benfica,0.0,2.0,False
uefa.champions,2025-01-29T20:00:00Z,Lille,Feyenoord Rotterdam,6.0,1.0,False
uefa.champions,2025-01-29T20:00:00Z,Manchester City,Club Brugge,3.0,1.0,False
uefa.champions,2025-01-29T20:00:00Z,PSV Eindhoven,Liverpool,3.0,2.0,False
uefa.champions,2025-01-29T20:00:00Z,RB Salzburg,Atlético Madrid,1.0,4.0,False
uefa.champions,2025-01-29T20:00:00Z,SK Sturm Graz,RB Leipzig,1.0,0.0,False
uefa.champions,2025-01-29T20:00:00Z,Sporting CP,Bologna,1.0,1.0,False
uefa.champions,2025-01-29T20:00:00Z,VfB Stuttgart,Paris Saint-Germain,1.0,4.0,False
uefa.champions,2025-01-29T20:00:00Z,Young Boys,Red Star Belgrade,0.0,1.0,False
uefa.europa,2025-01-30T20:00:00Z,AS Roma,Eintracht Frankfurt,2.0,0.0,False
uefa.europa,2025-01-30T20:00:00Z,Ajax Amsterdam,Galatasaray,2.0,1.0,False
uefa.europa,2025-01-30T20:00:00Z,Anderlecht,TSG Hoffenheim,3.0,4.0,False
uefa.europa,2025-01-30T20:00:00Z,Athletic Club,Viktoria Plzen,3.0,1.0,False
uefa.europa,2025-01-30T20:00:00Z,Braga,Lazio,1.0,0.0,False
uefa.europa,2025-01-30T20:00:00Z,Dynamo Kyiv,Rigas Futbola Skola,1.0,0.0,False
uefa.europa,2025-01-30T20:00:00Z,FC Midtjylland,Fenerbahce,2.0,2.0,False
uefa.europa,2025-01-30T20:00:00Z,FC Twente,Besiktas,1.0,0.0,False
uefa.europa,2025-01-30T20:00:00Z,FCSB,Manchester United,0.0,2.0,False
uefa.europa,2025-01-30T20:00:00Z,Ferencvaros,AZ Alkmaar,4.0,3.0,False
uefa.europa,2025-01-30T20:00:00Z,Lyon,Ludogorets Razgrad,1.0,1.0,False
uefa.europa,2025-01-30T20:00:00Z,Maccabi Tel-Aviv,FC Porto,0.0,1.0,False
uefa.europa,2025-01-30T20:00:00Z,Nice,Bodo/Glimt,1.0,1.0,False
uefa.europa,2025-01-30T20:00:00Z,Olympiacos,FK Qarabag,3.0,0.0,False
uefa.europa,2025-01-30T20:00:00Z,Rangers,Union St.-Gilloise,2.0,1.0,False
uefa.europa,2025-01-30T20:00:00Z,Real Sociedad,PAOK,2.0,0.0,False
uefa.europa,2025-01-30T20:00:00Z,Slavia Prague,Malmö FF,2.0,2.0,False
uefa.europa,2025-01-30T20:00:00Z,Tottenham Hotspur,IF Elfsborg,3.0,0.0,False
concacaf.champions,2025-02-05T01:00:00Z,Real Hope,Cruz Azul,0.0,2.0,False
concacaf.champions,2025-02-06T01:00:00Z,Forge FC,Monterrey,0.0,2.0,False
concacaf.champions,2025-02-06T03:00:00Z,Real Estelí,Tigres UANL,1.0,0.0,False
concacaf.champions,2025-02-07T01:00:00Z,Cibao FC,Guadalajara,1.0,1.0,False
concacaf.champions,2025-02-07T03:00:00Z,Cavalry FC,Pumas UNAM,2.0,1.0,False
uefa.champions,2025-02-11T17:45:00Z,Brest,Paris Saint-Germain,0.0,3.0,False
uefa.champions,2025-02-11T20:00:00Z,Juventus,PSV Eindhoven,2.0,1.0,False
uefa.champions,2025-02-11T20:00:00Z,Manchester City,Real Madrid,2.0,3.0,False
uefa.champions,2025-02-11T20:00:00Z,Sporting CP,Borussia Dortmund,0.0,3.0,False
concacaf.champions,2025-02-12T01:00:00Z,Monterrey,Forge FC,3.0,0.0,False
concacaf.champions,2025-02-12T03:00:00Z,Cruz Azul,Real Hope,5.0,0.0,False
uefa.champions,2025-02-12T17:45:00Z,Club Brugge,Atalanta,2.0,1.0,False
uefa.champions,2025-02-12T20:00:00Z,AS Monaco,Benfica,0.0,1.0,False
uefa.champions,2025-02-12T20:00:00Z,Celtic,Bayern Munich,1.0,2.0,False
uefa.champions,2025-02-12T20:00:00Z,Feyenoord Rotterdam,AC Milan,1.0,0.0,False
concacaf.champions,2025-02-13T01:00:00Z,Guadalajara,Cibao FC,3.0,0.0,False
concacaf.champions,2025-02-13T03:00:00Z,Tigres UANL,Real Estelí,3.0,0.0,False
uefa.europa,2025-02-13T17:45:00Z,FC Midtjylland,Real Sociedad,1.0,2.0,False
uefa.europa,2025-02-13T17:45:00Z,Fenerbahce,Anderlecht,3.0,0.0,False
uefa.europa,2025-02-13T17:45:00Z,Ferencvaros,Viktoria Plzen,1.0,0.0,False
uefa.europa,2025-02-13T17:45:00Z,Union St.-Gilloise,Ajax Amsterdam,0.0,2.0,False
uefa.europa.conf,2025-02-13T17:45:00Z,FK TSC,Jagiellonia Bialystok,1.0,3.0,False
uefa.europa.conf,2025-02-13T17:45:00Z,Molde,Shamrock Rovers,0.0,1.0,False
uefa.europa.conf,2025-02-13T17:45:00Z,NK Celje,Apoel Nicosia,2.0,2.0,False
uefa.europa.conf,2025-02-13T17:45:00Z,Vikingur Reykjavik,Panathinaikos,2.0,1.0,False
uefa.europa,2025-02-13T20:00:00Z,AZ Alkmaar,Galatasaray,4.0,1.0,False
uefa.europa,2025-02-13T20:00:00Z,FC Porto,AS Roma,1.0,1.0,False
uefa.europa,2025-02-13T20:00:00Z,FC Twente,Bodo/Glimt,2.0,1.0,False
uefa.europa,2025-02-13T20:00:00Z,PAOK,FCSB,1.0,2.0,False
uefa.europa.conf,2025-02-13T20:00:00Z,Borac Banja Luka,Olimpija Ljubljana,1.0,0.0,False
uefa.europa.conf,2025-02-13T20:00:00Z,F.C. København,1. FC Heidenheim 1846,1.0,2.0,False
uefa.europa.conf,2025-02-13T20:00:00Z,KAA Gent,Real Betis,0.0,3.0,False
uefa.europa.conf,2025-02-13T20:00:00Z,Omonia Nicosia,Pafos,1.0,1.0,False
concacaf.champions,2025-02-14T01:00:00Z,Pumas UNAM,Cavalry FC,2.0,0.0,False
uefa.champions,2025-02-18T17:45:00Z,AC Milan,Feyenoord Rotterdam,1.0,1.0,False
uefa.champions,2025-02-18T20:00:00Z,Atalanta,Club Brugge,1.0,3.0,False
uefa.champions,2025-02-18T20:00:00Z,Bayern Munich,Celtic,1.0,1.0,False
uefa.champions,2025-02-18T20:00:00Z,Benfica,AS Monaco,3.0,3.0,False
concacaf.champions,2025-02-19T03:00:00Z,Colorado Rapids,LAFC,2.0,1.0,False
uefa.champions,2025-02-19T17:45:00Z,Borussia Dortmund,Sporting CP,0.0,0.0,False
uefa.champions,2025-02-19T20:00:00Z,PSV Eindhoven,Juventus,3.0,1.0,False
uefa.champions,2025-02-19T20:00:00Z,Paris Saint-Germain,Brest,7.0,0.0,False
uefa.champions,2025-02-19T20:00:00Z,Real Madrid,Manchester City,3.0,1.0,False
concacaf.champions,2025-02-19T23:30:00Z,Herediano,Real Salt Lake,0.0,0.0,False
concacaf.champions,2025-02-20T01:00:00Z,Antigua GFC,Seattle Sounders FC,1.0,3.0,False
concacaf.champions,2025-02-20T01:00:00Z,Sporting Kansas City,Inter Miami CF,0.0,1.0,False
concacaf.champions,2025-02-20T03:00:00Z,FC Motagua,FC Cincinnati,1.0,4.0,False
uefa.europa,2025-02-20T17:45:00Z,AS Roma,FC Porto,3.0,2.0,False
uefa.europa,2025-02-20T17:45:00Z,Bodo/Glimt,FC Twente,5.0,2.0,False
uefa.europa,2025-02-20T17:45:00Z,FCSB,PAOK,2.0,0.0,False
uefa.europa,2025-02-20T17:45:00Z,Galatasaray,AZ Alkmaar,2.0,2.0,False
uefa.europa.conf,2025-02-20T17:45:00Z,1. FC Heidenheim 1846,F.C. København,1.0,3.0,False
uefa.europa.conf,2025-02-20T17:45:00Z,Olimpija Ljubljana,Borac Banja Luka,0.0,0.0,False
uefa.europa.conf,2025-02-20T17:45:00Z,Pafos,Omonia Nicosia,2.0,1.0,False
uefa.europa.conf,2025-02-20T17:45:00Z,Real Betis,KAA Gent,0.0,1.0,False
uefa.europa,2025-02-20T20:00:00Z,Ajax Amsterdam,Union St.-Gilloise,1.0,2.0,False
uefa.europa,2025-02-20T20:00:00Z,Anderlecht,Fenerbahce,2.0,2.0,False
uefa.europa,2025-02-20T20:00:00Z,Real Sociedad,FC Midtjylland,5.0,2.0,False
uefa.europa,2025-02-20T20:00:00Z,Viktoria Plzen,Ferencvaros,3.0,0.0,False
uefa.europa.conf,2025-02-20T20:00:00Z,Apoel Nicosia,NK Celje,0.0,2.0,False
uefa.europa.conf,2025-02-20T20:00:00Z,Jagiellonia Bialystok,FK TSC,3.0,1.0,False
uefa.europa.conf,2025-02-20T20:00:00Z,Panathinaikos,Vikingur Reykjavik,2.0,0.0,False
uefa.europa.conf,2025-02-20T20:00:00Z,Shamrock Rovers,Molde,0.0,1.0,False
concacaf.champions,2025-02-21T01:00:00Z,Saprissa,Vancouver Whitecaps,2.0,1.0,False
concacaf.champions,2025-02-26T01:00:00Z,Inter Miami CF,Sporting Kansas City,3.0,1.0,False
concacaf.champions,2025-02-26T03:00:00Z,LAFC,Colorado Rapids,1.0,0.0,False
concacaf.champions,2025-02-26T23:30:00Z,FC Cincinnati,FC Motagua,1.0,1.0,False
concacaf.champions,2025-02-27T01:30:00Z,Real Salt Lake,Herediano,1.0,2.0,False
concacaf.champions,2025-02-27T03:30:00Z,Seattle Sounders FC,Antigua GFC,3.0,1.0,False
concacaf.champions,2025-02-28T03:00:00Z,Vancouver Whitecaps,Saprissa,2.0,0.0,False
uefa.champions,2025-03-04T17:45:00Z,Club Brugge,Aston Villa,1.0,3.0,False
uefa.champions,2025-03-04T20:00:00Z,Borussia Dortmund,Lille,1.0,1.0,False
uefa.champions,2025-03-04T20:00:00Z,PSV Eindhoven,Arsenal,1.0,7.0,False
uefa.champions,2025-03-04T20:00:00Z,Real Madrid,Atlético Madrid,2.0,1.0,False
concacaf.champions,2025-03-04T23:30:00Z,FC Cincinnati,Tigres UANL,1.0,1.0,False
concacaf.champions,2025-03-05T01:30:00Z,Pumas UNAM,Alajuelense,2.0,0.0,False
concacaf.champions,2025-03-05T03:30:00Z,LAFC,Columbus Crew,3.0,0.0,False
uefa.champions,2025-03-05T17:45:00Z,Feyenoord Rotterdam,Internazionale,0.0,2.0,False
uefa.champions,2025-03-05T20:00:00Z,Bayern Munich,Bayer Leverkusen,3.0,0.0,False
uefa.champions,2025-03-05T20:00:00Z,Benfica,Barcelona,0.0,1.0,False
uefa.champions,2025-03-05T20:00:00Z,Paris Saint-Germain,Liverpool,0.0,1.0,False
concacaf.champions,2025-03-06T01:30:00Z,Guadalajara,América,1.0,0.0,False
concacaf.champions,2025-03-06T01:30:00Z,Herediano,LA Galaxy,1.0,0.0,False
concacaf.champions,2025-03-06T03:30:00Z,Seattle Sounders FC,Cruz Azul,0.0,0.0,False
concacaf.champions,2025-03-06T03:30:00Z,Vancouver Whitecaps,Monterrey,1.0,1.0,False
uefa.europa,2025-03-06T17:45:00Z,AZ Alkmaar,Tottenham Hotspur,1.0,0.0,False
uefa.europa,2025-03-06T17:45:00Z,FCSB,Lyon,1.0,3.0,False
uefa.europa,2025-03-06T17:45:00Z,Fenerbahce,Rangers,1.0,3.0,False
uefa.europa,2025-03-06T17:45:00Z,Real Sociedad,Manchester United,1.0,1.0,False
uefa.europa.conf,2025-03-06T17:45:00Z,F.C. København,Chelsea,1.0,2.0,False
uefa.europa.conf,2025-03-06T17:45:00Z,Molde,Legia Warsaw,3.0,2.0,False
uefa.europa.conf,2025-03-06T17:45:00Z,Panathinaikos,Fiorentina,3.0,2.0,False
uefa.europa.conf,2025-03-06T17:45:00Z,Real Betis,Vitória de Guimaraes,2.0,2.0,False
uefa.europa,2025-03-06T20:00:00Z,AS Roma,Athletic Club,2.0,1.0,False
uefa.europa,2025-03-06T20:00:00Z,Ajax Amsterdam,Eintracht Frankfurt,1.0,2.0,False
uefa.europa,2025-03-06T20:00:00Z,Bodo/Glimt,Olympiacos,3.0,0.0,False
uefa.europa,2025-03-06T20:00:00Z,Viktoria Plzen,Lazio,1.0,2.0,False
uefa.europa.conf,2025-03-06T20:00:00Z,Borac Banja Luka,Rapid Vienna,1.0,1.0,False
uefa.europa.conf,2025-03-06T20:00:00Z,Jagiellonia Bialystok,Cercle Brugge KSV,3.0,0.0,False
uefa.europa.conf,2025-03-06T20:00:00Z,NK Celje,FC Lugano,1.0,0.0,False
uefa.europa.conf,2025-03-06T20:00:00Z,Pafos,Djurgården,1.0,0.0,False
concacaf.champions,2025-03-07T01:00:00Z,Inter Miami CF,Cavalier SC,2.0,0.0,False
uefa.champions,2025-03-11T17:45:00Z,Barcelona,Benfica,3.0,1.0,False
uefa.champions,2025-03-11T20:00:00Z,Bayer Leverkusen,Bayern Munich,0.0,2.0,False
uefa.champions,2025-03-11T20:00:00Z,Internazionale,Feyenoord Rotterdam,2.0,1.0,False
uefa.champions,2025-03-11T20:00:00Z,Liverpool,Paris Saint-Germain,0.0,1.0,False
concacaf.champions,2025-03-12T00:30:00Z,Columbus Crew,LAFC,2.0,1.0,False
concacaf.champions,2025-03-12T00:30:00Z,Cruz Azul,Seattle Sounders FC,4.0,1.0,False
concacaf.champions,2025-03-12T02:30:00Z,Tigres UANL,FC Cincinnati,3.0,1.0,False
uefa.champions,2025-03-12T17:45:00Z,Lille,Borussia Dortmund,1.0,2.0,False
uefa.champions,2025-03-12T20:00:00Z,Arsenal,PSV Eindhoven,2.0,2.0,False
uefa.champions,2025-03-12T20:00:00Z,Aston Villa,Club Brugge,3.0,0.0,False
uefa.champions,2025-03-12T20:00:00Z,Atlético Madrid,Real Madrid,1.0,0.0,False
concacaf.champions,2025-03-13T00:30:00Z,Monterrey,Vancouver Whitecaps,2.0,2.0,False
concacaf.champions,2025-03-13T02:30:00Z,América,Guadalajara,4.0,0.0,False
concacaf.champions,2025-03-13T02:30:00Z,LA Galaxy,Herediano,4.0,1.0,False
uefa.europa,2025-03-13T17:45:00Z,Athletic Club,AS Roma,3.0,1.0,False
uefa.europa,2025-03-13T17:45:00Z,Eintracht Frankfurt,Ajax Amsterdam,4.0,1.0,False
uefa.europa,2025-03-13T17:45:00Z,Lazio,Viktoria Plzen,1.0,1.0,False
uefa.europa,2025-03-13T17:45:00Z,Olympiacos,Bodo/Glimt,2.0,1.0,False
uefa.europa.conf,2025-03-13T17:45:00Z,Cercle Brugge KSV,Jagiellonia Bialystok,2.0,0.0,False
uefa.europa.conf,2025-03-13T17:45:00Z,Djurgården,Pafos,3.0,0.0,False
uefa.europa.conf,2025-03-13T17:45:00Z,FC Lugano,NK Celje,5.0,4.0,False
uefa.europa.conf,2025-03-13T17:45:00Z,Rapid Vienna,Borac Banja Luka,2.0,1.0,False
uefa.europa,2025-03-13T20:00:00Z,Lyon,FCSB,4.0,0.0,False
uefa.europa,2025-03-13T20:00:00Z,Manchester United,Real Sociedad,4.0,1.0,False
uefa.europa,2025-03-13T20:00:00Z,Rangers,Fenerbahce,0.0,2.0,False
uefa.europa,2025-03-13T20:00:00Z,Tottenham Hotspur,AZ Alkmaar,3.0,1.0,False
uefa.europa.conf,2025-03-13T20:00:00Z,Chelsea,F.C. København,1.0,0.0,False
uefa.europa.conf,2025-03-13T20:00:00Z,Fiorentina,Panathinaikos,3.0,1.0,False
uefa.europa.conf,2025-03-13T20:00:00Z,Legia Warsaw,Molde,2.0,0.0,False
uefa.europa.conf,2025-03-13T20:00:00Z,Vitória de Guimaraes,Real Betis,0.0,4.0,False
concacaf.champions,2025-03-14T00:00:00Z,Cavalier SC,Inter Miami CF,0.0,2.0,False
concacaf.champions,2025-03-14T02:00:00Z,Alajuelense,Pumas UNAM,1.0,1.0,False
caf.champions,2025-04-01T13:00:00Z,Mamelodi Sundowns,Esperance Sportive de Tunis,1.0,0.0,False
caf.champions,2025-04-01T19:00:00Z,Al Ahly,Al Hilal Omdurman,1.0,0.0,False
caf.champions,2025-04-01T19:00:00Z,MC Alger,Orlando Pirates,0.0,1.0,False
caf.champions,2025-04-01T19:00:00Z,Pyramids FC,AS FAR,4.0,1.0,False
concacaf.champions,2025-04-02T01:15:00Z,América,Cruz Azul,0.0,0.0,False
concacaf.champions,2025-04-02T03:15:00Z,LA Galaxy,Tigres UANL,0.0,0.0,False
caf.confed,2025-04-02T13:00:00Z,Stellenbosch,Zamalek,0.0,0.0,False
caf.confed,2025-04-02T16:00:00Z,ASEC Mimosas,RSB Berkane,0.0,1.0,False
caf.confed,2025-04-02T16:00:00Z,Al-Masry,Simba SC,2.0,0.0,False
caf.confed,2025-04-02T16:00:00Z,CS Constantine,USM Alger,1.0,1.0,False
concacaf.champions,2025-04-03T01:30:00Z,Vancouver Whitecaps,Pumas UNAM,1.0,1.0,False
concacaf.champions,2025-04-03T03:30:00Z,LAFC,Inter Miami CF,1.0,0.0,False
caf.champions,2025-04-08T19:00:00Z,AS FAR,Pyramids FC,2.0,0.0,False
caf.champions,2025-04-08T19:00:00Z,Al Hilal Omdurman,Al Ahly,0.0,1.0,False
caf.champions,2025-04-08T19:00:00Z,Esperance Sportive de Tunis,Mamelodi Sundowns,0.0,0.0,False
uefa.champions,2025-04-08T19:00:00Z,Arsenal,Real Madrid,3.0,0.0,False
uefa.champions,2025-04-08T19:00:00Z,Bayern Munich,Internazionale,1.0,2.0,False
concacaf.champions,2025-04-09T01:00:00Z,Tigres UANL,LA Galaxy,3.0,2.0,False
concacaf.champions,2025-04-09T03:30:00Z,Cruz Azul,América,2.0,1.0,False
caf.confed,2025-04-09T13:00:00Z,Simba SC,Al-Masry,2.0,0.0,False
caf.champions,2025-04-09T16:00:00Z,Orlando Pirates,MC Alger,0.0,0.0,False
caf.confed,2025-04-09T16:00:00Z,Zamalek,Stellenbosch,0.0,1.0,False
caf.confed,2025-04-09T19:00:00Z,RSB Berkane,ASEC Mimosas,1.0,0.0,False
caf.confed,2025-04-09T19:00:00Z,USM Alger,CS Constantine,1.0,1.0,False
uefa.champions,2025-04-09T19:00:00Z,Barcelona,Borussia Dortmund,4.0,0.0,False
uefa.champions,2025-04-09T19:00:00Z,Paris Saint-Germain,Aston Villa,3.0,1.0,False
concacaf.champions,2025-04-10T00:00:00Z,Inter Miami CF,LAFC,3.0,1.0,False
concacaf.champions,2025-04-10T02:30:00Z,Pumas UNAM,Vancouver Whitecaps,2.0,2.0,False
uefa.europa,2025-04-10T16:45:00Z,Bodo/Glimt,Lazio,2.0,0.0,False
uefa.europa.conf,2025-04-10T16:45:00Z,Legia Warsaw,Chelsea,0.0,3.0,False
uefa.europa,2025-04-10T19:00:00Z,Lyon,Manchester United,2.0,2.0,False
uefa.europa,2025-04-10T19:00:00Z,Rangers,Athletic Club,0.0,0.0,False
uefa.europa,2025-04-10T19:00:00Z,Tottenham Hotspur,Eintracht Frankfurt,1.0,1.0,False
uefa.europa.conf,2025-04-10T19:00:00Z,Djurgården,Rapid Vienna,0.0,1.0,False
uefa.europa.conf,2025-04-10T19:00:00Z,NK Celje,Fiorentina,1.0,2.0,False
uefa.europa.conf,2025-04-10T19:00:00Z,Real Betis,Jagiellonia Bialystok,2.0,0.0,False
uefa.champions,2025-04-15T19:00:00Z,Aston Villa,Paris Saint-Germain,3.0,2.0,False
uefa.champions,2025-04-15T19:00:00Z,Borussia Dortmund,Barcelona,3.0,1.0,False
uefa.champions,2025-04-16T19:00:00Z,Internazionale,Bayern Munich,2.0,2.0,False
uefa.champions,2025-04-16T19:00:00Z,Real Madrid,Arsenal,1.0,2.0,False
uefa.europa.conf,2025-04-17T16:45:00Z,Fiorentina,NK Celje,2.0,2.0,False
uefa.europa.conf,2025-04-17T16:45:00Z,Jagiellonia Bialystok,Real Betis,1.0,1.0,False
uefa.europa,2025-04-17T19:00:00Z,Athletic Club,Rangers,2.0,0.0,False
uefa.europa,2025-04-17T19:00:00Z,Eintracht Frankfurt,Tottenham Hotspur,0.0,1.0,False
uefa.europa,2025-04-17T19:00:00Z,Lazio,Bodo/Glimt,3.0,1.0,False
uefa.europa,2025-04-17T19:00:00Z,Manchester United,Lyon,5.0,4.0,False
uefa.europa.conf,2025-04-17T19:00:00Z,Chelsea,Legia Warsaw,1.0,2.0,False
uefa.europa.conf,2025-04-17T19:00:00Z,Rapid Vienna,Djurgården,1.0,4.0,False
caf.champions,2025-04-19T13:00:00Z,Mamelodi Sundowns,Al Ahly,0.0,0.0,False
caf.champions,2025-04-19T16:00:00Z,Orlando Pirates,Pyramids FC,0.0,0.0,False
caf.confed,2025-04-20T13:00:00Z,Simba SC,Stellenbosch,1.0,0.0,False
caf.confed,2025-04-20T19:00:00Z,RSB Berkane,CS Constantine,4.0,0.0,False
concacaf.champions,2025-04-24T02:00:00Z,Tigres UANL,Cruz Azul,1.0,1.0,False
concacaf.champions,2025-04-25T02:30:00Z,Vancouver Whitecaps,Inter Miami CF,2.0,0.0,False
caf.champions,2025-04-25T16:00:00Z,Al Ahly,Mamelodi Sundowns,1.0,1.0,False
caf.champions,2025-04-25T18:00:00Z,Pyramids FC,Orlando Pirates,3.0,2.0,False
caf.confed,2025-04-27T13:00:00Z,Stellenbosch,Simba SC,0.0,0.0,False
caf.confed,2025-04-27T16:00:00Z,CS Constantine,RSB Berkane,1.0,0.0,False
uefa.champions,2025-04-29T19:00:00Z,Arsenal,Paris Saint-Germain,0.0,1.0,False
uefa.champions,2025-04-30T19:00:00Z,Barcelona,Internazionale,3.0,3.0,False
concacaf.champions,2025-05-01T00:00:00Z,Inter Miami CF,Vancouver Whitecaps,1.0,3.0,False
uefa.europa,2025-05-01T19:00:00Z,Athletic Club,Manchester United,0.0,3.0,False
uefa.europa,2025-05-01T19:00:00Z,Tottenham Hotspur,Bodo/Glimt,3.0,1.0,False
uefa.europa.conf,2025-05-01T19:00:00Z,Djurgården,Chelsea,1.0,4.0,False
uefa.europa.conf,2025-05-01T19:00:00Z,Real Betis,Fiorentina,2.0,1.0,False
concacaf.champions,2025-05-02T02:00:00Z,Cruz Azul,Tigres UANL,1.0,0.0,False
uefa.champions,2025-05-06T19:00:00Z,Internazionale,Barcelona,4.0,3.0,False
uefa.champions,2025-05-07T19:00:00Z,Paris Saint-Germain,Arsenal,2.0,1.0,False
uefa.europa,2025-05-08T19:00:00Z,Bodo/Glimt,Tottenham Hotspur,0.0,2.0,False
uefa.europa,2025-05-08T19:00:00Z,Manchester United,Athletic Club,4.0,1.0,False
uefa.europa.conf,2025-05-08T19:00:00Z,Chelsea,Djurgården,1.0,0.0,False
uefa.europa.conf,2025-05-08T19:00:00Z,Fiorentina,Real Betis,2.0,2.0,False
caf.confed,2025-05-17T19:00:00Z,RSB Berkane,Simba SC,2.0,0.0,False
uefa.europa,2025-05-21T19:00:00Z,Tottenham Hotspur,Manchester United,1.0,0.0,False
caf.champions,2025-05-24T13:00:00Z,Mamelodi Sundowns,Pyramids FC,1.0,1.0,False
caf.confed,2025-05-25T13:00:00Z,Simba SC,RSB Berkane,1.0,1.0,False
uefa.europa.conf,2025-05-28T19:00:00Z,Real Betis,Chelsea,1.0,4.0,False
uefa.champions,2025-05-31T19:00:00Z,Paris Saint-Germain,Internazionale,5.0,0.0,False
caf.champions,2025-06-01T17:00:00Z,Pyramids FC,Mamelodi Sundowns,2.0,1.0,False
concacaf.champions,2025-06-02T01:00:00Z,Cruz Azul,Vancouver Whitecaps,5.0,0.0,False
concacaf.leagues.cup,2025-07-29T23:00:00Z,CF Montréal,León,1.0,1.0,False
concacaf.leagues.cup,2025-07-29T23:00:00Z,Toluca,Columbus Crew,2.0,2.0,False
concacaf.leagues.cup,2025-07-30T00:00:00Z,New York City FC,Puebla,0.0,3.0,False
concacaf.leagues.cup,2025-07-30T01:00:00Z,Tigres UANL,Houston Dynamo FC,4.0,1.0,False
concacaf.leagues.cup,2025-07-30T02:30:00Z,LAFC,Mazatlán FC,1.0,1.0,False
concacaf.leagues.cup,2025-07-30T03:00:00Z,Pachuca,San Diego FC,3.0,2.0,False
concacaf.leagues.cup,2025-07-30T23:30:00Z,Inter Miami CF,Atlas,2.0,1.0,False
concacaf.leagues.cup,2025-07-30T23:30:00Z,Necaxa,Atlanta United FC,3.0,1.0,False
concacaf.leagues.cup,2025-07-31T00:00:00Z,Pumas UNAM,Orlando City SC,1.0,1.0,False
concacaf.leagues.cup,2025-07-31T00:30:00Z,Minnesota United FC,Querétaro,4.0,1.0,False
concacaf.leagues.cup,2025-07-31T01:30:00Z,América,Real Salt Lake,2.0,2.0,False
concacaf.leagues.cup,2025-07-31T02:30:00Z,Portland Timbers,Atlético de San Luis,4.0,0.0,False
concacaf.leagues.cup,2025-07-31T23:00:00Z,Monterrey,FC Cincinnati,2.0,3.0,False
concacaf.leagues.cup,2025-07-31T23:30:00Z,Charlotte FC,FC Juárez,1.0,4.0,False
concacaf.leagues.cup,2025-07-31T23:30:00Z,Guadalajara,Red Bull New York,0.0,1.0,False
concacaf.leagues.cup,2025-08-01T01:30:00Z,Colorado Rapids,Santos,2.0,1.0,False
concacaf.leagues.cup,2025-08-01T02:30:00Z,Cruz Azul,Seattle Sounders FC,0.0,7.0,False
concacaf.leagues.cup,2025-08-01T03:00:00Z,LA Galaxy,Tijuana,5.0,2.0,False
concacaf.leagues.cup,2025-08-01T22:00:00Z,New York City FC,León,2.0,0.0,False
concacaf.leagues.cup,2025-08-01T23:00:00Z,Columbus Crew,Puebla,3.0,1.0,False
concacaf.leagues.cup,2025-08-02T00:30:00Z,Houston Dynamo FC,Mazatlán FC,0.0,2.0,False
concacaf.leagues.cup,2025-08-02T01:00:00Z,Toluca,CF Montréal,2.0,1.0,False
concacaf.leagues.cup,2025-08-02T02:30:00Z,LAFC,Pachuca,1.0,1.0,False
concacaf.leagues.cup,2025-08-02T03:00:00Z,Tigres UANL,San Diego FC,2.0,1.0,False
concacaf.leagues.cup,2025-08-02T22:00:00Z,Orlando City SC,Atlas,3.0,1.0,False
concacaf.leagues.cup,2025-08-02T23:00:00Z,Inter Miami CF,Necaxa,2.0,2.0,False
concacaf.leagues.cup,2025-08-03T01:00:00Z,América,Minnesota United FC,3.0,3.0,False
concacaf.leagues.cup,2025-08-03T01:00:00Z,Pumas UNAM,Atlanta United FC,3.0,2.0,False
concacaf.leagues.cup,2025-08-03T01:30:00Z,Real Salt Lake,Atlético de San Luis,2.0,2.0,False
concacaf.leagues.cup,2025-08-03T03:00:00Z,Portland Timbers,Querétaro,1.0,0.0,False
concacaf.leagues.cup,2025-08-03T21:30:00Z,FC Cincinnati,FC Juárez,2.0,2.0,False
concacaf.leagues.cup,2025-08-03T23:50:00Z,Guadalajara,Charlotte FC,2.0,2.0,False
concacaf.leagues.cup,2025-08-04T00:50:00Z,Monterrey,Red Bull New York,1.0,1.0,False
concacaf.leagues.cup,2025-08-04T01:30:00Z,Colorado Rapids,Tijuana,1.0,2.0,False
concacaf.leagues.cup,2025-08-04T02:30:00Z,LA Galaxy,Cruz Azul,1.0,1.0,False
concacaf.leagues.cup,2025-08-04T02:30:00Z,Seattle Sounders FC,Santos,2.0,1.0,False
concacaf.leagues.cup,2025-08-05T23:30:00Z,Columbus Crew,León,1.0,0.0,False
concacaf.leagues.cup,2025-08-05T23:30:00Z,Toluca,New York City FC,2.0,1.0,False
concacaf.leagues.cup,2025-08-06T00:00:00Z,CF Montréal,Puebla,1.0,2.0,False
concacaf.leagues.cup,2025-08-06T00:30:00Z,Houston Dynamo FC,Pachuca,1.0,2.0,False
concacaf.leagues.cup,2025-08-06T02:00:00Z,Mazatlán FC,San Diego FC,0.0,2.0,False
concacaf.leagues.cup,2025-08-06T02:30:00Z,Tigres UANL,LAFC,1.0,2.0,False
concacaf.leagues.cup,2025-08-06T23:00:00Z,Orlando City SC,Necaxa,5.0,1.0,False
concacaf.leagues.cup,2025-08-06T23:30:00Z,Atlanta United FC,Atlas,4.0,1.0,False
concacaf.leagues.cup,2025-08-06T23:30:00Z,Inter Miami CF,Pumas UNAM,3.0,1.0,False
concacaf.leagues.cup,2025-08-07T00:30:00Z,Minnesota United FC,Atlético de San Luis,0.0,2.0,False
concacaf.leagues.cup,2025-08-07T01:30:00Z,América,Portland Timbers,1.0,1.0,False
concacaf.leagues.cup,2025-08-07T01:30:00Z,Real Salt Lake,Querétaro,1.0,0.0,False
concacaf.leagues.cup,2025-08-07T03:00:00Z,Seattle Sounders FC,Tijuana,2.0,1.0,False
concacaf.leagues.cup,2025-08-07T23:00:00Z,FC Cincinnati,Guadalajara,1.0,2.0,False
concacaf.leagues.cup,2025-08-07T23:30:00Z,Monterrey,Charlotte FC,0.0,2.0,False
concacaf.leagues.cup,2025-08-07T23:30:00Z,Red Bull New York,FC Juárez,1.0,1.0,False
concacaf.leagues.cup,2025-08-08T00:30:00Z,Cruz Azul,Colorado Rapids,2.0,2.0,False
concacaf.leagues.cup,2025-08-08T03:15:00Z,LA Galaxy,Santos,4.0,0.0,False
concacaf.leagues.cup,2025-08-21T00:00:00Z,Inter Miami CF,Tigres UANL,2.0,1.0,False
concacaf.leagues.cup,2025-08-21T00:50:00Z,Toluca,Orlando City SC,0.0,0.0,False
concacaf.leagues.cup,2025-08-21T03:00:00Z,Seattle Sounders FC,Puebla,0.0,0.0,False
concacaf.leagues.cup,2025-08-21T03:45:00Z,LA Galaxy,Pachuca,2.0,1.0,False
concacaf.leagues.cup,2025-08-28T00:30:00Z,Inter Miami CF,Orlando City SC,3.0,1.0,False
concacaf.leagues.cup,2025-08-28T02:45:00Z,LA Galaxy,Seattle Sounders FC,0.0,2.0,False
concacaf.leagues.cup,2025-08-31T21:00:00Z,LA Galaxy,Orlando City SC,2.0,1.0,False
concacaf.leagues.cup,2025-09-01T00:00:00Z,Seattle Sounders FC,Inter Miami CF,3.0,0.0,False
uefa.champions,2025-09-16T16:45:00Z,Athletic Club,Arsenal,0.0,2.0,False
uefa.champions,2025-09-16T16:45:00Z,PSV Eindhoven,Union St.-Gilloise,1.0,3.0,False
uefa.champions,2025-09-16T19:00:00Z,Benfica,FK Qarabag,2.0,3.0,False
uefa.champions,2025-09-16T19:00:00Z,Juventus,Borussia Dortmund,4.0,4.0,False
uefa.champions,2025-09-16T19:00:00Z,Real Madrid,Marseille,2.0,1.0,False
uefa.champions,2025-09-16T19:00:00Z,Tottenham Hotspur,Villarreal,1.0,0.0,False
uefa.champions,2025-09-17T16:45:00Z,Olympiacos,Pafos,0.0,0.0,False
uefa.champions,2025-09-17T16:45:00Z,Slavia Prague,Bodo/Glimt,2.0,2.0,False
uefa.champions,2025-09-17T19:00:00Z,Ajax Amsterdam,Internazionale,0.0,2.0,False
uefa.champions,2025-09-17T19:00:00Z,Bayern Munich,Chelsea,3.0,1.0,False
uefa.champions,2025-09-17T19:00:00Z,Liverpool,Atlético Madrid,3.0,2.0,False
uefa.champions,2025-09-17T19:00:00Z,Paris Saint-Germain,Atalanta,4.0,0.0,False
uefa.champions,2025-09-18T16:45:00Z,Club Brugge,AS Monaco,4.0,1.0,False
uefa.champions,2025-09-18T16:45:00Z,F.C. København,Bayer Leverkusen,2.0,2.0,False
uefa.champions,2025-09-18T19:00:00Z,Eintracht Frankfurt,Galatasaray,5.0,1.0,False
uefa.champions,2025-09-18T19:00:00Z,Manchester City,Napoli,2.0,0.0,False
uefa.champions,2025-09-18T19:00:00Z,Newcastle United,Barcelona,1.0,2.0,False
uefa.champions,2025-09-18T19:00:00Z,Sporting CP,Kairat Almaty,4.0,1.0,False
uefa.europa,2025-09-24T16:45:00Z,FC Midtjylland,SK Sturm Graz,2.0,0.0,False
uefa.europa,2025-09-24T16:45:00Z,PAOK,Maccabi Tel-Aviv,0.0,0.0,False
uefa.europa,2025-09-24T19:00:00Z,Braga,Feyenoord Rotterdam,1.0,0.0,False
uefa.europa,2025-09-24T19:00:00Z,Dinamo Zagreb,Fenerbahce,3.0,1.0,False
uefa.europa,2025-09-24T19:00:00Z,Malmö FF,Ludogorets Razgrad,1.0,2.0,False
uefa.europa,2025-09-24T19:00:00Z,Nice,AS Roma,1.0,2.0,False
uefa.europa,2025-09-24T19:00:00Z,Real Betis,Nottingham Forest,2.0,2.0,False
uefa.europa,2025-09-24T19:00:00Z,Red Star Belgrade,Celtic,1.0,1.0,False
uefa.europa,2025-09-24T19:00:00Z,SC Freiburg,FC Basel,2.0,1.0,False
uefa.europa,2025-09-25T16:45:00Z,Go Ahead Eagles,FCSB,0.0,1.0,False
uefa.europa,2025-09-25T16:45:00Z,Lille,SK Brann,2.0,1.0,False
uefa.europa,2025-09-25T19:00:00Z,Aston Villa,Bologna,1.0,0.0,False
uefa.europa,2025-09-25T19:00:00Z,FC Utrecht,Lyon,0.0,1.0,False
uefa.europa,2025-09-25T19:00:00Z,Ferencvaros,Viktoria Plzen,1.0,1.0,False
uefa.europa,2025-09-25T19:00:00Z,RB Salzburg,FC Porto,0.0,1.0,False
uefa.europa,2025-09-25T19:00:00Z,Rangers,Racing Genk,0.0,1.0,False
uefa.europa,2025-09-25T19:00:00Z,VfB Stuttgart,Celta Vigo,2.0,1.0,False
uefa.europa,2025-09-25T19:00:00Z,Young Boys,Panathinaikos,1.0,4.0,False
uefa.champions,2025-09-30T16:45:00Z,Atalanta,Club Brugge,2.0,1.0,False
uefa.champions,2025-09-30T16:45:00Z,Kairat Almaty,Real Madrid,0.0,5.0,False
uefa.champions,2025-09-30T19:00:00Z,Atlético Madrid,Eintracht Frankfurt,5.0,1.0,False
uefa.champions,2025-09-30T19:00:00Z,Bodo/Glimt,Tottenham Hotspur,2.0,2.0,False
uefa.champions,2025-09-30T19:00:00Z,Chelsea,Benfica,1.0,0.0,False
uefa.champions,2025-09-30T19:00:00Z,Galatasaray,Liverpool,1.0,0.0,False
uefa.champions,2025-09-30T19:00:00Z,Internazionale,Slavia Prague,3.0,0.0,False
uefa.champions,2025-09-30T19:00:00Z,Marseille,Ajax Amsterdam,4.0,0.0,False
uefa.champions,2025-09-30T19:00:00Z,Pafos,Bayern Munich,1.0,5.0,False
uefa.champions,2025-10-01T16:45:00Z,FK Qarabag,F.C. København,2.0,0.0,False
uefa.champions,2025-10-01T16:45:00Z,Union St.-Gilloise,Newcastle United,0.0,4.0,False
uefa.champions,2025-10-01T19:00:00Z,AS Monaco,Manchester City,2.0,2.0,False
uefa.champions,2025-10-01T19:00:00Z,Arsenal,Olympiacos,2.0,0.0,False
uefa.champions,2025-10-01T19:00:00Z,Barcelona,Paris Saint-Germain,1.0,2.0,False
uefa.champions,2025-10-01T19:00:00Z,Bayer Leverkusen,PSV Eindhoven,1.0,1.0,False
uefa.champions,2025-10-01T19:00:00Z,Borussia Dortmund,Athletic Club,4.0,1.0,False
uefa.champions,2025-10-01T19:00:00Z,Napoli,Sporting CP,2.0,1.0,False
uefa.champions,2025-10-01T19:00:00Z,Villarreal,Juventus,2.0,2.0,False
uefa.europa,2025-10-02T16:45:00Z,AS Roma,Lille,0.0,1.0,False
uefa.europa,2025-10-02T16:45:00Z,Bologna,SC Freiburg,1.0,1.0,False
uefa.europa,2025-10-02T16:45:00Z,Celtic,Braga,0.0,2.0,False
uefa.europa,2025-10-02T16:45:00Z,FCSB,Young Boys,0.0,2.0,False
uefa.europa,2025-10-02T16:45:00Z,Fenerbahce,Nice,2.0,1.0,False
uefa.europa,2025-10-02T16:45:00Z,Ludogorets Razgrad,Real Betis,0.0,2.0,False
uefa.europa,2025-10-02T16:45:00Z,Panathinaikos,Go Ahead Eagles,1.0,2.0,False
uefa.europa,2025-10-02T16:45:00Z,SK Brann,FC Utrecht,1.0,0.0,False
uefa.europa,2025-10-02T16:45:00Z,Viktoria Plzen,Malmö FF,3.0,0.0,False
uefa.europa.conf,2025-10-02T16:45:00Z,Dynamo Kyiv,Crystal Palace,0.0,2.0,False
uefa.europa.conf,2025-10-02T16:45:00Z,FC Noah,Rijeka,1.0,0.0,False
uefa.europa.conf,2025-10-02T16:45:00Z,Jagiellonia Bialystok,Hamrun Spartans,1.0,0.0,False
uefa.europa.conf,2025-10-02T16:45:00Z,KuPS Kuopio,Drita Gjilan,1.0,1.0,False
uefa.europa.conf,2025-10-02T16:45:00Z,Lausanne Sports,Breidablik,3.0,0.0,False
uefa.europa.conf,2025-10-02T16:45:00Z,Lech Poznan,Rapid Vienna,4.0,1.0,False
uefa.europa.conf,2025-10-02T16:45:00Z,Omonia Nicosia,Mainz,0.0,1.0,False
uefa.europa.conf,2025-10-02T16:45:00Z,Rayo Vallecano,KF Shkëndija,2.0,0.0,False
uefa.europa.conf,2025-10-02T16:45:00Z,Zrinjski Mostar,Lincoln Red Imps,5.0,0.0,False
uefa.europa,2025-10-02T19:00:00Z,Celta Vigo,PAOK,3.0,1.0,False
uefa.europa,2025-10-02T19:00:00Z,FC Basel,VfB Stuttgart,2.0,0.0,False
uefa.europa,2025-10-02T19:00:00Z,FC Porto,Red Star Belgrade,2.0,1.0,False
uefa.europa,2025-10-02T19:00:00Z,Feyenoord Rotterdam,Aston Villa,0.0,2.0,False
uefa.europa,2025-10-02T19:00:00Z,Lyon,RB Salzburg,2.0,0.0,False
uefa.europa,2025-10-02T19:00:00Z,Maccabi Tel-Aviv,Dinamo Zagreb,1.0,3.0,False
uefa.europa,2025-10-02T19:00:00Z,Nottingham Forest,FC Midtjylland,2.0,3.0,False
uefa.europa,2025-10-02T19:00:00Z,Racing Genk,Ferencvaros,0.0,1.0,False
uefa.europa,2025-10-02T19:00:00Z,SK Sturm Graz,Rangers,2.0,1.0,False
uefa.europa.conf,2025-10-02T19:00:00Z,AEK Larnaca,AZ Alkmaar,4.0,0.0,False
uefa.europa.conf,2025-10-02T19:00:00Z,Aberdeen,Shakhtar Donetsk,2.0,3.0,False
uefa.europa.conf,2025-10-02T19:00:00Z,Fiorentina,Sigma Olomouc,2.0,0.0,False
uefa.europa.conf,2025-10-02T19:00:00Z,Legia Warsaw,Samsunspor,0.0,1.0,False
uefa.europa.conf,2025-10-02T19:00:00Z,NK Celje,AEK Athens,3.0,1.0,False
uefa.europa.conf,2025-10-02T19:00:00Z,Raków Czestochowa,CSU Craiova,2.0,0.0,False
uefa.europa.conf,2025-10-02T19:00:00Z,Shelbourne,BK Häcken,0.0,0.0,False
uefa.europa.conf,2025-10-02T19:00:00Z,Slovan Bratislava,Strasbourg,1.0,2.0,False
uefa.europa.conf,2025-10-02T19:00:00Z,Sparta Prague,Shamrock Rovers,4.0,1.0,False
uefa.champions,2025-10-21T16:45:00Z,Barcelona,Olympiacos,6.0,1.0,False
uefa.champions,2025-10-21T16:45:00Z,Kairat Almaty,Pafos,0.0,0.0,False
uefa.champions,2025-10-21T19:00:00Z,Arsenal,Atlético Madrid,4.0,0.0,False
uefa.champions,2025-10-21T19:00:00Z,Bayer Leverkusen,Paris Saint-Germain,2.0,7.0,False
uefa.champions,2025-10-21T19:00:00Z,F.C. København,Borussia Dortmund,2.0,4.0,False
uefa.champions,2025-10-21T19:00:00Z,Newcastle United,Benfica,3.0,0.0,False
uefa.champions,2025-10-21T19:00:00Z,PSV Eindhoven,Napoli,6.0,2.0,False
uefa.champions,2025-10-21T19:00:00Z,Union St.-Gilloise,Internazionale,0.0,4.0,False
uefa.champions,2025-10-21T19:00:00Z,Villarreal,Manchester City,0.0,2.0,False
uefa.champions,2025-10-22T16:45:00Z,Athletic Club,FK Qarabag,3.0,1.0,False
uefa.champions,2025-10-22T16:45:00Z,Galatasaray,Bodo/Glimt,3.0,1.0,False
uefa.champions,2025-10-22T19:00:00Z,AS Monaco,Tottenham Hotspur,0.0,0.0,False
uefa.champions,2025-10-22T19:00:00Z,Atalanta,Slavia Prague,0.0,0.0,False
uefa.champions,2025-10-22T19:00:00Z,Bayern Munich,Club Brugge,4.0,0.0,False
uefa.champions,2025-10-22T19:00:00Z,Chelsea,Ajax Amsterdam,5.0,1.0,False
uefa.champions,2025-10-22T19:00:00Z,Eintracht Frankfurt,Liverpool,1.0,5.0,False
uefa.champions,2025-10-22T19:00:00Z,Real Madrid,Juventus,1.0,0.0,False
uefa.champions,2025-10-22T19:00:00Z,Sporting CP,Marseille,2.0,1.0,False
uefa.europa,2025-10-23T16:45:00Z,Braga,Red Star Belgrade,2.0,0.0,False
uefa.europa,2025-10-23T16:45:00Z,FCSB,Bologna,1.0,2.0,False
uefa.europa,2025-10-23T16:45:00Z,Fenerbahce,VfB Stuttgart,1.0,0.0,False
uefa.europa,2025-10-23T16:45:00Z,Go Ahead Eagles,Aston Villa,2.0,1.0,False
uefa.europa,2025-10-23T16:45:00Z,Lyon,FC Basel,2.0,0.0,False
uefa.europa,2025-10-23T16:45:00Z,RB Salzburg,Ferencvaros,2.0,3.0,False
uefa.europa,2025-10-23T16:45:00Z,Racing Genk,Real Betis,0.0,0.0,False
uefa.europa,2025-10-23T16:45:00Z,SK Brann,Rangers,3.0,0.0,False
uefa.europa.conf,2025-10-23T16:45:00Z,AEK Athens,Aberdeen,6.0,0.0,False
uefa.europa.conf,2025-10-23T16:45:00Z,AZ Alkmaar,Slovan Bratislava,1.0,0.0,False
uefa.europa.conf,2025-10-23T16:45:00Z,BK Häcken,Rayo Vallecano,2.0,2.0,False
uefa.europa.conf,2025-10-23T16:45:00Z,Breidablik,KuPS Kuopio,0.0,0.0,False
uefa.europa.conf,2025-10-23T16:45:00Z,Drita Gjilan,Omonia Nicosia,1.0,1.0,False
uefa.europa.conf,2025-10-23T16:45:00Z,KF Shkëndija,Shelbourne,1.0,0.0,False
uefa.europa.conf,2025-10-23T16:45:00Z,Rapid Vienna,Fiorentina,0.0,3.0,False
uefa.europa.conf,2025-10-23T16:45:00Z,Shakhtar Donetsk,Legia Warsaw,1.0,2.0,False
uefa.europa.conf,2025-10-23T16:45:00Z,Strasbourg,Jagiellonia Bialystok,1.0,1.0,False
uefa.europa,2025-10-23T19:00:00Z,AS Roma,Viktoria Plzen,1.0,2.0,False
uefa.europa,2025-10-23T19:00:00Z,Celta Vigo,Nice,2.0,1.0,False
uefa.europa,2025-10-23T19:00:00Z,Celtic,SK Sturm Graz,2.0,1.0,False
uefa.europa,2025-10-23T19:00:00Z,Feyenoord Rotterdam,Panathinaikos,3.0,1.0,False
uefa.europa,2025-10-23T19:00:00Z,Lille,PAOK,3.0,4.0,False
uefa.europa,2025-10-23T19:00:00Z,Maccabi Tel-Aviv,FC Midtjylland,0.0,3.0,False
uefa.europa,2025-10-23T19:00:00Z,Malmö FF,Dinamo Zagreb,1.0,1.0,False
uefa.europa,2025-10-23T19:00:00Z,Nottingham Forest,FC Porto,2.0,0.0,False
uefa.europa,2025-10-23T19:00:00Z,SC Freiburg,FC Utrecht,2.0,0.0,False
uefa.europa,2025-10-23T19:00:00Z,Young Boys,Ludogorets Razgrad,3.0,2.0,False
uefa.europa.conf,2025-10-23T19:00:00Z,CSU Craiova,FC Noah,1.0,1.0,False
uefa.europa.conf,2025-10-23T19:00:00Z,Crystal Palace,AEK Larnaca,0.0,1.0,False
uefa.europa.conf,2025-10-23T19:00:00Z,Hamrun Spartans,Lausanne Sports,0.0,1.0,False
uefa.europa.conf,2025-10-23T19:00:00Z,Lincoln Red Imps,Lech Poznan,2.0,1.0,False
uefa.europa.conf,2025-10-23T19:00:00Z,Mainz,Zrinjski Mostar,1.0,0.0,False
uefa.europa.conf,2025-10-23T19:00:00Z,Samsunspor,Dynamo Kyiv,3.0,0.0,False
uefa.europa.conf,2025-10-23T19:00:00Z,Shamrock Rovers,NK Celje,0.0,2.0,False
uefa.europa.conf,2025-10-23T19:00:00Z,Sigma Olomouc,Raków Czestochowa,1.0,1.0,False
uefa.europa.conf,2025-10-24T14:00:00Z,Rijeka,Sparta Prague,1.0,0.0,False
uefa.champions,2025-11-04T17:45:00Z,Napoli,Eintracht Frankfurt,0.0,0.0,False
uefa.champions,2025-11-04T17:45:00Z,Slavia Prague,Arsenal,0.0,3.0,False
uefa.champions,2025-11-04T20:00:00Z,Atlético Madrid,Union St.-Gilloise,3.0,1.0,False
uefa.champions,2025-11-04T20:00:00Z,Bodo/Glimt,AS Monaco,0.0,1.0,False
uefa.champions,2025-11-04T20:00:00Z,Juventus,Sporting CP,1.0,1.0,False
uefa.champions,2025-11-04T20:00:00Z,Liverpool,Real Madrid,1.0,0.0,False
uefa.champions,2025-11-04T20:00:00Z,Olympiacos,PSV Eindhoven,1.0,1.0,False
uefa.champions,2025-11-04T20:00:00Z,Paris Saint-Germain,Bayern Munich,1.0,2.0,False
uefa.champions,2025-11-04T20:00:00Z,Tottenham Hotspur,F.C. København,4.0,0.0,False
uefa.champions,2025-11-05T17:45:00Z,FK Qarabag,Chelsea,2.0,2.0,False
uefa.champions,2025-11-05T17:45:00Z,Pafos,Villarreal,1.0,0.0,False
uefa.champions,2025-11-05T20:00:00Z,Ajax Amsterdam,Galatasaray,0.0,3.0,False
uefa.champions,2025-11-05T20:00:00Z,Benfica,Bayer Leverkusen,0.0,1.0,False
uefa.champions,2025-11-05T20:00:00Z,Club Brugge,Barcelona,3.0,3.0,False
uefa.champions,2025-11-05T20:00:00Z,Internazionale,Kairat Almaty,2.0,1.0,False
uefa.champions,2025-11-05T20:00:00Z,Manchester City,Borussia Dortmund,4.0,1.0,False
uefa.champions,2025-11-05T20:00:00Z,Marseille,Atalanta,0.0,1.0,False
uefa.champions,2025-11-05T20:00:00Z,Newcastle United,Athletic Club,2.0,0.0,False
uefa.europa,2025-11-06T17:45:00Z,Dinamo Zagreb,Celta Vigo,0.0,3.0,False
uefa.europa,2025-11-06T17:45:00Z,FC Basel,FCSB,3.0,1.0,False
uefa.europa,2025-11-06T17:45:00Z,FC Midtjylland,Celtic,3.0,1.0,False
uefa.europa,2025-11-06T17:45:00Z,FC Utrecht,FC Porto,1.0,1.0,False
uefa.europa,2025-11-06T17:45:00Z,Malmö FF,Panathinaikos,0.0,1.0,False
uefa.europa,2025-11-06T17:45:00Z,Nice,SC Freiburg,1.0,3.0,False
uefa.europa,2025-11-06T17:45:00Z,RB Salzburg,Go Ahead Eagles,2.0,0.0,False
uefa.europa,2025-11-06T17:45:00Z,Red Star Belgrade,Lille,1.0,0.0,False
uefa.europa,2025-11-06T17:45:00Z,SK Sturm Graz,Nottingham Forest,0.0,0.0,False
uefa.europa.conf,2025-11-06T17:45:00Z,AEK Athens,Shamrock Rovers,1.0,1.0,False
uefa.europa.conf,2025-11-06T17:45:00Z,AEK Larnaca,Aberdeen,0.0,0.0,False
uefa.europa.conf,2025-11-06T17:45:00Z,FC Noah,Sigma Olomouc,1.0,2.0,False
uefa.europa.conf,2025-11-06T17:45:00Z,KuPS Kuopio,Slovan Bratislava,3.0,1.0,False
uefa.europa.conf,2025-11-06T17:45:00Z,Mainz,Fiorentina,2.0,1.0,False
uefa.europa.conf,2025-11-06T17:45:00Z,NK Celje,Legia Warsaw,2.0,1.0,False
uefa.europa.conf,2025-11-06T17:45:00Z,Samsunspor,Hamrun Spartans,3.0,0.0,False
uefa.europa.conf,2025-11-06T17:45:00Z,Shakhtar Donetsk,Breidablik,2.0,0.0,False
uefa.europa.conf,2025-11-06T17:45:00Z,Sparta Prague,Raków Czestochowa,0.0,0.0,False
uefa.europa,2025-11-06T20:00:00Z,Aston Villa,Maccabi Tel-Aviv,2.0,0.0,False
uefa.europa,2025-11-06T20:00:00Z,Bologna,SK Brann,0.0,0.0,False
uefa.europa,2025-11-06T20:00:00Z,Braga,Racing Genk,3.0,4.0,False
uefa.europa,2025-11-06T20:00:00Z,Ferencvaros,Ludogorets Razgrad,3.0,1.0,False
uefa.europa,2025-11-06T20:00:00Z,PAOK,Young Boys,4.0,0.0,False
uefa.europa,2025-11-06T20:00:00Z,Rangers,AS Roma,0.0,2.0,False
uefa.europa,2025-11-06T20:00:00Z,Real Betis,Lyon,2.0,0.0,False
uefa.europa,2025-11-06T20:00:00Z,VfB Stuttgart,Feyenoord Rotterdam,2.0,0.0,False
uefa.europa,2025-11-06T20:00:00Z,Viktoria Plzen,Fenerbahce,0.0,0.0,False
uefa.europa.conf,2025-11-06T20:00:00Z,BK Häcken,Strasbourg,1.0,2.0,False
uefa.europa.conf,2025-11-06T20:00:00Z,Crystal Palace,AZ Alkmaar,3.0,1.0,False
uefa.europa.conf,2025-11-06T20:00:00Z,Dynamo Kyiv,Zrinjski Mostar,6.0,0.0,False
uefa.europa.conf,2025-11-06T20:00:00Z,KF Shkëndija,Jagiellonia Bialystok,1.0,1.0,False
uefa.europa.conf,2025-11-06T20:00:00Z,Lausanne Sports,Omonia Nicosia,1.0,1.0,False
uefa.europa.conf,2025-11-06T20:00:00Z,Lincoln Red Imps,Rijeka,1.0,1.0,False
uefa.europa.conf,2025-11-06T20:00:00Z,Rapid Vienna,CSU Craiova,0.0,1.0,False
uefa.europa.conf,2025-11-06T20:00:00Z,Rayo Vallecano,Lech Poznan,3.0,2.0,False
uefa.europa.conf,2025-11-06T20:00:00Z,Shelbourne,Drita Gjilan,0.0,1.0,False
caf.champions,2025-11-21T13:00:00Z,Al Hilal Omdurman,MC Alger,2.0,1.0,False
caf.champions,2025-11-22T13:00:00Z,Mamelodi Sundowns,FC Saint Eloi Lupopo,3.0,1.0,False
caf.champions,2025-11-22T13:00:00Z,Young Africans,AS FAR,1.0,0.0,False
caf.champions,2025-11-22T16:00:00Z,Al Ahly,JS Kabylie,4.0,1.0,False
caf.champions,2025-11-22T16:00:00Z,Esperance Sportive de Tunis,Stade Malien,0.0,0.0,False
caf.champions,2025-11-22T19:00:00Z,Pyramids FC,Rivers United FC,3.0,0.0,False
caf.champions,2025-11-22T19:00:00Z,RSB Berkane,Power Dynamos,3.0,0.0,False
caf.confed,2025-11-22T19:00:00Z,CR Belouizdad,Singida Black Stars,2.0,0.0,False
caf.champions,2025-11-23T13:00:00Z,Simba SC,Petro de Luanda,0.0,1.0,False
caf.confed,2025-11-23T13:00:00Z,AS Maniema Union,Azam FC,2.0,0.0,False
caf.confed,2025-11-23T13:00:00Z,Stellenbosch,Otôho d'Oyo,1.0,0.0,False
caf.confed,2025-11-23T16:00:00Z,Al-Masry,Kaizer Chiefs,2.0,1.0,False
caf.confed,2025-11-23T16:00:00Z,Djoliba,Olympic Safi,0.0,1.0,False
caf.confed,2025-11-23T19:00:00Z,USM Alger,San Pédro,3.0,2.0,False
caf.confed,2025-11-23T19:00:00Z,Wydad AC,Nairobi United,3.0,0.0,False
caf.confed,2025-11-23T19:00:00Z,Zamalek,ZESCO United,1.0,0.0,False
uefa.champions,2025-11-25T17:45:00Z,Ajax Amsterdam,Benfica,0.0,2.0,False
uefa.champions,2025-11-25T17:45:00Z,Galatasaray,Union St.-Gilloise,0.0,1.0,False
uefa.champions,2025-11-25T20:00:00Z,Bodo/Glimt,Juventus,2.0,3.0,False
uefa.champions,2025-11-25T20:00:00Z,Borussia Dortmund,Villarreal,4.0,0.0,False
uefa.champions,2025-11-25T20:00:00Z,Chelsea,Barcelona,3.0,0.0,False
uefa.champions,2025-11-25T20:00:00Z,Manchester City,Bayer Leverkusen,0.0,2.0,False
uefa.champions,2025-11-25T20:00:00Z,Marseille,Newcastle United,2.0,1.0,False
uefa.champions,2025-11-25T20:00:00Z,Napoli,FK Qarabag,2.0,0.0,False
uefa.champions,2025-11-25T20:00:00Z,Slavia Prague,Athletic Club,0.0,0.0,False
uefa.champions,2025-11-26T17:45:00Z,F.C. København,Kairat Almaty,3.0,2.0,False
uefa.champions,2025-11-26T17:45:00Z,Pafos,AS Monaco,2.0,2.0,False
uefa.champions,2025-11-26T20:00:00Z,Arsenal,Bayern Munich,3.0,1.0,False
uefa.champions,2025-11-26T20:00:00Z,Atlético Madrid,Internazionale,2.0,1.0,False
uefa.champions,2025-11-26T20:00:00Z,Eintracht Frankfurt,Atalanta,0.0,3.0,False
uefa.champions,2025-11-26T20:00:00Z,Liverpool,PSV Eindhoven,1.0,4.0,False
uefa.champions,2025-11-26T20:00:00Z,Olympiacos,Real Madrid,3.0,4.0,False
uefa.champions,2025-11-26T20:00:00Z,Paris Saint-Germain,Tottenham Hotspur,5.0,3.0,False
uefa.champions,2025-11-26T20:00:00Z,Sporting CP,Club Brugge,3.0,0.0,False
uefa.europa,2025-11-27T17:45:00Z,AS Roma,FC Midtjylland,2.0,1.0,False
uefa.europa,2025-11-27T17:45:00Z,Aston Villa,Young Boys,2.0,1.0,False
uefa.europa,2025-11-27T17:45:00Z,FC Porto,Nice,3.0,0.0,False
uefa.europa,2025-11-27T17:45:00Z,Fenerbahce,Ferencvaros,1.0,1.0,False
uefa.europa,2025-11-27T17:45:00Z,Feyenoord Rotterdam,Celtic,1.0,3.0,False
uefa.europa,2025-11-27T17:45:00Z,Lille,Dinamo Zagreb,4.0,0.0,False
uefa.europa,2025-11-27T17:45:00Z,Ludogorets Razgrad,Celta Vigo,3.0,2.0,False
uefa.europa,2025-11-27T17:45:00Z,PAOK,SK Brann,1.0,1.0,False
uefa.europa,2025-11-27T17:45:00Z,Viktoria Plzen,SC Freiburg,0.0,0.0,False
uefa.europa.conf,2025-11-27T17:45:00Z,AZ Alkmaar,Shelbourne,2.0,0.0,False
uefa.europa.conf,2025-11-27T17:45:00Z,CSU Craiova,Mainz,1.0,0.0,False
uefa.europa.conf,2025-11-27T17:45:00Z,Hamrun Spartans,Lincoln Red Imps,3.0,1.0,False
uefa.europa.conf,2025-11-27T17:45:00Z,Lech Poznan,Lausanne Sports,2.0,0.0,False
uefa.europa.conf,2025-11-27T17:45:00Z,Omonia Nicosia,Dynamo Kyiv,2.0,0.0,False
uefa.europa.conf,2025-11-27T17:45:00Z,Raków Czestochowa,Rapid Vienna,4.0,1.0,False
uefa.europa.conf,2025-11-27T17:45:00Z,Sigma Olomouc,NK Celje,2.0,1.0,False
uefa.europa.conf,2025-11-27T17:45:00Z,Slovan Bratislava,Rayo Vallecano,2.0,1.0,False
uefa.europa.conf,2025-11-27T17:45:00Z,Zrinjski Mostar,BK Häcken,2.0,1.0,False
uefa.europa,2025-11-27T20:00:00Z,Bologna,RB Salzburg,4.0,1.0,False
uefa.europa,2025-11-27T20:00:00Z,Go Ahead Eagles,VfB Stuttgart,0.0,4.0,False
uefa.europa,2025-11-27T20:00:00Z,Maccabi Tel-Aviv,Lyon,0.0,6.0,False
uefa.europa,2025-11-27T20:00:00Z,Nottingham Forest,Malmö FF,3.0,0.0,False
uefa.europa,2025-11-27T20:00:00Z,Panathinaikos,SK Sturm Graz,2.0,1.0,False
uefa.europa,2025-11-27T20:00:00Z,Racing Genk,FC Basel,2.0,1.0,False
uefa.europa,2025-11-27T20:00:00Z,Rangers,Braga,1.0,1.0,False
uefa.europa,2025-11-27T20:00:00Z,Real Betis,FC Utrecht,2.0,1.0,False
uefa.europa,2025-11-27T20:00:00Z,Red Star Belgrade,FCSB,1.0,0.0,False
uefa.europa.conf,2025-11-27T20:00:00Z,Aberdeen,FC Noah,1.0,1.0,False
uefa.europa.conf,2025-11-27T20:00:00Z,Breidablik,Samsunspor,2.0,2.0,False
uefa.europa.conf,2025-11-27T20:00:00Z,Drita Gjilan,KF Shkëndija,1.0,0.0,False
uefa.europa.conf,2025-11-27T20:00:00Z,Fiorentina,AEK Athens,0.0,1.0,False
uefa.europa.conf,2025-11-27T20:00:00Z,Jagiellonia Bialystok,KuPS Kuopio,1.0,0.0,False
uefa.europa.conf,2025-11-27T20:00:00Z,Legia Warsaw,Sparta Prague,0.0,1.0,False
uefa.europa.conf,2025-11-27T20:00:00Z,Rijeka,AEK Larnaca,0.0,0.0,False
uefa.europa.conf,2025-11-27T20:00:00Z,Shamrock Rovers,Shakhtar Donetsk,1.0,2.0,False
uefa.europa.conf,2025-11-27T20:00:00Z,Strasbourg,Crystal Palace,2.0,1.0,False
caf.confed,2025-11-28T13:00:00Z,ZESCO United,Al-Masry,2.0,3.0,False
caf.champions,2025-11-28T16:00:00Z,JS Kabylie,Young Africans,0.0,0.0,False
caf.champions,2025-11-28T16:00:00Z,Rivers United FC,RSB Berkane,1.0,2.0,False
caf.confed,2025-11-28T16:00:00Z,Azam FC,Wydad AC,0.0,1.0,False
caf.champions,2025-11-28T19:00:00Z,AS FAR,Al Ahly,1.0,1.0,False
caf.champions,2025-11-28T19:00:00Z,MC Alger,Mamelodi Sundowns,0.0,0.0,False
caf.confed,2025-11-28T19:00:00Z,Olympic Safi,USM Alger,0.0,1.0,False
caf.confed,2025-11-29T13:00:00Z,Kaizer Chiefs,Zamalek,1.0,1.0,False
caf.confed,2025-11-29T13:00:00Z,Otôho d'Oyo,CR Belouizdad,4.0,1.0,False
caf.champions,2025-11-29T16:00:00Z,Petro de Luanda,Esperance Sportive de Tunis,1.0,1.0,False
caf.champions,2025-11-29T16:00:00Z,Power Dynamos,Pyramids FC,0.0,1.0,False
caf.champions,2025-11-30T13:00:00Z,FC Saint Eloi Lupopo,Al Hilal Omdurman,1.0,1.0,False
caf.confed,2025-11-30T13:00:00Z,Nairobi United,AS Maniema Union,0.0,1.0,False
caf.champions,2025-11-30T16:00:00Z,Stade Malien,Simba SC,2.0,1.0,False
caf.confed,2025-11-30T16:00:00Z,San Pédro,Djoliba,2.0,0.0,False
caf.confed,2025-11-30T16:00:00Z,Singida Black Stars,Stellenbosch,1.0,1.0,False
uefa.champions,2025-12-09T15:30:00Z,Kairat Almaty,Olympiacos,0.0,1.0,False
uefa.champions,2025-12-09T17:45:00Z,Bayern Munich,Sporting CP,3.0,1.0,False
uefa.champions,2025-12-09T20:00:00Z,AS Monaco,Galatasaray,1.0,0.0,False
uefa.champions,2025-12-09T20:00:00Z,Atalanta,Chelsea,2.0,1.0,False
uefa.champions,2025-12-09T20:00:00Z,Barcelona,Eintracht Frankfurt,2.0,1.0,False
uefa.champions,2025-12-09T20:00:00Z,Internazionale,Liverpool,0.0,1.0,False
uefa.champions,2025-12-09T20:00:00Z,PSV Eindhoven,Atlético Madrid,2.0,3.0,False
uefa.champions,2025-12-09T20:00:00Z,Tottenham Hotspur,Slavia Prague,3.0,0.0,False
uefa.champions,2025-12-09T20:00:00Z,Union St.-Gilloise,Marseille,2.0,3.0,False
uefa.champions,2025-12-10T17:45:00Z,FK Qarabag,Ajax Amsterdam,2.0,4.0,False
uefa.champions,2025-12-10T17:45:00Z,Villarreal,F.C. København,2.0,3.0,False
uefa.champions,2025-12-10T20:00:00Z,Athletic Club,Paris Saint-Germain,0.0,0.0,False
uefa.champions,2025-12-10T20:00:00Z,Bayer Leverkusen,Newcastle United,2.0,2.0,False
uefa.champions,2025-12-10T20:00:00Z,Benfica,Napoli,2.0,0.0,False
uefa.champions,2025-12-10T20:00:00Z,Borussia Dortmund,Bodo/Glimt,2.0,2.0,False
uefa.champions,2025-12-10T20:00:00Z,Club Brugge,Arsenal,0.0,3.0,False
uefa.champions,2025-12-10T20:00:00Z,Juventus,Pafos,2.0,0.0,False
uefa.champions,2025-12-10T20:00:00Z,Real Madrid,Manchester City,1.0,2.0,False
uefa.europa,2025-12-11T17:45:00Z,Dinamo Zagreb,Real Betis,1.0,3.0,False
uefa.europa,2025-12-11T17:45:00Z,FC Midtjylland,Racing Genk,1.0,0.0,False
uefa.europa,2025-12-11T17:45:00Z,FC Utrecht,Nottingham Forest,1.0,2.0,False
uefa.europa,2025-12-11T17:45:00Z,Ferencvaros,Rangers,2.0,1.0,False
uefa.europa,2025-12-11T17:45:00Z,Ludogorets Razgrad,PAOK,3.0,3.0,False
uefa.europa,2025-12-11T17:45:00Z,Nice,Braga,0.0,1.0,False
uefa.europa,2025-12-11T17:45:00Z,SK Sturm Graz,Red Star Belgrade,0.0,1.0,False
uefa.europa,2025-12-11T17:45:00Z,VfB Stuttgart,Maccabi Tel-Aviv,4.0,1.0,False
uefa.europa,2025-12-11T17:45:00Z,Young Boys,Lille,1.0,0.0,False
uefa.europa.conf,2025-12-11T17:45:00Z,BK Häcken,AEK Larnaca,1.0,1.0,False
uefa.europa.conf,2025-12-11T17:45:00Z,Breidablik,Shamrock Rovers,3.0,1.0,False
uefa.europa.conf,2025-12-11T17:45:00Z,CSU Craiova,Sparta Prague,1.0,2.0,False
uefa.europa.conf,2025-12-11T17:45:00Z,Drita Gjilan,AZ Alkmaar,0.0,3.0,False
uefa.europa.conf,2025-12-11T17:45:00Z,FC Noah,Legia Warsaw,2.0,1.0,False
uefa.europa.conf,2025-12-11T17:45:00Z,Fiorentina,Dynamo Kyiv,2.0,1.0,False
uefa.europa.conf,2025-12-11T17:45:00Z,Jagiellonia Bialystok,Rayo Vallecano,1.0,2.0,False
uefa.europa.conf,2025-12-11T17:45:00Z,KF Shkëndija,Slovan Bratislava,2.0,0.0,False
uefa.europa.conf,2025-12-11T17:45:00Z,Samsunspor,AEK Athens,1.0,2.0,False
uefa.europa,2025-12-11T20:00:00Z,Celta Vigo,Bologna,1.0,2.0,False
uefa.europa,2025-12-11T20:00:00Z,Celtic,AS Roma,0.0,3.0,False
uefa.europa,2025-12-11T20:00:00Z,FC Basel,Aston Villa,1.0,2.0,False
uefa.europa,2025-12-11T20:00:00Z,FC Porto,Malmö FF,2.0,1.0,False
uefa.europa,2025-12-11T20:00:00Z,FCSB,Feyenoord Rotterdam,4.0,3.0,False
uefa.europa,2025-12-11T20:00:00Z,Lyon,Go Ahead Eagles,2.0,1.0,False
uefa.europa,2025-12-11T20:00:00Z,Panathinaikos,Viktoria Plzen,0.0,0.0,False
uefa.europa,2025-12-11T20:00:00Z,SC Freiburg,RB Salzburg,1.0,0.0,False
uefa.europa,2025-12-11T20:00:00Z,SK Brann,Fenerbahce,0.0,4.0,False
uefa.europa.conf,2025-12-11T20:00:00Z,Aberdeen,Strasbourg,0.0,1.0,False
uefa.europa.conf,2025-12-11T20:00:00Z,Hamrun Spartans,Shakhtar Donetsk,0.0,2.0,False
uefa.europa.conf,2025-12-11T20:00:00Z,KuPS Kuopio,Lausanne Sports,0.0,0.0,False
uefa.europa.conf,2025-12-11T20:00:00Z,Lech Poznan,Mainz,1.0,1.0,False
uefa.europa.conf,2025-12-11T20:00:00Z,Lincoln Red Imps,Sigma Olomouc,2.0,1.0,False
uefa.europa.conf,2025-12-11T20:00:00Z,Raków Czestochowa,Zrinjski Mostar,1.0,0.0,False
uefa.europa.conf,2025-12-11T20:00:00Z,Rapid Vienna,Omonia Nicosia,0.0,1.0,False
uefa.europa.conf,2025-12-11T20:00:00Z,Rijeka,NK Celje,3.0,0.0,False
uefa.europa.conf,2025-12-11T20:00:00Z,Shelbourne,Crystal Palace,0.0,3.0,False
uefa.europa.conf,2025-12-18T20:00:00Z,AEK Athens,CSU Craiova,3.0,2.0,False
uefa.europa.conf,2025-12-18T20:00:00Z,AEK Larnaca,KF Shkëndija,1.0,0.0,False
uefa.europa.conf,2025-12-18T20:00:00Z,AZ Alkmaar,Jagiellonia Bialystok,0.0,0.0,False
uefa.europa.conf,2025-12-18T20:00:00Z,Crystal Palace,KuPS Kuopio,2.0,2.0,False
uefa.europa.conf,2025-12-18T20:00:00Z,Dynamo Kyiv,FC Noah,2.0,0.0,False
uefa.europa.conf,2025-12-18T20:00:00Z,Lausanne Sports,Fiorentina,1.0,0.0,False
uefa.europa.conf,2025-12-18T20:00:00Z,Legia Warsaw,Lincoln Red Imps,4.0,1.0,False
uefa.europa.conf,2025-12-18T20:00:00Z,Mainz,Samsunspor,2.0,0.0,False
uefa.europa.conf,2025-12-18T20:00:00Z,NK Celje,Shelbourne,0.0,0.0,False
uefa.europa.conf,2025-12-18T20:00:00Z,Omonia Nicosia,Raków Czestochowa,0.0,1.0,False
uefa.europa.conf,2025-12-18T20:00:00Z,Rayo Vallecano,Drita Gjilan,3.0,0.0,False
uefa.europa.conf,2025-12-18T20:00:00Z,Shakhtar Donetsk,Rijeka,0.0,0.0,False
uefa.europa.conf,2025-12-18T20:00:00Z,Shamrock Rovers,Hamrun Spartans,3.0,1.0,False
uefa.europa.conf,2025-12-18T20:00:00Z,Sigma Olomouc,Lech Poznan,1.0,2.0,False
uefa.europa.conf,2025-12-18T20:00:00Z,Slovan Bratislava,BK Häcken,1.0,0.0,False
uefa.europa.conf,2025-12-18T20:00:00Z,Sparta Prague,Aberdeen,3.0,0.0,False
uefa.europa.conf,2025-12-18T20:00:00Z,Strasbourg,Breidablik,3.0,1.0,False
uefa.europa.conf,2025-12-18T20:00:00Z,Zrinjski Mostar,Rapid Vienna,1.0,1.0,False
uefa.champions,2026-01-20T15:30:00Z,Kairat Almaty,Club Brugge,1.0,4.0,False
uefa.champions,2026-01-20T17:45:00Z,Bodo/Glimt,Manchester City,3.0,1.0,False
uefa.champions,2026-01-20T20:00:00Z,F.C. København,Napoli,1.0,1.0,False
uefa.champions,2026-01-20T20:00:00Z,Internazionale,Arsenal,1.0,3.0,False
uefa.champions,2026-01-20T20:00:00Z,Olympiacos,Bayer Leverkusen,2.0,0.0,False
uefa.champions,2026-01-20T20:00:00Z,Real Madrid,AS Monaco,6.0,1.0,False
uefa.champions,2026-01-20T20:00:00Z,Sporting CP,Paris Saint-Germain,2.0,1.0,False
uefa.champions,2026-01-20T20:00:00Z,Tottenham Hotspur,Borussia Dortmund,2.0,0.0,False
uefa.champions,2026-01-20T20:00:00Z,Villarreal,Ajax Amsterdam,1.0,2.0,False
uefa.champions,2026-01-21T17:45:00Z,FK Qarabag,Eintracht Frankfurt,3.0,2.0,False
uefa.champions,2026-01-21T17:45:00Z,Galatasaray,Atlético Madrid,1.0,1.0,False
uefa.champions,2026-01-21T20:00:00Z,Atalanta,Athletic Club,2.0,3.0,False
uefa.champions,2026-01-21T20:00:00Z,Bayern Munich,Union St.-Gilloise,2.0,0.0,False
uefa.champions,2026-01-21T20:00:00Z,Chelsea,Pafos,1.0,0.0,False
uefa.champions,2026-01-21T20:00:00Z,Juventus,Benfica,2.0,0.0,False
uefa.champions,2026-01-21T20:00:00Z,Marseille,Liverpool,0.0,3.0,False
uefa.champions,2026-01-21T20:00:00Z,Newcastle United,PSV Eindhoven,3.0,0.0,False
uefa.champions,2026-01-21T20:00:00Z,Slavia Prague,Barcelona,2.0,4.0,False
uefa.europa,2026-01-22T17:45:00Z,Bologna,Celtic,2.0,2.0,False
uefa.europa,2026-01-22T17:45:00Z,Fenerbahce,Aston Villa,0.0,1.0,False
uefa.europa,2026-01-22T17:45:00Z,Feyenoord Rotterdam,SK Sturm Graz,3.0,0.0,False
uefa.europa,2026-01-22T17:45:00Z,Malmö FF,Red Star Belgrade,0.0,1.0,False
uefa.europa,2026-01-22T17:45:00Z,PAOK,Real Betis,2.0,0.0,False
uefa.europa,2026-01-22T17:45:00Z,SC Freiburg,Maccabi Tel-Aviv,1.0,0.0,False
uefa.europa,2026-01-22T17:45:00Z,SK Brann,FC Midtjylland,3.0,3.0,False
uefa.europa,2026-01-22T17:45:00Z,Viktoria Plzen,FC Porto,1.0,1.0,False
uefa.europa,2026-01-22T17:45:00Z,Young Boys,Lyon,0.0,1.0,False
uefa.europa,2026-01-22T20:00:00Z,AS Roma,VfB Stuttgart,2.0,0.0,False
uefa.europa,2026-01-22T20:00:00Z,Braga,Nottingham Forest,1.0,0.0,False
uefa.europa,2026-01-22T20:00:00Z,Celta Vigo,Lille,2.0,1.0,False
uefa.europa,2026-01-22T20:00:00Z,Dinamo Zagreb,FCSB,4.0,1.0,False
uefa.europa,2026-01-22T20:00:00Z,Ferencvaros,Panathinaikos,1.0,1.0,False
uefa.europa,2026-01-22T20:00:00Z,Nice,Go Ahead Eagles,3.0,1.0,False
uefa.europa,2026-01-22T20:00:00Z,RB Salzburg,FC Basel,3.0,1.0,False
uefa.europa,2026-01-22T20:00:00Z,Rangers,Ludogorets Razgrad,1.0,0.0,False
uefa.europa,2026-01-22T20:50:00Z,FC Utrecht,Racing Genk,0.0,2.0,False
caf.champions,2026-01-23T16:00:00Z,Al Ahly,Young Africans,2.0,0.0,False
caf.champions,2026-01-23T18:00:00Z,Mamelodi Sundowns,Al Hilal Omdurman,2.0,2.0,False
caf.champions,2026-01-24T13:00:00Z,Power Dynamos,Rivers United FC,0.0,0.0,False
caf.champions,2026-01-24T16:00:00Z,Esperance Sportive de Tunis,Simba SC,1.0,0.0,False
caf.champions,2026-01-24T16:00:00Z,JS Kabylie,AS FAR,0.0,0.0,False
caf.champions,2026-01-24T19:00:00Z,RSB Berkane,Pyramids FC,0.0,0.0,False
caf.confed,2026-01-24T19:00:00Z,USM Alger,Djoliba,2.0,0.0,False
caf.champions,2026-01-25T13:00:00Z,FC Saint Eloi Lupopo,MC Alger,1.0,0.0,False
caf.confed,2026-01-25T13:00:00Z,Nairobi United,Azam FC,1.0,2.0,False
caf.confed,2026-01-25T13:00:00Z,ZESCO United,Kaizer Chiefs,0.0,1.0,False
caf.champions,2026-01-25T16:00:00Z,Stade Malien,Petro de Luanda,2.0,0.0,False
caf.confed,2026-01-25T16:00:00Z,San Pédro,Olympic Safi,1.0,2.0,False
caf.confed,2026-01-25T16:00:00Z,Singida Black Stars,Otôho d'Oyo,1.0,0.0,False
caf.confed,2026-01-25T19:00:00Z,CR Belouizdad,Stellenbosch,2.0,0.0,False
caf.confed,2026-01-25T19:00:00Z,Wydad AC,AS Maniema Union,1.0,0.0,False
caf.confed,2026-01-25T19:00:00Z,Zamalek,Al-Masry,0.0,0.0,False
uefa.champions,2026-01-28T20:00:00Z,AS Monaco,Juventus,0.0,0.0,False
uefa.champions,2026-01-28T20:00:00Z,Ajax Amsterdam,Olympiacos,1.0,2.0,False
uefa.champions,2026-01-28T20:00:00Z,Arsenal,Kairat Almaty,3.0,2.0,False
uefa.champions,2026-01-28T20:00:00Z,Athletic Club,Sporting CP,2.0,3.0,False
uefa.champions,2026-01-28T20:00:00Z,Atlético Madrid,Bodo/Glimt,1.0,2.0,False
uefa.champions,2026-01-28T20:00:00Z,Barcelona,F.C. København,4.0,1.0,False
uefa.champions,2026-01-28T20:00:00Z,Bayer Leverkusen,Villarreal,3.0,0.0,False
uefa.champions,2026-01-28T20:00:00Z,Benfica,Real Madrid,4.0,2.0,False
uefa.champions,2026-01-28T20:00:00Z,Borussia Dortmund,Internazionale,0.0,2.0,False
uefa.champions,2026-01-28T20:00:00Z,Club Brugge,Marseille,3.0,0.0,False
uefa.champions,2026-01-28T20:00:00Z,Eintracht Frankfurt,Tottenham Hotspur,0.0,2.0,False
uefa.champions,2026-01-28T20:00:00Z,Liverpool,FK Qarabag,6.0,0.0,False
uefa.champions,2026-01-28T20:00:00Z,Manchester City,Galatasaray,2.0,0.0,False
uefa.champions,2026-01-28T20:00:00Z,Napoli,Chelsea,2.0,3.0,False
uefa.champions,2026-01-28T20:00:00Z,PSV Eindhoven,Bayern Munich,1.0,2.0,False
uefa.champions,2026-01-28T20:00:00Z,Pafos,Slavia Prague,4.0,1.0,False
uefa.champions,2026-01-28T20:00:00Z,Paris Saint-Germain,Newcastle United,1.0,1.0,False
uefa.champions,2026-01-28T20:00:00Z,Union St.-Gilloise,Atalanta,1.0,0.0,False
uefa.europa,2026-01-29T20:00:00Z,Aston Villa,RB Salzburg,3.0,2.0,False
uefa.europa,2026-01-29T20:00:00Z,Celtic,FC Utrecht,4.0,2.0,False
uefa.europa,2026-01-29T20:00:00Z,FC Basel,Viktoria Plzen,0.0,1.0,False
uefa.europa,2026-01-29T20:00:00Z,FC Midtjylland,Dinamo Zagreb,2.0,0.0,False
uefa.europa,2026-01-29T20:00:00Z,FC Porto,Rangers,3.0,1.0,False
uefa.europa,2026-01-29T20:00:00Z,FCSB,Fenerbahce,1.0,1.0,False
uefa.europa,2026-01-29T20:00:00Z,Go Ahead Eagles,Braga,0.0,0.0,False
uefa.europa,2026-01-29T20:00:00Z,Lille,SC Freiburg,1.0,0.0,False
uefa.europa,2026-01-29T20:00:00Z,Ludogorets Razgrad,Nice,1.0,0.0,False
uefa.europa,2026-01-29T20:00:00Z,Lyon,PAOK,4.0,2.0,False
uefa.europa,2026-01-29T20:00:00Z,Maccabi Tel-Aviv,Bologna,0.0,3.0,False
uefa.europa,2026-01-29T20:00:00Z,Nottingham Forest,Ferencvaros,4.0,0.0,False
uefa.europa,2026-01-29T20:00:00Z,Panathinaikos,AS Roma,1.0,1.0,False
uefa.europa,2026-01-29T20:00:00Z,Racing Genk,Malmö FF,2.0,1.0,False
uefa.europa,2026-01-29T20:00:00Z,Real Betis,Feyenoord Rotterdam,2.0,1.0,False
uefa.europa,2026-01-29T20:00:00Z,Red Star Belgrade,Celta Vigo,1.0,1.0,False
uefa.europa,2026-01-29T20:00:00Z,SK Sturm Graz,SK Brann,1.0,0.0,False
uefa.europa,2026-01-29T20:00:00Z,VfB Stuttgart,Young Boys,3.0,2.0,False
caf.champions,2026-01-30T19:00:00Z,Al Hilal Omdurman,Mamelodi Sundowns,2.0,1.0,False
caf.champions,2026-01-31T13:00:00Z,Young Africans,Al Ahly,1.0,1.0,False
caf.champions,2026-01-31T16:00:00Z,Petro de Luanda,Stade Malien,0.0,0.0,False
caf.champions,2026-01-31T19:00:00Z,AS FAR,JS Kabylie,1.0,0.0,False
caf.confed,2026-02-01T12:00:00Z,AS Maniema Union,Wydad AC,2.0,1.0,False
caf.champions,2026-02-01T13:00:00Z,Simba SC,Esperance Sportive de Tunis,2.0,2.0,False
caf.confed,2026-02-01T13:00:00Z,Kaizer Chiefs,ZESCO United,1.0,0.0,False
caf.confed,2026-02-01T13:00:00Z,Otôho d'Oyo,Singida Black Stars,2.0,1.0,False
caf.confed,2026-02-01T13:00:00Z,Stellenbosch,CR Belouizdad,0.0,3.0,False
caf.champions,2026-02-01T16:00:00Z,Pyramids FC,RSB Berkane,3.0,0.0,False
caf.champions,2026-02-01T16:00:00Z,Rivers United FC,Power Dynamos,0.0,1.0,False
caf.confed,2026-02-01T16:00:00Z,Azam FC,Nairobi United,1.0,0.0,False
caf.confed,2026-02-01T16:00:00Z,Djoliba,USM Alger,0.0,0.0,False
caf.champions,2026-02-01T19:00:00Z,MC Alger,FC Saint Eloi Lupopo,2.0,0.0,False
caf.confed,2026-02-01T19:00:00Z,Al-Masry,Zamalek,1.0,2.0,False
caf.confed,2026-02-01T19:00:00Z,Olympic Safi,San Pédro,2.0,1.0,False
concacaf.champions,2026-02-04T00:00:00Z,Forge FC,Tigres UANL,0.0,0.0,False
concacaf.champions,2026-02-04T02:00:00Z,Club Deportivo Olimpia,América,1.0,2.0,False
concacaf.champions,2026-02-04T04:00:00Z,San Diego FC,Pumas UNAM,4.0,1.0,False
concacaf.champions,2026-02-05T01:00:00Z,Xelajú MC,Monterrey,1.0,1.0,False
concacaf.champions,2026-02-05T03:00:00Z,Vancouver FC,Cruz Azul,0.0,3.0,False
caf.champions,2026-02-06T19:00:00Z,MC Alger,Al Hilal Omdurman,2.0,1.0,False
caf.champions,2026-02-07T13:00:00Z,Power Dynamos,RSB Berkane,2.0,0.0,False
caf.champions,2026-02-07T16:00:00Z,Petro de Luanda,Simba SC,1.0,1.0,False
caf.confed,2026-02-07T16:00:00Z,Azam FC,AS Maniema Union,1.0,0.0,False
caf.champions,2026-02-07T19:00:00Z,AS FAR,Young Africans,1.0,0.0,False
caf.champions,2026-02-07T19:00:00Z,JS Kabylie,Al Ahly,0.0,0.0,False
caf.champions,2026-02-08T13:00:00Z,FC Saint Eloi Lupopo,Mamelodi Sundowns,1.0,1.0,False
caf.confed,2026-02-08T13:00:00Z,Kaizer Chiefs,Al-Masry,2.0,1.0,False
caf.confed,2026-02-08T13:00:00Z,Nairobi United,Wydad AC,0.0,1.0,False
caf.confed,2026-02-08T13:00:00Z,Otôho d'Oyo,Stellenbosch,3.0,0.0,False
caf.confed,2026-02-08T13:00:00Z,ZESCO United,Zamalek,1.0,0.0,False
caf.champions,2026-02-08T16:00:00Z,Rivers United FC,Pyramids FC,1.0,4.0,False
caf.champions,2026-02-08T16:00:00Z,Stade Malien,Esperance Sportive de Tunis,1.0,0.0,False
caf.confed,2026-02-08T16:00:00Z,San Pédro,USM Alger,2.0,3.0,False
caf.confed,2026-02-08T16:00:00Z,Singida Black Stars,CR Belouizdad,0.0,1.0,False
caf.confed,2026-02-08T19:00:00Z,Olympic Safi,Djoliba,2.0,1.0,False
concacaf.champions,2026-02-11T01:00:00Z,Pumas UNAM,San Diego FC,1.0,0.0,False
concacaf.champions,2026-02-11T03:00:00Z,Tigres UANL,Forge FC,4.0,1.0,False
concacaf.champions,2026-02-12T01:00:00Z,América,Club Deportivo Olimpia,0.0,0.0,False
concacaf.champions,2026-02-12T03:00:00Z,Monterrey,Xelajú MC,2.0,0.0,False
concacaf.champions,2026-02-13T01:00:00Z,Cruz Azul,Vancouver FC,5.0,0.0,False
caf.champions,2026-02-14T13:00:00Z,Al Hilal Omdurman,FC Saint Eloi Lupopo,1.0,0.0,False
caf.champions,2026-02-14T13:00:00Z,Mamelodi Sundowns,MC Alger,2.0,0.0,False
caf.champions,2026-02-14T16:00:00Z,Esperance Sportive de Tunis,Petro de Luanda,2.0,0.0,False
caf.champions,2026-02-14T16:00:00Z,Simba SC,Stade Malien,1.0,0.0,False
caf.confed,2026-02-14T16:00:00Z,Al-Masry,ZESCO United,2.0,0.0,False
caf.confed,2026-02-14T16:00:00Z,Zamalek,Kaizer Chiefs,2.0,1.0,False
caf.champions,2026-02-14T19:00:00Z,Pyramids FC,Power Dynamos,3.0,1.0,False
caf.champions,2026-02-14T19:00:00Z,RSB Berkane,Rivers United FC,3.0,0.0,False
caf.confed,2026-02-14T19:00:00Z,USM Alger,Olympic Safi,0.0,0.0,False
caf.confed,2026-02-15T14:00:00Z,AS Maniema Union,Nairobi United,3.0,0.0,False
caf.confed,2026-02-15T14:00:00Z,Wydad AC,Azam FC,2.0,0.0,False
caf.champions,2026-02-15T16:00:00Z,Al Ahly,AS FAR,0.0,0.0,False
caf.champions,2026-02-15T16:00:00Z,Young Africans,JS Kabylie,3.0,0.0,False
caf.confed,2026-02-15T16:00:00Z,CR Belouizdad,Otôho d'Oyo,2.0,1.0,False
caf.confed,2026-02-15T16:00:00Z,Djoliba,San Pédro,4.0,0.0,False
caf.confed,2026-02-15T16:00:00Z,Stellenbosch,Singida Black Stars,0.0,0.0,False
uefa.champions,2026-02-17T17:45:00Z,Galatasaray,Juventus,5.0,2.0,False
uefa.champions,2026-02-17T20:00:00Z,AS Monaco,Paris Saint-Germain,2.0,3.0,False
uefa.champions,2026-02-17T20:00:00Z,Benfica,Real Madrid,0.0,1.0,False
uefa.champions,2026-02-17T20:15:00Z,Borussia Dortmund,Atalanta,2.0,0.0,False
concacaf.champions,2026-02-18T01:00:00Z,Atlético Ottawa,Nashville SC,0.0,2.0,False
concacaf.champions,2026-02-18T03:00:00Z,Real España,LAFC,1.0,6.0,False
uefa.champions,2026-02-18T17:45:00Z,FK Qarabag,Newcastle United,1.0,6.0,False
uefa.champions,2026-02-18T20:00:00Z,Bodo/Glimt,Internazionale,3.0,1.0,False
uefa.champions,2026-02-18T20:00:00Z,Club Brugge,Atlético Madrid,3.0,3.0,False
uefa.champions,2026-02-18T20:00:00Z,Olympiacos,Bayer Leverkusen,0.0,2.0,False
concacaf.champions,2026-02-18T23:00:00Z,Defense Force FC,Philadelphia Union,0.0,5.0,False
concacaf.champions,2026-02-19T01:00:00Z,Universidad O&M,FC Cincinnati,0.0,4.0,False
concacaf.champions,2026-02-19T03:00:00Z,Cartaginés,Vancouver Whitecaps,0.0,0.0,False
uefa.europa,2026-02-19T17:45:00Z,Dinamo Zagreb,Racing Genk,1.0,3.0,False
uefa.europa,2026-02-19T17:45:00Z,Fenerbahce,Nottingham Forest,0.0,3.0,False
uefa.europa,2026-02-19T17:45:00Z,PAOK,Celta Vigo,1.0,2.0,False
uefa.europa,2026-02-19T17:45:00Z,SK Brann,Bologna,0.0,1.0,False
uefa.europa.conf,2026-02-19T17:45:00Z,FC Noah,AZ Alkmaar,1.0,0.0,False
uefa.europa.conf,2026-02-19T17:45:00Z,KuPS Kuopio,Lech Poznan,0.0,2.0,False
uefa.europa.conf,2026-02-19T17:45:00Z,Sigma Olomouc,Lausanne Sports,1.0,1.0,False
uefa.europa.conf,2026-02-19T17:45:00Z,Zrinjski Mostar,Crystal Palace,1.0,1.0,False
uefa.europa,2026-02-19T20:00:00Z,Celtic,VfB Stuttgart,1.0,4.0,False
uefa.europa,2026-02-19T20:00:00Z,Lille,Red Star Belgrade,0.0,1.0,False
uefa.europa,2026-02-19T20:00:00Z,Ludogorets Razgrad,Ferencvaros,2.0,1.0,False
uefa.europa,2026-02-19T20:00:00Z,Panathinaikos,Viktoria Plzen,2.0,2.0,False
uefa.europa.conf,2026-02-19T20:00:00Z,Drita Gjilan,NK Celje,2.0,3.0,False
uefa.europa.conf,2026-02-19T20:00:00Z,Jagiellonia Bialystok,Fiorentina,0.0,3.0,False
uefa.europa.conf,2026-02-19T20:00:00Z,KF Shkëndija,Samsunspor,0.0,1.0,False
uefa.europa.conf,2026-02-19T20:00:00Z,Omonia Nicosia,Rijeka,0.0,1.0,False
concacaf.champions,2026-02-20T01:00:00Z,Sporting San Miguelito,LA Galaxy,1.0,1.0,False
uefa.champions,2026-02-24T17:45:00Z,Atlético Madrid,Club Brugge,4.0,1.0,False
uefa.champions,2026-02-24T20:00:00Z,Bayer Leverkusen,Olympiacos,0.0,0.0,False
uefa.champions,2026-02-24T20:00:00Z,Internazionale,Bodo/Glimt,1.0,2.0,False
uefa.champions,2026-02-24T20:00:00Z,Newcastle United,FK Qarabag,3.0,2.0,False
concacaf.champions,2026-02-25T01:00:00Z,Nashville SC,Atlético Ottawa,5.0,0.0,False
concacaf.champions,2026-02-25T03:00:00Z,LAFC,Real España,1.0,0.0,False
uefa.champions,2026-02-25T17:45:00Z,Atalanta,Borussia Dortmund,4.0,1.0,False
uefa.champions,2026-02-25T20:00:00Z,Juventus,Galatasaray,3.0,2.0,False
uefa.champions,2026-02-25T20:00:00Z,Paris Saint-Germain,AS Monaco,2.0,2.0,False
uefa.champions,2026-02-25T20:00:00Z,Real Madrid,Benfica,2.0,1.0,False
concacaf.champions,2026-02-26T00:00:00Z,FC Cincinnati,Universidad O&M,9.0,0.0,False
concacaf.champions,2026-02-26T02:30:00Z,Vancouver Whitecaps,Cartaginés,2.0,0.0,False
concacaf.champions,2026-02-26T04:30:00Z,LA Galaxy,Sporting San Miguelito,0.0,0.0,False
uefa.europa,2026-02-26T17:45:00Z,Ferencvaros,Ludogorets Razgrad,2.0,0.0,False
uefa.europa,2026-02-26T17:45:00Z,Red Star Belgrade,Lille,0.0,2.0,False
uefa.europa,2026-02-26T17:45:00Z,VfB Stuttgart,Celtic,0.0,1.0,False
uefa.europa,2026-02-26T17:45:00Z,Viktoria Plzen,Panathinaikos,1.0,1.0,False
uefa.europa.conf,2026-02-26T17:45:00Z,Fiorentina,Jagiellonia Bialystok,2.0,4.0,False
uefa.europa.conf,2026-02-26T17:45:00Z,NK Celje,Drita Gjilan,3.0,2.0,False
uefa.europa.conf,2026-02-26T17:45:00Z,Rijeka,Omonia Nicosia,3.0,1.0,False
uefa.europa.conf,2026-02-26T17:45:00Z,Samsunspor,KF Shkëndija,4.0,0.0,False
uefa.europa,2026-02-26T20:00:00Z,Bologna,SK Brann,1.0,0.0,False
uefa.europa,2026-02-26T20:00:00Z,Celta Vigo,PAOK,1.0,0.0,False
uefa.europa,2026-02-26T20:00:00Z,Nottingham Forest,Fenerbahce,1.0,2.0,False
uefa.europa,2026-02-26T20:00:00Z,Racing Genk,Dinamo Zagreb,3.0,3.0,False
uefa.europa.conf,2026-02-26T20:00:00Z,AZ Alkmaar,FC Noah,4.0,0.0,False
uefa.europa.conf,2026-02-26T20:00:00Z,Crystal Palace,Zrinjski Mostar,2.0,0.0,False
uefa.europa.conf,2026-02-26T20:00:00Z,Lausanne Sports,Sigma Olomouc,1.0,2.0,False
uefa.europa.conf,2026-02-26T20:00:00Z,Lech Poznan,KuPS Kuopio,1.0,0.0,False
concacaf.champions,2026-02-27T00:00:00Z,Philadelphia Union,Defense Force FC,7.0,0.0,False
uefa.champions,2026-03-10T17:45:00Z,Galatasaray,Liverpool,1.0,0.0,False
uefa.champions,2026-03-10T20:00:00Z,Atalanta,Bayern Munich,1.0,6.0,False
uefa.champions,2026-03-10T20:00:00Z,Atlético Madrid,Tottenham Hotspur,5.0,2.0,False
uefa.champions,2026-03-10T20:00:00Z,Newcastle United,Barcelona,1.0,1.0,False
concacaf.champions,2026-03-10T23:00:00Z,Philadelphia Union,América,0.0,1.0,False
concacaf.champions,2026-03-11T01:00:00Z,Monterrey,Cruz Azul,2.0,3.0,False
concacaf.champions,2026-03-11T03:00:00Z,LAFC,Alajuelense,1.0,1.0,False
uefa.champions,2026-03-11T17:45:00Z,Bayer Leverkusen,Arsenal,1.0,1.0,False
uefa.champions,2026-03-11T20:00:00Z,Bodo/Glimt,Sporting CP,3.0,0.0,False
uefa.champions,2026-03-11T20:00:00Z,Paris Saint-Germain,Chelsea,5.0,2.0,False
uefa.champions,2026-03-11T20:00:00Z,Real Madrid,Manchester City,3.0,0.0,False
concacaf.champions,2026-03-11T23:30:00Z,Nashville SC,Inter Miami CF,0.0,0.0,False
concacaf.champions,2026-03-12T01:30:00Z,LA Galaxy,Mount Pleasant FA,3.0,0.0,False
concacaf.champions,2026-03-12T03:30:00Z,San Diego FC,Toluca,3.0,2.0,False
uefa.europa,2026-03-12T17:45:00Z,Bologna,AS Roma,1.0,1.0,False
uefa.europa,2026-03-12T17:45:00Z,Lille,Aston Villa,0.0,1.0,False
uefa.europa,2026-03-12T17:45:00Z,Panathinaikos,Real Betis,1.0,0.0,False
uefa.europa,2026-03-12T17:45:00Z,VfB Stuttgart,FC Porto,1.0,2.0,False
uefa.europa.conf,2026-03-12T17:45:00Z,AZ Alkmaar,Sparta Prague,2.0,1.0,False
uefa.europa.conf,2026-03-12T17:45:00Z,Lech Poznan,Shakhtar Donetsk,1.0,3.0,False
uefa.europa.conf,2026-03-12T17:45:00Z,Rijeka,Strasbourg,1.0,2.0,False
uefa.europa.conf,2026-03-12T17:45:00Z,Samsunspor,Rayo Vallecano,1.0,3.0,False
uefa.europa,2026-03-12T20:00:00Z,Celta Vigo,Lyon,1.0,1.0,False
uefa.europa,2026-03-12T20:00:00Z,Ferencvaros,Braga,2.0,0.0,False
uefa.europa,2026-03-12T20:00:00Z,Nottingham Forest,FC Midtjylland,0.0,1.0,False
uefa.europa,2026-03-12T20:00:00Z,Racing Genk,SC Freiburg,1.0,0.0,False
uefa.europa.conf,2026-03-12T20:00:00Z,Crystal Palace,AEK Larnaca,0.0,0.0,False
uefa.europa.conf,2026-03-12T20:00:00Z,Fiorentina,Raków Czestochowa,2.0,1.0,False
uefa.europa.conf,2026-03-12T20:00:00Z,NK Celje,AEK Athens,0.0,4.0,False
uefa.europa.conf,2026-03-12T20:00:00Z,Sigma Olomouc,Mainz,0.0,0.0,False
concacaf.champions,2026-03-13T00:00:00Z,FC Cincinnati,Tigres UANL,3.0,0.0,False
concacaf.champions,2026-03-13T02:00:00Z,Vancouver Whitecaps,Seattle Sounders FC,0.0,3.0,False
caf.champions,2026-03-13T18:00:00Z,Mamelodi Sundowns,Stade Malien,3.0,0.0,False
caf.champions,2026-03-13T22:00:00Z,AS FAR,Pyramids FC,1.0,1.0,False
caf.confed,2026-03-14T13:00:00Z,Otôho d'Oyo,Zamalek,1.0,1.0,False
caf.confed,2026-03-14T20:00:00Z,Al-Masry,CR Belouizdad,1.0,1.0,False
caf.champions,2026-03-14T22:00:00Z,RSB Berkane,Al Hilal Omdurman,1.0,1.0,False
caf.confed,2026-03-15T13:00:00Z,AS Maniema Union,USM Alger,2.0,1.0,False
caf.champions,2026-03-15T21:00:00Z,Esperance Sportive de Tunis,Al Ahly,1.0,0.0,False
caf.confed,2026-03-15T22:00:00Z,Olympic Safi,Wydad AC,1.0,1.0,False
uefa.champions,2026-03-17T17:45:00Z,Sporting CP,Bodo/Glimt,5.0,0.0,False
uefa.champions,2026-03-17T20:00:00Z,Arsenal,Bayer Leverkusen,2.0,0.0,False
uefa.champions,2026-03-17T20:00:00Z,Chelsea,Paris Saint-Germain,0.0,3.0,False
uefa.champions,2026-03-17T20:00:00Z,Manchester City,Real Madrid,1.0,2.0,False
concacaf.champions,2026-03-18T01:00:00Z,Alajuelense,LAFC,1.0,2.0,False
concacaf.champions,2026-03-18T03:00:00Z,Cruz Azul,Monterrey,1.0,1.0,False
uefa.europa,2026-03-18T15:30:00Z,Braga,Ferencvaros,4.0,0.0,False
uefa.champions,2026-03-18T17:45:00Z,Barcelona,Newcastle United,7.0,2.0,False
uefa.champions,2026-03-18T20:00:00Z,Bayern Munich,Atalanta,4.0,1.0,False
uefa.champions,2026-03-18T20:00:00Z,Liverpool,Galatasaray,4.0,0.0,False
uefa.champions,2026-03-18T20:00:00Z,Tottenham Hotspur,Atlético Madrid,3.0,2.0,False
concacaf.champions,2026-03-18T23:00:00Z,Inter Miami CF,Nashville SC,1.0,1.0,False
concacaf.champions,2026-03-19T01:00:00Z,América,Philadelphia Union,1.0,1.0,False
concacaf.champions,2026-03-19T03:00:00Z,Seattle Sounders FC,Vancouver Whitecaps,2.0,1.0,False
concacaf.champions,2026-03-19T03:00:00Z,Toluca,San Diego FC,4.0,0.0,False
uefa.europa,2026-03-19T17:45:00Z,FC Midtjylland,Nottingham Forest,1.0,2.0,False
uefa.europa,2026-03-19T17:45:00Z,Lyon,Celta Vigo,0.0,2.0,False
uefa.europa,2026-03-19T17:45:00Z,SC Freiburg,Racing Genk,5.0,1.0,False
uefa.europa.conf,2026-03-19T17:45:00Z,AEK Athens,NK Celje,0.0,2.0,False
uefa.europa.conf,2026-03-19T17:45:00Z,AEK Larnaca,Crystal Palace,1.0,2.0,False
uefa.europa.conf,2026-03-19T17:45:00Z,Mainz,Sigma Olomouc,2.0,0.0,False
uefa.europa.conf,2026-03-19T17:45:00Z,Raków Czestochowa,Fiorentina,1.0,2.0,False
uefa.europa,2026-03-19T20:00:00Z,AS Roma,Bologna,3.0,4.0,False
uefa.europa,2026-03-19T20:00:00Z,Aston Villa,Lille,2.0,0.0,False
uefa.europa,2026-03-19T20:00:00Z,FC Porto,VfB Stuttgart,2.0,0.0,False
uefa.europa,2026-03-19T20:00:00Z,Real Betis,Panathinaikos,4.0,0.0,False
uefa.europa.conf,2026-03-19T20:00:00Z,Rayo Vallecano,Samsunspor,0.0,1.0,False
uefa.europa.conf,2026-03-19T20:00:00Z,Shakhtar Donetsk,Lech Poznan,1.0,2.0,False
uefa.europa.conf,2026-03-19T20:00:00Z,Sparta Prague,AZ Alkmaar,0.0,4.0,False
uefa.europa.conf,2026-03-19T20:00:00Z,Strasbourg,Rijeka,1.0,1.0,False
concacaf.champions,2026-03-19T23:00:00Z,Mount Pleasant FA,LA Galaxy,0.0,3.0,False
concacaf.champions,2026-03-20T01:00:00Z,Tigres UANL,FC Cincinnati,5.0,1.0,False
caf.champions,2026-03-21T16:00:00Z,Pyramids FC,AS FAR,1.0,2.0,False
caf.champions,2026-03-21T19:00:00Z,Al Ahly,Esperance Sportive de Tunis,2.0,3.0,False
caf.confed,2026-03-21T19:00:00Z,CR Belouizdad,Al-Masry,0.0,0.0,False
caf.champions,2026-03-22T16:00:00Z,Al Hilal Omdurman,RSB Berkane,0.0,1.0,False
caf.champions,2026-03-22T16:00:00Z,Stade Malien,Mamelodi Sundowns,2.0,0.0,False
caf.confed,2026-03-22T16:00:00Z,Zamalek,Otôho d'Oyo,2.0,1.0,False
caf.confed,2026-03-22T19:00:00Z,USM Alger,AS Maniema Union,1.0,0.0,False
caf.confed,2026-03-22T19:00:00Z,Wydad AC,Olympic Safi,2.0,2.0,False
uefa.champions,2026-04-07T19:00:00Z,Real Madrid,Bayern Munich,1.0,2.0,False
uefa.champions,2026-04-07T19:00:00Z,Sporting CP,Arsenal,0.0,1.0,False
concacaf.champions,2026-04-08T00:00:00Z,Nashville SC,América,0.0,0.0,False
concacaf.champions,2026-04-08T02:00:00Z,LAFC,Cruz Azul,3.0,0.0,False
uefa.europa,2026-04-08T16:45:00Z,Braga,Real Betis,1.0,1.0,False
uefa.champions,2026-04-08T19:00:00Z,Barcelona,Atlético Madrid,0.0,2.0,False
uefa.champions,2026-04-08T19:00:00Z,Paris Saint-Germain,Liverpool,2.0,0.0,False
concacaf.champions,2026-04-09T01:00:00Z,Tigres UANL,Seattle Sounders FC,2.0,0.0,False
concacaf.champions,2026-04-09T03:00:00Z,Toluca,LA Galaxy,4.0,2.0,False
uefa.europa.conf,2026-04-09T16:45:00Z,Rayo Vallecano,AEK Athens,3.0,0.0,False
uefa.europa,2026-04-09T19:00:00Z,Bologna,Aston Villa,1.0,3.0,False
uefa.europa,2026-04-09T19:00:00Z,FC Porto,Nottingham Forest,1.0,1.0,False
uefa.europa,2026-04-09T19:00:00Z,SC Freiburg,Celta Vigo,3.0,0.0,False
uefa.europa.conf,2026-04-09T19:00:00Z,Crystal Palace,Fiorentina,3.0,0.0,False
uefa.europa.conf,2026-04-09T19:00:00Z,Mainz,Strasbourg,2.0,0.0,False
uefa.europa.conf,2026-04-09T19:00:00Z,Shakhtar Donetsk,AZ Alkmaar,3.0,0.0,False
caf.confed,2026-04-10T19:00:00Z,CR Belouizdad,Zamalek,0.0,1.0,False
caf.confed,2026-04-11T16:00:00Z,USM Alger,Olympic Safi,0.0,0.0,False
caf.champions,2026-04-11T19:00:00Z,AS FAR,RSB Berkane,2.0,0.0,False
caf.champions,2026-04-12T19:00:00Z,Esperance Sportive de Tunis,Mamelodi Sundowns,0.0,1.0,False
uefa.champions,2026-04-14T19:00:00Z,Atlético Madrid,Barcelona,1.0,2.0,False
uefa.champions,2026-04-14T19:00:00Z,Liverpool,Paris Saint-Germain,0.0,2.0,False
concacaf.champions,2026-04-15T01:00:00Z,Cruz Azul,LAFC,1.0,1.0,False
concacaf.champions,2026-04-15T03:30:00Z,América,Nashville SC,0.0,1.0,False
uefa.champions,2026-04-15T19:00:00Z,Arsenal,Sporting CP,0.0,0.0,False
uefa.champions,2026-04-15T19:00:00Z,Bayern Munich,Real Madrid,4.0,3.0,False
concacaf.champions,2026-04-16T01:00:00Z,LA Galaxy,Toluca,0.0,3.0,False
concacaf.champions,2026-04-16T03:30:00Z,Seattle Sounders FC,Tigres UANL,3.0,1.0,False
uefa.europa,2026-04-16T16:45:00Z,Celta Vigo,SC Freiburg,1.0,3.0,False
uefa.europa.conf,2026-04-16T16:45:00Z,AZ Alkmaar,Shakhtar Donetsk,2.0,2.0,False
uefa.europa,2026-04-16T19:00:00Z,Aston Villa,Bologna,4.0,0.0,False
uefa.europa,2026-04-16T19:00:00Z,Nottingham Forest,FC Porto,1.0,0.0,False
uefa.europa,2026-04-16T19:00:00Z,Real Betis,Braga,2.0,4.0,False
uefa.europa.conf,2026-04-16T19:00:00Z,AEK Athens,Rayo Vallecano,3.0,1.0,False
uefa.europa.conf,2026-04-16T19:00:00Z,Fiorentina,Crystal Palace,2.0,1.0,False
uefa.europa.conf,2026-04-16T19:00:00Z,Strasbourg,Mainz,4.0,0.0,False
caf.confed,2026-04-17T16:00:00Z,Zamalek,CR Belouizdad,0.0,0.0,False
caf.champions,2026-04-18T13:00:00Z,Mamelodi Sundowns,Esperance Sportive de Tunis,1.0,0.0,False
caf.champions,2026-04-18T19:00:00Z,RSB Berkane,AS FAR,1.0,0.0,False
caf.confed,2026-04-19T19:00:00Z,Olympic Safi,USM Alger,1.0,1.0,False
uefa.champions,2026-04-28T19:00:00Z,Paris Saint-Germain,Bayern Munich,5.0,4.0,False
concacaf.champions,2026-04-29T01:30:00Z,Nashville SC,Tigres UANL,0.0,1.0,False
uefa.champions,2026-04-29T19:00:00Z,Atlético Madrid,Arsenal,1.0,1.0,False
concacaf.champions,2026-04-30T02:30:00Z,LAFC,Toluca,2.0,1.0,False
uefa.europa,2026-04-30T19:00:00Z,Braga,SC Freiburg,2.0,1.0,False
uefa.europa,2026-04-30T19:00:00Z,Nottingham Forest,Aston Villa,1.0,0.0,False
uefa.europa.conf,2026-04-30T19:00:00Z,Rayo Vallecano,Strasbourg,1.0,0.0,False
uefa.europa.conf,2026-04-30T19:00:00Z,Shakhtar Donetsk,Crystal Palace,1.0,3.0,False
uefa.champions,2026-05-05T19:00:00Z,Arsenal,Atlético Madrid,1.0,0.0,False
concacaf.champions,2026-05-06T01:30:00Z,Tigres UANL,Nashville SC,1.0,0.0,False
uefa.champions,2026-05-06T19:00:00Z,Bayern Munich,Paris Saint-Germain,1.0,1.0,False
concacaf.champions,2026-05-07T01:30:00Z,Toluca,LAFC,4.0,0.0,False
uefa.europa,2026-05-07T19:00:00Z,Aston Villa,Nottingham Forest,4.0,0.0,False
uefa.europa,2026-05-07T19:00:00Z,SC Freiburg,Braga,3.0,1.0,False
uefa.europa.conf,2026-05-07T19:00:00Z,Crystal Palace,Shakhtar Donetsk,2.0,1.0,False
uefa.europa.conf,2026-05-07T19:00:00Z,Strasbourg,Rayo Vallecano,0.0,1.0,False
caf.confed,2026-05-09T19:00:00Z,USM Alger,Zamalek,1.0,0.0,False
caf.confed,2026-05-16T18:00:00Z,Zamalek,USM Alger,1.0,0.0,False
caf.champions,2026-05-17T14:00:00Z,Mamelodi Sundowns,AS FAR,1.0,0.0,False
uefa.europa,2026-05-20T19:00:00Z,SC Freiburg,Aston Villa,0.0,3.0,False
caf.champions,2026-05-24T19:00:00Z,AS FAR,Mamelodi Sundowns,1.0,1.0,False
uefa.europa.conf,2026-05-27T19:00:00Z,Crystal Palace,Rayo Vallecano,1.0,0.0,False
uefa.champions,2026-05-30T16:00:00Z,Paris Saint-Germain,Arsenal,1.0,1.0,False
concacaf.champions,2026-05-31T00:00:00Z,Toluca,Tigres UANL,1.0,1.0,False
concacaf.leagues.cup,2026-08-04T23:45:00Z,Columbus Crew,Atlas,3.0,1.0,False
concacaf.leagues.cup,2026-08-04T23:45:00Z,FC Cincinnati,Pachuca,3.0,1.0,False
concacaf.leagues.cup,2026-08-05T00:30:00Z,Minnesota United FC,FC Juárez,1.0,2.0,False
concacaf.leagues.cup,2026-08-05T01:22:00Z,Charlotte FC,Pumas UNAM,3.0,0.0,False
concacaf.leagues.cup,2026-08-05T02:00:00Z,Tigres UANL,Real Salt Lake,1.0,1.0,False
concacaf.leagues.cup,2026-08-05T02:30:00Z,Vancouver Whitecaps,Atlante,0.0,1.0,False
concacaf.leagues.cup,2026-08-05T23:30:00Z,Inter Miami CF,Atlético de San Luis,4.0,2.0,False
concacaf.leagues.cup,2026-08-06T00:30:00Z,FC Dallas,Querétaro,2.0,0.0,False
concacaf.leagues.cup,2026-08-06T00:30:00Z,Nashville SC,León,0.0,1.0,False
concacaf.leagues.cup,2026-08-06T00:55:00Z,Monterrey,Orlando City SC,1.0,2.0,False
concacaf.leagues.cup,2026-08-06T02:00:00Z,Toluca,Seattle Sounders FC,3.0,0.0,False
concacaf.leagues.cup,2026-08-06T02:30:00Z,LAFC,Guadalajara,1.0,1.0,False
concacaf.leagues.cup,2026-08-06T23:30:00Z,New York City FC,Santos,2.0,0.0,False
concacaf.leagues.cup,2026-08-07T00:00:00Z,Cruz Azul,Philadelphia Union,1.0,0.0,False
concacaf.leagues.cup,2026-08-07T00:30:00Z,Chicago Fire FC,Necaxa,2.0,0.0,False
concacaf.leagues.cup,2026-08-07T01:00:00Z,Austin FC,Tijuana,2.0,0.0,False
concacaf.leagues.cup,2026-08-07T02:00:00Z,América,San Diego FC,3.0,1.0,False
concacaf.leagues.cup,2026-08-07T02:30:00Z,Portland Timbers,Puebla,5.0,2.0,False
concacaf.leagues.cup,2026-08-07T23:30:00Z,Charlotte FC,Atlas,2.0,0.0,False
concacaf.leagues.cup,2026-08-07T23:30:00Z,Columbus Crew,Pachuca,2.0,1.0,False
concacaf.leagues.cup,2026-08-08T00:27:00Z,FC Cincinnati,Pumas UNAM,2.0,0.0,False
concacaf.leagues.cup,2026-08-08T01:00:00Z,Tigres UANL,Minnesota United FC,0.0,0.0,False
concacaf.leagues.cup,2026-08-08T02:30:00Z,Vancouver Whitecaps,FC Juárez,1.0,3.0,False
concacaf.leagues.cup,2026-08-08T22:30:00Z,Orlando City SC,León,1.0,2.0,False
concacaf.leagues.cup,2026-08-09T00:00:00Z,Inter Miami CF,Monterrey,1.0,2.0,False
concacaf.leagues.cup,2026-08-09T01:00:00Z,Guadalajara,FC Dallas,0.0,1.0,False
concacaf.leagues.cup,2026-08-09T02:00:00Z,Real Salt Lake,Atlante,4.0,0.0,False
concacaf.leagues.cup,2026-08-09T03:10:00Z,Toluca,LAFC,0.0,1.0,False
concacaf.leagues.cup,2026-08-09T19:30:00Z,Seattle Sounders FC,Querétaro,3.0,0.0,False
concacaf.leagues.cup,2026-08-09T23:30:00Z,Cruz Azul,New York City FC,2.0,1.0,False
concacaf.leagues.cup,2026-08-09T23:30:00Z,Philadelphia Union,Necaxa,3.0,1.0,False
concacaf.leagues.cup,2026-08-10T00:00:00Z,Chicago Fire FC,Santos,3.0,1.0,False
concacaf.leagues.cup,2026-08-10T00:00:00Z,Nashville SC,Atlético de San Luis,4.0,1.0,False
concacaf.leagues.cup,2026-08-10T01:00:00Z,Austin FC,Puebla,3.0,0.0,False
concacaf.leagues.cup,2026-08-10T02:00:00Z,San Diego FC,Tijuana,1.0,0.0,False
concacaf.leagues.cup,2026-08-10T02:15:00Z,América,Portland Timbers,3.0,1.0,False
concacaf.leagues.cup,2026-08-11T23:30:00Z,Columbus Crew,Pumas UNAM,1.0,1.0,False
concacaf.leagues.cup,2026-08-12T00:00:00Z,FC Cincinnati,Atlas,1.0,2.0,False
concacaf.leagues.cup,2026-08-12T00:30:00Z,Minnesota United FC,Atlante,3.0,1.0,False
concacaf.leagues.cup,2026-08-12T00:52:00Z,Charlotte FC,Pachuca,0.0,1.0,False
concacaf.leagues.cup,2026-08-12T01:30:00Z,Real Salt Lake,FC Juárez,3.0,0.0,False
concacaf.leagues.cup,2026-08-12T02:00:00Z,Tigres UANL,Vancouver Whitecaps,1.0,1.0,False
concacaf.leagues.cup,2026-08-12T23:30:00Z,Inter Miami CF,León,2.0,3.0,False
concacaf.leagues.cup,2026-08-12T23:30:00Z,Orlando City SC,Atlético de San Luis,2.0,2.0,False
concacaf.leagues.cup,2026-08-13T00:00:00Z,Monterrey,Nashville SC,2.0,1.0,False
concacaf.leagues.cup,2026-08-13T02:00:00Z,Toluca,FC Dallas,3.0,1.0,False
concacaf.leagues.cup,2026-08-13T02:15:00Z,San Diego FC,Puebla,3.0,2.0,False
concacaf.leagues.cup,2026-08-13T02:30:00Z,LAFC,Querétaro,1.0,1.0,False
concacaf.leagues.cup,2026-08-13T02:30:00Z,Seattle Sounders FC,Guadalajara,1.0,2.0,False
concacaf.leagues.cup,2026-08-13T23:00:00Z,Philadelphia Union,Santos,0.0,2.0,False
concacaf.leagues.cup,2026-08-13T23:30:00Z,New York City FC,Necaxa,1.0,2.0,False
concacaf.leagues.cup,2026-08-14T00:30:00Z,América,Austin FC,1.0,1.0,False
concacaf.leagues.cup,2026-08-14T01:00:00Z,Cruz Azul,Chicago Fire FC,1.0,2.0,False
concacaf.leagues.cup,2026-08-14T02:30:00Z,Portland Timbers,Tijuana,3.0,1.0,False
concacaf.leagues.cup,2026-08-26T00:30:00Z,Monterrey,Chicago Fire FC,2.0,1.0,False
concacaf.leagues.cup,2026-08-26T02:30:00Z,León,Real Salt Lake,3.0,0.0,False
concacaf.leagues.cup,2026-08-27T00:30:00Z,Toluca,Austin FC,2.0,0.0,False
concacaf.leagues.cup,2026-08-27T02:45:00Z,América,Columbus Crew,2.0,0.0,False
concacaf.leagues.cup,2026-09-03T01:00:00Z,Toluca,León,2.0,0.0,False
concacaf.leagues.cup,2026-09-03T03:30:00Z,América,Monterrey,2.0,2.0,False
caf.confed,2026-09-04T14:30:00Z,AS PSI,CO Korhogo,2.0,2.0,False
caf.confed,2026-09-04T14:30:00Z,Esperence Sportive de Zarzis,Diambars de Saly,3.0,1.0,False
caf.confed,2026-09-04T15:00:00Z,ASPL 2000,Jwaneng Galaxy,1.0,1.0,False
caf.confed,2026-09-04T15:00:00Z,Panthere FC,Rayon Sport,1.0,1.0,False
caf.champions,2026-09-04T17:00:00Z,AS Port,Zamalek,1.0,2.0,False
caf.champions,2026-09-04T17:00:00Z,Asswehly SC,KVZ,1.0,0.0,False
caf.confed,2026-09-04T17:00:00Z,Al Hilal Port Sudan,Welwalo Adigrat,2.0,1.0,False
caf.champions,2026-09-04T18:00:00Z,JS Saoura,Horoya,1.0,0.0,False
caf.champions,2026-09-05T13:00:00Z,Aigle Noir Makamba,Al Hilal Omdurman,0.0,2.0,False
caf.champions,2026-09-05T13:00:00Z,El Merriekh Bentiu,Heegan,1.0,0.0,False
caf.confed,2026-09-05T13:00:00Z,Atomic Ngomé,Associação Black Bulls,0.0,1.0,False
caf.confed,2026-09-05T13:00:00Z,Green Mamba,CD Primeiro de Agosto,0.0,2.0,False
caf.confed,2026-09-05T13:00:00Z,KMKM FC,Al Ahli Tripoli,0.0,3.0,False
caf.confed,2026-09-05T13:00:00Z,Red Arrows,Entente Boulet Rouge,2.0,0.0,False
caf.champions,2026-09-05T14:00:00Z,CFFA,Lijabatho,2.0,0.0,False
caf.champions,2026-09-05T14:30:00Z,AS Mangasport,African Stars,3.0,1.0,False
caf.champions,2026-09-05T14:30:00Z,Aiglons FC,Sidama Coffee,0.0,0.0,False
caf.confed,2026-09-05T15:00:00Z,Shooting Stars SC,Club Sportif Sfaxien,1.0,0.0,False
caf.confed,2026-09-05T15:30:00Z,AS ZAM,ASKO Kara,0.0,5.0,False
caf.champions,2026-09-05T16:00:00Z,Canchungo,Teungueth,0.0,1.0,False
caf.champions,2026-09-05T16:00:00Z,San Pédro,Rivers United FC,1.0,1.0,False
caf.champions,2026-09-05T16:00:00Z,Star Sport Academy,Medina United,0.0,0.0,False
caf.champions,2026-09-05T16:00:00Z,Vipers SC,FC Nouadhibou,1.0,1.0,False
caf.confed,2026-09-05T16:00:00Z,Diarra,Nations,1.0,0.0,False
caf.confed,2026-09-05T16:00:00Z,Douanes,Hafia,2.0,2.0,False
caf.confed,2026-09-05T16:00:00Z,UNAM,Kabuscorp,0.0,2.0,False
caf.champions,2026-09-05T17:00:00Z,Al-Merrikh,Power Dynamos,1.0,0.0,False
caf.champions,2026-09-05T17:00:00Z,Gaborone United,Young Africans,1.0,1.0,False
caf.champions,2026-09-05T18:00:00Z,Club Africain,Djoliba,1.0,0.0,False
caf.champions,2026-09-06T11:30:00Z,La Cure Waves,Orlando Pirates,0.0,0.0,False
caf.champions,2026-09-06T12:00:00Z,Gor Mahia,Pyramids FC,0.0,2.0,False
caf.champions,2026-09-06T13:00:00Z,FC Les Aigles Du Congo,APR FC,1.0,0.0,False
caf.champions,2026-09-06T13:00:00Z,Mighty Wanderers,Simba SC,0.0,1.0,False
caf.champions,2026-09-06T13:00:00Z,Scottland Mabvuku,Nsingizini Hotspurs,1.0,0.0,False
caf.champions,2026-09-06T13:00:00Z,UD Songo,Petro de Luanda,0.0,1.0,False
caf.confed,2026-09-06T13:00:00Z,Durban City,Rukinzo,1.0,0.0,False
caf.confed,2026-09-06T13:00:00Z,Mogadishu City Club,Kitara FC,1.0,2.0,False
caf.confed,2026-09-06T13:30:00Z,Al-Ghazal FC,Singida Black Stars,1.0,7.0,False
caf.confed,2026-09-06T14:00:00Z,Al Ahli Wad Medani,Tusker FC,2.0,2.0,False
caf.champions,2026-09-06T15:00:00Z,Colombe Sportiv Du Dja Et Lobo,Stade Malien,0.0,0.0,False
caf.champions,2026-09-06T15:00:00Z,Medeama,TP Mazembe,0.0,1.0,False
caf.champions,2026-09-06T15:00:00Z,Rangers International,AS Sobemap,1.0,1.0,False
caf.champions,2026-09-06T15:00:00Z,Wiliete SC,Foresters,4.0,0.0,False
caf.confed,2026-09-06T15:00:00Z,El Kanemi Warriors,UD Internacional,3.0,0.0,False
caf.champions,2026-09-06T15:30:00Z,ASC Kara,ASEC Mimosas,1.0,1.0,False
caf.champions,2026-09-06T15:30:00Z,Nigelec,MC Alger,0.0,0.0,False
caf.confed,2026-09-06T16:00:00Z,AFAD Plateau,East End Lions,1.0,1.0,False
caf.confed,2026-09-06T16:00:00Z,Vitesse,Réal Bamako,1.0,2.0,False
caf.confed,2026-09-06T17:00:00Z,ZED FC,Djibouti Télécom,4.0,0.0,False
caf.champions,2026-09-06T19:00:00Z,Maghreb As De Fès,Rahimo FC,4.0,1.0,False
concacaf.leagues.cup,2026-09-06T22:00:00Z,León,América,1.0,0.0,False
concacaf.leagues.cup,2026-09-07T01:15:00Z,Toluca,Monterrey,2.0,0.0,False
uefa.champions,2026-09-08T16:45:00Z,AEK Athens,LASK Linz,1.0,0.0,False
uefa.champions,2026-09-08T16:45:00Z,Club Brugge,Aston Villa,2.0,3.0,False
uefa.champions,2026-09-08T19:00:00Z,Borussia Dortmund,Villarreal,3.0,2.0,False
uefa.champions,2026-09-08T19:00:00Z,FC Porto,Manchester City,0.0,2.0,False
uefa.champions,2026-09-08T19:00:00Z,Lille,Real Betis,2.0,3.0,False
uefa.champions,2026-09-08T19:00:00Z,Real Madrid,Internazionale,2.0,1.0,False
uefa.champions,2026-09-09T16:45:00Z,Barcelona,Feyenoord Rotterdam,5.0,1.0,False
uefa.champions,2026-09-09T16:45:00Z,VfB Stuttgart,Viking FK,3.0,1.0,False
uefa.champions,2026-09-09T19:00:00Z,Liverpool,Atlético Madrid,2.0,1.0,False
uefa.champions,2026-09-09T19:00:00Z,Napoli,Arsenal,0.0,1.0,False
uefa.champions,2026-09-09T19:00:00Z,Paris Saint-Germain,Slovan Bratislava,6.0,1.0,False
uefa.champions,2026-09-09T19:00:00Z,Sporting CP,Galatasaray,3.0,1.0,False
caf.champions,2026-09-10T15:00:00Z,Foresters,Wiliete SC,0.0,1.0,False
caf.confed,2026-09-10T15:00:00Z,The Panthers FC,ASPAC,1.0,3.0,False
uefa.champions,2026-09-10T16:45:00Z,Fenerbahce,AS Roma,1.0,1.0,False
uefa.champions,2026-09-10T16:45:00Z,PSV Eindhoven,Shakhtar Donetsk,1.0,1.0,False
uefa.champions,2026-09-10T19:00:00Z,Bayern Munich,Bodo/Glimt,5.0,0.0,False
uefa.champions,2026-09-10T19:00:00Z,Como,RB Leipzig,4.0,1.0,False
uefa.champions,2026-09-10T19:00:00Z,Manchester United,Sabah FK,4.0,0.0,False
uefa.champions,2026-09-10T19:00:00Z,Slavia Prague,Lens,2.0,3.0,False
caf.champions,2026-09-11T14:00:00Z,15 de Agosto,Fomboni,4.0,0.0,False
caf.champions,2026-09-11T14:00:00Z,AS Sobemap,Rangers International,1.0,1.0,False
caf.confed,2026-09-11T15:00:00Z,CD Primeiro de Agosto,Green Mamba,2.0,0.0,False
caf.champions,2026-09-11T16:00:00Z,APR FC,FC Les Aigles Du Congo,3.0,0.0,False
caf.confed,2026-09-11T16:00:00Z,Réal Bamako,Vitesse,0.0,0.0,False
caf.confed,2026-09-12T12:00:00Z,Tusker FC,Al Ahli Wad Medani,1.0,0.0,False
caf.champions,2026-09-12T13:00:00Z,African Stars,AS Mangasport,2.0,0.0,False
caf.champions,2026-09-12T13:00:00Z,Al Hilal Omdurman,Aigle Noir Makamba,1.0,0.0,False
caf.champions,2026-09-12T13:00:00Z,Heegan,El Merriekh Bentiu,0.0,3.0,False
caf.champions,2026-09-12T13:00:00Z,Nsingizini Hotspurs,Scottland Mabvuku,0.0,0.0,False
caf.champions,2026-09-12T13:00:00Z,Orlando Pirates,La Cure Waves,3.0,1.0,False
caf.champions,2026-09-12T13:00:00Z,Power Dynamos,Al-Merrikh,0.0,1.0,False
caf.confed,2026-09-12T13:00:00Z,Welwalo Adigrat,Al Hilal Port Sudan,2.0,1.0,False
caf.champions,2026-09-12T14:00:00Z,Lijabatho,CFFA,1.0,1.0,False
caf.champions,2026-09-12T14:00:00Z,TP Mazembe,Medeama,3.0,1.0,False
caf.confed,2026-09-12T14:00:00Z,Kitara FC,Mogadishu City Club,2.0,0.0,False
caf.champions,2026-09-12T15:00:00Z,Petro de Luanda,UD Songo,2.0,2.0,False
caf.champions,2026-09-12T15:00:00Z,Rahimo FC,Maghreb As De Fès,0.0,0.0,False
caf.champions,2026-09-12T16:00:00Z,Djoliba,Club Africain,2.0,2.0,False
caf.champions,2026-09-12T16:00:00Z,Young Africans,Gaborone United,2.0,1.0,False
caf.confed,2026-09-12T16:00:00Z,East End Lions,AFAD Plateau,2.0,2.0,False
caf.confed,2026-09-12T16:00:00Z,Rayon Sport,Panthere FC,0.0,0.0,False
caf.champions,2026-09-12T16:30:00Z,Medina United,Star Sport Academy,1.0,1.0,False
caf.confed,2026-09-12T16:30:00Z,Associação Black Bulls,Atomic Ngomé,0.0,0.0,False
caf.champions,2026-09-12T17:00:00Z,Zamalek,AS Port,4.0,0.0,False
caf.confed,2026-09-12T17:00:00Z,Al Ahli Tripoli,KMKM FC,4.0,0.0,False
caf.confed,2026-09-12T17:00:00Z,Diambars de Saly,Esperence Sportive de Zarzis,1.0,0.0,False
caf.confed,2026-09-12T17:00:00Z,Djibouti Télécom,ZED FC,1.0,1.0,False
caf.confed,2026-09-12T17:00:00Z,Jwaneng Galaxy,ASPL 2000,0.0,1.0,False
caf.champions,2026-09-12T19:00:00Z,MC Alger,Nigelec,5.0,0.0,False
caf.champions,2026-09-13T12:00:00Z,KVZ,Asswehly SC,0.0,3.0,False
caf.champions,2026-09-13T13:00:00Z,Simba SC,Mighty Wanderers,6.0,1.0,False
caf.confed,2026-09-13T13:00:00Z,Rukinzo,Durban City,1.0,2.0,False
caf.confed,2026-09-13T13:00:00Z,Singida Black Stars,Al-Ghazal FC,3.0,0.0,False
caf.confed,2026-09-13T13:30:00Z,Bazar Brothers,DC Virunga,0.0,1.0,False
caf.confed,2026-09-13T14:30:00Z,Entente Boulet Rouge,Red Arrows,0.0,2.0,False
caf.champions,2026-09-13T15:00:00Z,Rivers United FC,San Pédro,2.0,2.0,False
caf.confed,2026-09-13T15:00:00Z,Kabuscorp,UNAM,3.0,1.0,False
caf.confed,2026-09-13T15:00:00Z,Nations,Diarra,1.0,1.0,False
caf.confed,2026-09-13T15:30:00Z,ASKO Kara,AS ZAM,1.0,0.0,False
caf.champions,2026-09-13T16:00:00Z,ASEC Mimosas,ASC Kara,2.0,1.0,False
caf.champions,2026-09-13T16:00:00Z,Horoya,JS Saoura,3.0,1.0,False
caf.champions,2026-09-13T16:00:00Z,Sidama Coffee,Aiglons FC,3.0,0.0,False
caf.champions,2026-09-13T16:00:00Z,Stade Malien,Colombe Sportiv Du Dja Et Lobo,0.0,0.0,False
caf.confed,2026-09-13T16:00:00Z,CO Korhogo,AS PSI,2.0,0.0,False
caf.confed,2026-09-13T16:00:00Z,UD Internacional,El Kanemi Warriors,1.0,0.0,False
caf.champions,2026-09-13T17:00:00Z,FC Nouadhibou,Vipers SC,0.0,0.0,False
caf.champions,2026-09-13T17:00:00Z,Pyramids FC,Gor Mahia,5.0,1.0,False
caf.champions,2026-09-13T17:00:00Z,Teungueth,Canchungo,1.0,0.0,False
caf.confed,2026-09-13T17:00:00Z,Club Sportif Sfaxien,Shooting Stars SC,2.0,0.0,False
caf.confed,2026-09-16T15:00:00Z,ASPAC,The Panthers FC,2.0,4.0,False
uefa.europa,2026-09-16T16:45:00Z,Ararat-Armenia,Sparta Prague,1.0,4.0,False
uefa.europa,2026-09-16T16:45:00Z,Omonia Nicosia,Celta Vigo,1.0,0.0,False
uefa.europa,2026-09-16T19:00:00Z,AC Milan,Benfica,0.0,2.0,False
uefa.europa,2026-09-16T19:00:00Z,Anderlecht,Lyon,1.0,2.0,False
uefa.europa,2026-09-16T19:00:00Z,Bayer Leverkusen,NK Celje,2.0,0.0,False
uefa.europa,2026-09-16T19:00:00Z,Hapoel Be'er,Dinamo Zagreb,0.0,0.0,False
uefa.europa,2026-09-16T19:00:00Z,Olympiacos,Jagiellonia Bialystok,2.0,1.0,False
uefa.europa,2026-09-16T19:00:00Z,SK Sturm Graz,Stade Rennais,0.0,0.0,False
uefa.europa,2026-09-16T19:00:00Z,Sunderland,AZ Alkmaar,1.0,0.0,False
uefa.europa,2026-09-17T16:45:00Z,Levski Sofia,RB Salzburg,0.0,1.0,False
uefa.europa,2026-09-17T16:45:00Z,OFI Crete,TSG Hoffenheim,2.0,0.0,False
uefa.europa,2026-09-17T19:00:00Z,Besiktas,Marseille,4.0,1.0,False
uefa.europa,2026-09-17T19:00:00Z,Celtic,Ferencvaros,1.0,3.0,False
uefa.europa,2026-09-17T19:00:00Z,Crystal Palace,Lech Poznan,4.0,0.0,False
uefa.europa,2026-09-17T19:00:00Z,Juventus,NEC Nijmegen,5.0,0.0,False
uefa.europa,2026-09-17T19:00:00Z,Lillestrom,Torreense,1.0,2.0,False
uefa.europa,2026-09-17T19:00:00Z,Real Sociedad,AFC Bournemouth,1.0,2.0,False
uefa.europa,2026-09-17T19:00:00Z,Viktoria Plzen,Union St.-Gilloise,0.0,3.0,False
caf.confed,2026-09-19T16:00:00Z,Hafia,Douanes,0.0,1.0,False
caf.champions,2026-10-03T12:00:00Z,Fomboni,15 de Agosto,0.0,1.0,False
